Unity Editor version:    2022.3.62f1 (4af31df58517)
Branch:                  2022.3/staging
Build type:              Release
Batch mode:              YES
System name:             Linux
Distro version:          #78-Ubuntu SMP PREEMPT_DYNAMIC Tue Aug 12 11:34:18 UTC 2025
Kernel version:          6.8.0-78-generic
Architecture:            x86_64
Available memory:        15634 MB
Using pre-set license
Pro License: YES

(Unity:10243): Gtk-CRITICAL **: 15:42:10.316: gtk_window_set_default_icon: assertion 'GDK_IS_PIXBUF (icon)' failed

(Unity:10243): GLib-GObject-CRITICAL **: 15:42:10.316: g_object_unref: assertion 'G_IS_OBJECT (object)' failed
Desktop is 1920 x 1080 @ 60 Hz
Initialize udev device monitor.

COMMAND LINE ARGUMENTS:
Unity
-adb2
-batchMode
-noUpm
-name
AssetImportWorker0
-projectPath
/home/forelone/Documents/Projeler/Clipdown
-logFile
Logs/AssetImportWorker0.log
-srvPort
42497
Successfully changed project path to: /home/forelone/Documents/Projeler/Clipdown
/home/forelone/Documents/Projeler/Clipdown
[UnityMemory] Configuration Parameters - Can be set up in boot.config
    "memorysetup-bucket-allocator-granularity=16"
    "memorysetup-bucket-allocator-bucket-count=8"
    "memorysetup-bucket-allocator-block-size=33554432"
    "memorysetup-bucket-allocator-block-count=8"
    "memorysetup-main-allocator-block-size=16777216"
    "memorysetup-thread-allocator-block-size=16777216"
    "memorysetup-gfx-main-allocator-block-size=16777216"
    "memorysetup-gfx-thread-allocator-block-size=16777216"
    "memorysetup-cache-allocator-block-size=4194304"
    "memorysetup-typetree-allocator-block-size=2097152"
    "memorysetup-profiler-bucket-allocator-granularity=16"
    "memorysetup-profiler-bucket-allocator-bucket-count=8"
    "memorysetup-profiler-bucket-allocator-block-size=33554432"
    "memorysetup-profiler-bucket-allocator-block-count=8"
    "memorysetup-profiler-allocator-block-size=16777216"
    "memorysetup-profiler-editor-allocator-block-size=1048576"
    "memorysetup-temp-allocator-size-main=16777216"
    "memorysetup-job-temp-allocator-block-size=2097152"
    "memorysetup-job-temp-allocator-block-size-background=1048576"
    "memorysetup-job-temp-allocator-reduction-small-platforms=262144"
    "memorysetup-allocator-temp-initial-block-size-main=262144"
    "memorysetup-allocator-temp-initial-block-size-worker=262144"
    "memorysetup-temp-allocator-size-background-worker=32768"
    "memorysetup-temp-allocator-size-job-worker=262144"
    "memorysetup-temp-allocator-size-preload-manager=33554432"
    "memorysetup-temp-allocator-size-nav-mesh-worker=65536"
    "memorysetup-temp-allocator-size-audio-worker=65536"
    "memorysetup-temp-allocator-size-cloud-worker=32768"
    "memorysetup-temp-allocator-size-gi-baking-worker=262144"
    "memorysetup-temp-allocator-size-gfx=262144"
Player connection [137562823451648]  Target information:

Player connection [137562823451648]  * "[IP] 192.168.0.106 [Port] 0 [Flags] 2 [Guid] 916387870 [EditorId] 916387870 [Version] 1048832 [Id] LinuxEditor(16,192.168.0.106) [Debug] 1 [PackageName] LinuxEditor [ProjectName] Editor" 

Player connection [137562823451648] Host joined multi-casting on [225.0.0.222:54997]...
Player connection [137562823451648] Host joined alternative multi-casting on [225.0.0.222:34997]...
Input System module state changed to: Initialized.
[PhysX] Initialized MultithreadedTaskDispatcher with 8 workers.
Refreshing native plugins compatible for Editor in 5,66 ms, found 0 plugins.
Preloading 0 native plugins for Editor in 0,00 ms.
Initialize engine version: 2022.3.62f1 (4af31df58517)
[Subsystems] Discovering subsystems at path /home/forelone/Unity/Hub/Editor/2022.3.62f1/Editor/Data/Resources/UnitySubsystems
[Subsystems] Discovering subsystems at path /home/forelone/Documents/Projeler/Clipdown/Assets
GLX Extensions: GLX_ARB_context_flush_control GLX_ARB_create_context GLX_ARB_create_context_no_error GLX_ARB_create_context_profile GLX_ARB_create_context_robustness GLX_ARB_fbconfig_float GLX_ARB_framebuffer_sRGB GLX_ARB_get_proc_address GLX_ARB_multisample GLX_EXT_buffer_age GLX_EXT_create_context_es2_profile GLX_EXT_create_context_es_profile GLX_EXT_fbconfig_packed_float GLX_EXT_framebuffer_sRGB GLX_EXT_no_config_context GLX_EXT_swap_control GLX_EXT_swap_control_tear GLX_EXT_texture_from_pixmap GLX_EXT_visual_info GLX_EXT_visual_rating GLX_INTEL_swap_event GLX_MESA_copy_sub_buffer GLX_MESA_gl_interop GLX_MESA_query_renderer GLX_MESA_swap_control GLX_OML_sync_control GLX_SGIS_multisample GLX_SGIX_fbconfig GLX_SGIX_pbuffer GLX_SGIX_visual_select_group GLX_SGI_make_current_read GLX_SGI_swap_control GLX_SGI_video_sync 
Renderer: Mesa Intel(R) HD Graphics 630 (KBL GT2)
Vendor:   Intel
Version:  4.6 (Core Profile) Mesa 25.0.7-0ubuntu0.24.04.1
GLES:     0
 GL_3DFX_texture_compression_FXT1 GL_AMD_conservative_depth GL_AMD_depth_clamp_separate GL_AMD_draw_buffers_blend GL_AMD_gpu_shader_int64 GL_AMD_multi_draw_indirect GL_AMD_performance_monitor GL_AMD_pinned_memory GL_AMD_query_buffer_object GL_AMD_seamless_cubemap_per_texture GL_AMD_shader_stencil_export GL_AMD_shader_trinary_minmax GL_AMD_texture_texture4 GL_AMD_vertex_shader_layer GL_AMD_vertex_shader_viewport_index GL_ANGLE_texture_compression_dxt3 GL_ANGLE_texture_compression_dxt5 GL_ARB_ES2_compatibility GL_ARB_ES3_1_compatibility GL_ARB_ES3_2_compatibility GL_ARB_ES3_compatibility GL_ARB_arrays_of_arrays GL_ARB_base_instance GL_ARB_blend_func_extended GL_ARB_buffer_storage GL_ARB_clear_buffer_object GL_ARB_clear_texture GL_ARB_clip_control GL_ARB_compressed_texture_pixel_storage GL_ARB_compute_shader GL_ARB_compute_variable_group_size GL_ARB_conditional_render_inverted GL_ARB_conservative_depth GL_ARB_copy_buffer GL_ARB_copy_image GL_ARB_cull_distance GL_ARB_debug_output GL_ARB_depth_buffer_float GL_ARB
_depth_clamp GL_ARB_derivative_control GL_ARB_direct_state_access GL_ARB_draw_buffers GL_ARB_draw_buffers_blend GL_ARB_draw_elements_base_vertex GL_ARB_draw_indirect GL_ARB_draw_instanced GL_ARB_enhanced_layouts GL_ARB_explicit_attrib_location GL_ARB_explicit_uniform_location GL_ARB_fragment_coord_conventions GL_ARB_fragment_layer_viewport GL_ARB_fragment_shader GL_ARB_fragment_shader_interlock GL_ARB_framebuffer_no_attachments GL_ARB_framebuffer_object GL_ARB_framebuffer_sRGB GL_ARB_get_program_binary GL_ARB_get_texture_sub_image GL_ARB_gl_spirv GL_ARB_gpu_shader5 GL_ARB_gpu_shader_fp64 GL_ARB_gpu_shader_int64 GL_ARB_half_float_pixel GL_ARB_half_float_vertex GL_ARB_indirect_parameters GL_ARB_instanced_arrays GL_ARB_internalformat_query GL_ARB_internalformat_query2 GL_ARB_invalidate_subdata GL_ARB_map_buffer_alignment GL_ARB_map_buffer_range GL_ARB_multi_bind GL_ARB_multi_draw_indirect GL_ARB_occlusion_query2 GL_ARB_parallel_shader_compile GL_ARB_pipeline_statistics_query GL_ARB_pixel_buffer_object GL_ARB_po
int_sprite GL_ARB_polygon_offset_clamp GL_ARB_post_depth_coverage GL_ARB_program_interface_query GL_ARB_provoking_vertex GL_ARB_query_buffer_object GL_ARB_robust_buffer_access_behavior GL_ARB_robustness GL_ARB_sample_shading GL_ARB_sampler_objects GL_ARB_seamless_cube_map GL_ARB_seamless_cubemap_per_texture GL_ARB_separate_shader_objects GL_ARB_shader_atomic_counter_ops GL_ARB_shader_atomic_counters GL_ARB_shader_ballot GL_ARB_shader_bit_encoding GL_ARB_shader_clock GL_ARB_shader_draw_parameters GL_ARB_shader_group_vote GL_ARB_shader_image_load_store GL_ARB_shader_image_size GL_ARB_shader_objects GL_ARB_shader_precision GL_ARB_shader_stencil_export GL_ARB_shader_storage_buffer_object GL_ARB_shader_subroutine GL_ARB_shader_texture_image_samples GL_ARB_shader_texture_lod GL_ARB_shader_viewport_layer_array GL_ARB_shading_language_420pack GL_ARB_shading_language_include GL_ARB_shading_language_packing GL_ARB_spirv_extensions GL_ARB_stencil_texturing GL_ARB_sync GL_ARB_tessellation_shader GL_ARB_texture_barrier G
L_ARB_texture_border_clamp GL_ARB_texture_buffer_object GL_ARB_texture_buffer_object_rgb32 GL_ARB_texture_buffer_range GL_ARB_texture_compression_bptc GL_ARB_texture_compression_rgtc GL_ARB_texture_cube_map_array GL_ARB_texture_filter_anisotropic GL_ARB_texture_float GL_ARB_texture_gather GL_ARB_texture_mirror_clamp_to_edge GL_ARB_texture_multisample GL_ARB_texture_non_power_of_two GL_ARB_texture_query_levels GL_ARB_texture_query_lod GL_ARB_texture_rectangle GL_ARB_texture_rg GL_ARB_texture_rgb10_a2ui GL_ARB_texture_stencil8 GL_ARB_texture_storage GL_ARB_texture_storage_multisample GL_ARB_texture_swizzle GL_ARB_texture_view GL_ARB_timer_query GL_ARB_transform_feedback2 GL_ARB_transform_feedback3 GL_ARB_transform_feedback_instanced GL_ARB_transform_feedback_overflow_query GL_ARB_uniform_buffer_object GL_ARB_vertex_array_bgra GL_ARB_vertex_array_object GL_ARB_vertex_attrib_64bit GL_ARB_vertex_attrib_binding GL_ARB_vertex_buffer_object GL_ARB_vertex_shader GL_ARB_vertex_type_10f_11f_11f_rev GL_ARB_vertex_type_2
_10_10_10_rev GL_ARB_viewport_array GL_ATI_blend_equation_separate GL_ATI_texture_float GL_EXT_EGL_image_storage GL_EXT_EGL_image_storage_compression GL_EXT_EGL_sync GL_EXT_abgr GL_EXT_blend_equation_separate GL_EXT_debug_label GL_EXT_demote_to_helper_invocation GL_EXT_draw_buffers2 GL_EXT_draw_instanced GL_EXT_framebuffer_blit GL_EXT_framebuffer_multisample GL_EXT_framebuffer_multisample_blit_scaled GL_EXT_framebuffer_object GL_EXT_framebuffer_sRGB GL_EXT_memory_object GL_EXT_memory_object_fd GL_EXT_packed_depth_stencil GL_EXT_packed_float GL_EXT_pixel_buffer_object GL_EXT_polygon_offset_clamp GL_EXT_provoking_vertex GL_EXT_semaphore GL_EXT_semaphore_fd GL_EXT_shader_framebuffer_fetch GL_EXT_shader_framebuffer_fetch_non_coherent GL_EXT_shader_integer_mix GL_EXT_shader_samples_identical GL_EXT_texture_array GL_EXT_texture_compression_dxt1 GL_EXT_texture_compression_rgtc GL_EXT_texture_compression_s3tc GL_EXT_texture_filter_anisotropic GL_EXT_texture_integer GL_EXT_texture_sRGB GL_EXT_texture_sRGB_R8 GL_EXT_t
exture_sRGB_decode GL_EXT_texture_shadow_lod GL_EXT_texture_shared_exponent GL_EXT_texture_snorm GL_EXT_texture_storage GL_EXT_texture_swizzle GL_EXT_timer_query GL_EXT_transform_feedback GL_EXT_vertex_array_bgra GL_EXT_vertex_attrib_64bit GL_IBM_multimode_draw_arrays GL_INTEL_blackhole_render GL_INTEL_conservative_rasterization GL_INTEL_performance_query GL_INTEL_shader_atomic_float_minmax GL_INTEL_shader_integer_functions2 GL_KHR_blend_equation_advanced GL_KHR_blend_equation_advanced_coherent GL_KHR_context_flush_control GL_KHR_debug GL_KHR_no_error GL_KHR_parallel_shader_compile GL_KHR_robust_buffer_access_behavior GL_KHR_robustness GL_KHR_texture_compression_astc_ldr GL_KHR_texture_compression_astc_sliced_3d GL_MESA_framebuffer_flip_y GL_MESA_pack_invert GL_MESA_shader_integer_functions GL_MESA_texture_const_bandwidth GL_MESA_texture_signed_rgba GL_NV_alpha_to_coverage_dither_control GL_NV_compute_shader_derivatives GL_NV_conditional_render GL_NV_copy_image GL_NV_depth_clamp GL_NV_fragment_shader_interlo
ck GL_NV_packed_depth_stencil GL_NV_texture_barrier GL_OES_EGL_image GL_S3_s3tc
OPENGL LOG: Creating OpenGL 4.6 graphics device ; Context level  <OpenGL 4.5> ; Context handle -1624912272
Initialize mono
Mono path[0] = '/home/forelone/Unity/Hub/Editor/2022.3.62f1/Editor/Data/Managed'
Mono path[1] = '/home/forelone/Unity/Hub/Editor/2022.3.62f1/Editor/Data/MonoBleedingEdge/lib/mono/unityjit-linux'
Mono config path = '/home/forelone/Unity/Hub/Editor/2022.3.62f1/Editor/Data/MonoBleedingEdge/etc'
Using monoOptions --debugger-agent=transport=dt_socket,embedding=1,server=y,suspend=n,address=127.0.0.1:56243
Begin MonoManager ReloadAssembly
Registering precompiled unity dll's ...
Register platform support module: /home/forelone/Unity/Hub/Editor/2022.3.62f1/Editor/Data/PlaybackEngines/WindowsStandaloneSupport/UnityEditor.WindowsStandalone.Extensions.dll
Register platform support module: /home/forelone/Unity/Hub/Editor/2022.3.62f1/Editor/Data/PlaybackEngines/LinuxStandaloneSupport/UnityEditor.LinuxStandalone.Extensions.dll
Registered in 0,014822 seconds.
- Loaded All Assemblies, in  0,433 seconds
Native extension for LinuxStandalone target not found
Native extension for WindowsStandalone target not found
Mono: successfully reloaded assembly
- Finished resetting the current domain, in  0,396 seconds
Domain Reload Profiling: 828ms
	BeginReloadAssembly (93ms)
		ExecutionOrderSort (0ms)
		DisableScriptedObjects (0ms)
		BackupInstance (0ms)
		ReleaseScriptingObjects (0ms)
		CreateAndSetChildDomain (1ms)
	RebuildCommonClasses (45ms)
	RebuildNativeTypeToScriptingClass (13ms)
	initialDomainReloadingComplete (102ms)
	LoadAllAssembliesAndSetupDomain (180ms)
		LoadAssemblies (92ms)
		RebuildTransferFunctionScriptingTraits (0ms)
		AnalyzeDomain (178ms)
			TypeCache.Refresh (176ms)
				TypeCache.ScanAssembly (156ms)
			ScanForSourceGeneratedMonoScriptInfo (1ms)
			ResolveRequiredComponents (1ms)
	FinalizeReload (396ms)
		ReleaseScriptCaches (0ms)
		RebuildScriptCaches (0ms)
		SetupLoadedEditorAssemblies (322ms)
			LogAssemblyErrors (0ms)
			InitializePlatformSupportModulesInManaged (53ms)
			SetLoadedEditorAssemblies (9ms)
			RefreshPlugins (0ms)
			BeforeProcessingInitializeOnLoad (3ms)
			ProcessInitializeOnLoadAttributes (193ms)
			ProcessInitializeOnLoadMethodAttributes (63ms)
			AfterProcessingInitializeOnLoad (0ms)
			EditorAssembliesLoaded (0ms)
		ExecutionOrderSort2 (0ms)
		AwakeInstancesAfterBackupRestoration (0ms)
========================================================================
Worker process is ready to serve import requests
Caller must complete domain reload
Begin MonoManager ReloadAssembly
- Loaded All Assemblies, in  0,740 seconds
Native extension for LinuxStandalone target not found
Native extension for WindowsStandalone target not found
Mono: successfully reloaded assembly
- Finished resetting the current domain, in  0,728 seconds
Domain Reload Profiling: 1467ms
	BeginReloadAssembly (165ms)
		ExecutionOrderSort (0ms)
		DisableScriptedObjects (6ms)
		BackupInstance (0ms)
		ReleaseScriptingObjects (0ms)
		CreateAndSetChildDomain (34ms)
	RebuildCommonClasses (50ms)
	RebuildNativeTypeToScriptingClass (13ms)
	initialDomainReloadingComplete (58ms)
	LoadAllAssembliesAndSetupDomain (453ms)
		LoadAssemblies (308ms)
		RebuildTransferFunctionScriptingTraits (0ms)
		AnalyzeDomain (225ms)
			TypeCache.Refresh (198ms)
				TypeCache.ScanAssembly (181ms)
			ScanForSourceGeneratedMonoScriptInfo (20ms)
			ResolveRequiredComponents (7ms)
	FinalizeReload (728ms)
		ReleaseScriptCaches (0ms)
		RebuildScriptCaches (0ms)
		SetupLoadedEditorAssemblies (530ms)
			LogAssemblyErrors (0ms)
			InitializePlatformSupportModulesInManaged (58ms)
			SetLoadedEditorAssemblies (6ms)
			RefreshPlugins (0ms)
			BeforeProcessingInitializeOnLoad (71ms)
			ProcessInitializeOnLoadAttributes (354ms)
			ProcessInitializeOnLoadMethodAttributes (34ms)
			AfterProcessingInitializeOnLoad (7ms)
			EditorAssembliesLoaded (0ms)
		ExecutionOrderSort2 (0ms)
		AwakeInstancesAfterBackupRestoration (6ms)
Launched and connected shader compiler UnityShaderCompiler after 0.01 seconds
Refreshing native plugins compatible for Editor in 1.17 ms, found 0 plugins.
Preloading 0 native plugins for Editor in 0.00 ms.
Unloading 3260 Unused Serialized files (Serialized files now loaded: 0)
Unloading 18 unused Assets / (27.1 KB). Loaded Objects now: 3751.
Memory consumption went from 132.6 MB to 132.5 MB.
Total: 5.092649 ms (FindLiveObjects: 0.422804 ms CreateObjectMapping: 0.280952 ms MarkObjects: 4.151710 ms  DeleteObjects: 0.235647 ms)

AssetImportParameters requested are different than current active one (requested -> active):
  custom:container-demuxer-ogg: 62fdf1f143b41e24485cea50d1cbac27 -> 
  custom:video-decoder-ogg-theora: a1e56fd34408186e4bbccfd4996cb3dc -> 
  custom:CustomObjectIndexerAttribute: 232f87dd983dbecb2a4e21e08eb2cef8 -> 
  custom:container-demuxer-webm: 4f35f7cbe854078d1ac9338744f61a02 -> 
  custom:container-muxer-webm: aa71ff27fc2769a1b78a27578f13a17b -> 
  custom:video-decoder-webm-vp8: 9c59270c3fd7afecdb556c50c9e8de78 -> 
  custom:SearchIndexIgnoredProperties: e643bd26f0fe6173181afceb89e7c659 -> 
  custom:AudioImporter_EditorPlatform: 2f0ff77a95e0ac474e3e8eeba4e2f7cb -> 
  custom:video-encoder-webm-vp8: eb34c28f22e8b96e1ab97ce403110664 -> 
  custom:audio-decoder-ogg-vorbis: bf7c407c2cedff20999df2af8eb42d56 -> 
  custom:audio-encoder-webm-vorbis: bf7c407c2cedff20999df2af8eb42d56 -> 
========================================================================
Received Import Request.
  Time since last request: 15557.768946 seconds.
  path: Assets/HandScript.cs
  artifactKey: Guid(620123539bf8b2b379638b7f4558261a) Importer(815301076,1909f56bfc062723c751e8b465ee728b)
Start importing Assets/HandScript.cs using Guid(620123539bf8b2b379638b7f4558261a) Importer(815301076,1909f56bfc062723c751e8b465ee728b) [PhysX] Initialized MultithreadedTaskDispatcher with 8 workers.
 -> (artifact id: 'b8b83bacf4ab4af2ebc26476683572d8') in 0.003930 seconds
Number of updated asset objects reloaded before import = 0
Number of asset objects unloaded after import = 0
========================================================================
Received Import Request.
  Time since last request: 0.000026 seconds.
  path: Assets/BulletScript.cs
  artifactKey: Guid(7c9d6067f8444d02b96f3c077ce4d1d2) Importer(815301076,1909f56bfc062723c751e8b465ee728b)
Start importing Assets/BulletScript.cs using Guid(7c9d6067f8444d02b96f3c077ce4d1d2) Importer(815301076,1909f56bfc062723c751e8b465ee728b) [PhysX] Initialized MultithreadedTaskDispatcher with 8 workers.
 -> (artifact id: '577aae91fc871947ecdb11e8d19a3258') in 0.000404 seconds
Number of updated asset objects reloaded before import = 0
Number of asset objects unloaded after import = 0
========================================================================
Received Import Request.
  Time since last request: 0.000149 seconds.
  path: Assets/Scripts
  artifactKey: Guid(b170da032760317b6aa50ad51bf10eed) Importer(815301076,1909f56bfc062723c751e8b465ee728b)
Start importing Assets/Scripts using Guid(b170da032760317b6aa50ad51bf10eed) Importer(815301076,1909f56bfc062723c751e8b465ee728b) [PhysX] Initialized MultithreadedTaskDispatcher with 8 workers.
 -> (artifact id: '886314b9f1016b0b64debdcc48989185') in 0.000765 seconds
Number of updated asset objects reloaded before import = 0
Number of asset objects unloaded after import = 0
========================================================================
Received Prepare
Caller must complete domain reload
Begin MonoManager ReloadAssembly
- Loaded All Assemblies, in  0.474 seconds
Native extension for LinuxStandalone target not found
Native extension for WindowsStandalone target not found
Mono: successfully reloaded assembly
- Finished resetting the current domain, in  0.945 seconds
Domain Reload Profiling: 1418ms
	BeginReloadAssembly (143ms)
		ExecutionOrderSort (0ms)
		DisableScriptedObjects (7ms)
		BackupInstance (0ms)
		ReleaseScriptingObjects (0ms)
		CreateAndSetChildDomain (42ms)
	RebuildCommonClasses (38ms)
	RebuildNativeTypeToScriptingClass (12ms)
	initialDomainReloadingComplete (36ms)
	LoadAllAssembliesAndSetupDomain (243ms)
		LoadAssemblies (279ms)
		RebuildTransferFunctionScriptingTraits (0ms)
		AnalyzeDomain (25ms)
			TypeCache.Refresh (9ms)
				TypeCache.ScanAssembly (0ms)
			ScanForSourceGeneratedMonoScriptInfo (9ms)
			ResolveRequiredComponents (6ms)
	FinalizeReload (946ms)
		ReleaseScriptCaches (0ms)
		RebuildScriptCaches (0ms)
		SetupLoadedEditorAssemblies (567ms)
			LogAssemblyErrors (0ms)
			InitializePlatformSupportModulesInManaged (44ms)
			SetLoadedEditorAssemblies (7ms)
			RefreshPlugins (0ms)
			BeforeProcessingInitializeOnLoad (97ms)
			ProcessInitializeOnLoadAttributes (383ms)
			ProcessInitializeOnLoadMethodAttributes (30ms)
			AfterProcessingInitializeOnLoad (6ms)
			EditorAssembliesLoaded (0ms)
		ExecutionOrderSort2 (0ms)
		AwakeInstancesAfterBackupRestoration (5ms)
Refreshing native plugins compatible for Editor in 1.11 ms, found 0 plugins.
Preloading 0 native plugins for Editor in 0.00 ms.
Unloading 3252 Unused Serialized files (Serialized files now loaded: 0)
Unloading 14 unused Assets / (28.5 KB). Loaded Objects now: 3755.
Memory consumption went from 131.5 MB to 131.5 MB.
Total: 4.466337 ms (FindLiveObjects: 0.369382 ms CreateObjectMapping: 0.225067 ms MarkObjects: 3.807775 ms  DeleteObjects: 0.063161 ms)

Prepare: number of updated asset objects reloaded= 0
AssetImportParameters requested are different than current active one (requested -> active):
  custom:container-demuxer-ogg: 62fdf1f143b41e24485cea50d1cbac27 -> 
  custom:scripting/monoscript/fileName/HandScript.cs: ab82d9b432b4ff3c2be587dcfc2ef88f -> f6d2d9607a041472806e778f6397f6ff
  custom:scripting/monoscript/fileName/GunScript.cs: 6a8d5652f919b70c5522b0348dc3dc24 -> adaec7589872e88b61019be0f1bdc549
  custom:video-decoder-ogg-theora: a1e56fd34408186e4bbccfd4996cb3dc -> 
  custom:scripting/monoscript/fileName/BulletScript.cs: 13477a3b0c98cca55096ea1dcfe934dc -> d888d721bde78eacda1c314a50a2cf74
  custom:CustomObjectIndexerAttribute: 232f87dd983dbecb2a4e21e08eb2cef8 -> 
  custom:container-demuxer-webm: 4f35f7cbe854078d1ac9338744f61a02 -> 
  custom:scripting/monoscript/fileName/ClipScript.cs: d454b9a64ca33d8936f1fee1d0b94333 -> a47e0092d1d896ccc176e69669d3233d
  custom:container-muxer-webm: aa71ff27fc2769a1b78a27578f13a17b -> 
  custom:video-decoder-webm-vp8: 9c59270c3fd7afecdb556c50c9e8de78 -> 
  custom:scripting/monoscript/fileName/MovementScript.cs: 0602eb1700489a3ab9cb01ec15ee773a -> 9a1daee93d0a505568922467e5a5e2e0
  custom:SearchIndexIgnoredProperties: e643bd26f0fe6173181afceb89e7c659 -> 
  custom:AudioImporter_EditorPlatform: 2f0ff77a95e0ac474e3e8eeba4e2f7cb -> 
  custom:video-encoder-webm-vp8: eb34c28f22e8b96e1ab97ce403110664 -> 
  custom:audio-decoder-ogg-vorbis: bf7c407c2cedff20999df2af8eb42d56 -> 
  custom:scripting/monoscript/fileName/Item.cs: c2b7fc65fe255f985743270ca947d8ec -> edfd25bbe8f561e55c7415f9c3adacfe
  custom:audio-encoder-webm-vorbis: bf7c407c2cedff20999df2af8eb42d56 -> 
  custom:scripting/precompiled-assembly-types:Assembly-CSharp: be7cd846428441ed6c71065bcd346447 -> 14f21d8c89919019ed129879e7927412
========================================================================
Received Import Request.
  Time since last request: 54.162851 seconds.
  path: Assets/New Folder
  artifactKey: Guid(a4881541bed872cae95559f5e87936f6) Importer(815301076,1909f56bfc062723c751e8b465ee728b)
Start importing Assets/New Folder using Guid(a4881541bed872cae95559f5e87936f6) Importer(815301076,1909f56bfc062723c751e8b465ee728b) [PhysX] Initialized MultithreadedTaskDispatcher with 8 workers.
 -> (artifact id: '2fe07fb658453b77e7d1a93fbdac8ff7') in 0.002039 seconds
Number of updated asset objects reloaded before import = 0
Number of asset objects unloaded after import = 0
========================================================================
Received Import Request.
  Time since last request: 69.374085 seconds.
  path: Assets/Models
  artifactKey: Guid(a4881541bed872cae95559f5e87936f6) Importer(815301076,1909f56bfc062723c751e8b465ee728b)
Start importing Assets/Models using Guid(a4881541bed872cae95559f5e87936f6) Importer(815301076,1909f56bfc062723c751e8b465ee728b) [PhysX] Initialized MultithreadedTaskDispatcher with 8 workers.
 -> (artifact id: '9b236ec21af326bba27489336f2d08c6') in 0.000498 seconds
Number of updated asset objects reloaded before import = 0
Number of asset objects unloaded after import = 0
========================================================================
Received Import Request.
  Time since last request: 6.753863 seconds.
  path: Assets/Sounds
  artifactKey: Guid(eee10b6c3b528c81789480407cd3f273) Importer(815301076,1909f56bfc062723c751e8b465ee728b)
Start importing Assets/Sounds using Guid(eee10b6c3b528c81789480407cd3f273) Importer(815301076,1909f56bfc062723c751e8b465ee728b) [PhysX] Initialized MultithreadedTaskDispatcher with 8 workers.
 -> (artifact id: '05efe2d520ea87e25c93b91d30943a68') in 0.000615 seconds
Number of updated asset objects reloaded before import = 0
Number of asset objects unloaded after import = 0
========================================================================
Received Import Request.
  Time since last request: 917.857768 seconds.
  path: Assets/Models/CityPack
  artifactKey: Guid(57687a5f49c058e719c7b89161977849) Importer(815301076,1909f56bfc062723c751e8b465ee728b)
Start importing Assets/Models/CityPack using Guid(57687a5f49c058e719c7b89161977849) Importer(815301076,1909f56bfc062723c751e8b465ee728b) [PhysX] Initialized MultithreadedTaskDispatcher with 8 workers.
 -> (artifact id: '0b314febd46e5d055eaf5669c86b1bd7') in 0.001647 seconds
Number of updated asset objects reloaded before import = 0
Number of asset objects unloaded after import = 0
========================================================================
Received Import Request.
  Time since last request: 0.606137 seconds.
  path: Assets/Models/CityPack/KayKit_City_Builder_Bits_1.0_FREE
  artifactKey: Guid(dd1dadd5e579d6b069f024941e082a6e) Importer(815301076,1909f56bfc062723c751e8b465ee728b)
Start importing Assets/Models/CityPack/KayKit_City_Builder_Bits_1.0_FREE using Guid(dd1dadd5e579d6b069f024941e082a6e) Importer(815301076,1909f56bfc062723c751e8b465ee728b) [PhysX] Initialized MultithreadedTaskDispatcher with 8 workers.
 -> (artifact id: '014366072eb5c4cd74125b9b6a7588d7') in 0.000945 seconds
Number of updated asset objects reloaded before import = 0
Number of asset objects unloaded after import = 0
========================================================================
Received Import Request.
  Time since last request: 0.053482 seconds.
  path: Assets/Models/CityPack/KayKit_City_Builder_Bits_1.0_FREE/contents.png
  artifactKey: Guid(94981712cd62ac2e48ccf6be3621499b) Importer(815301076,1909f56bfc062723c751e8b465ee728b)
Start importing Assets/Models/CityPack/KayKit_City_Builder_Bits_1.0_FREE/contents.png using Guid(94981712cd62ac2e48ccf6be3621499b) Importer(815301076,1909f56bfc062723c751e8b465ee728b) [PhysX] Initialized MultithreadedTaskDispatcher with 8 workers.
[PhysX] Initialized MultithreadedTaskDispatcher with 8 workers.
 -> (artifact id: 'eed83e369c41afc3ff7ea3b53b7b3be3') in 0.065369 seconds
Number of updated asset objects reloaded before import = 0
Number of asset objects unloaded after import = 2
========================================================================
Received Import Request.
  Time since last request: 1.012358 seconds.
  path: Assets/Models/CityPack/KayKit_City_Builder_Bits_1.0_FREE/Assets
  artifactKey: Guid(1d1fd7d674c4dca07b8cea35bafe9f1a) Importer(815301076,1909f56bfc062723c751e8b465ee728b)
Start importing Assets/Models/CityPack/KayKit_City_Builder_Bits_1.0_FREE/Assets using Guid(1d1fd7d674c4dca07b8cea35bafe9f1a) Importer(815301076,1909f56bfc062723c751e8b465ee728b) [PhysX] Initialized MultithreadedTaskDispatcher with 8 workers.
 -> (artifact id: 'c27d46d477bb1c01b53acd70d754700b') in 0.000996 seconds
Number of updated asset objects reloaded before import = 0
Number of asset objects unloaded after import = 0
========================================================================
Received Import Request.
  Time since last request: 5.903721 seconds.
  path: Assets/Models/CityPack/KayKit_City_Builder_Bits_1.0_FREE/Assets/fbx
  artifactKey: Guid(c3178832e7ea743419d39866c1203680) Importer(815301076,1909f56bfc062723c751e8b465ee728b)
Start importing Assets/Models/CityPack/KayKit_City_Builder_Bits_1.0_FREE/Assets/fbx using Guid(c3178832e7ea743419d39866c1203680) Importer(815301076,1909f56bfc062723c751e8b465ee728b) [PhysX] Initialized MultithreadedTaskDispatcher with 8 workers.
 -> (artifact id: '0ccac9dc7aa82327b0af30106b1ca50e') in 0.002137 seconds
Number of updated asset objects reloaded before import = 0
Number of asset objects unloaded after import = 0
========================================================================
Received Import Request.
  Time since last request: 0.052452 seconds.
  path: Assets/Models/CityPack/KayKit_City_Builder_Bits_1.0_FREE/Assets/fbx/base.fbx
  artifactKey: Guid(2e712bcd1b47ed7f8aeacab144f0de5b) Importer(815301076,1909f56bfc062723c751e8b465ee728b)
Start importing Assets/Models/CityPack/KayKit_City_Builder_Bits_1.0_FREE/Assets/fbx/base.fbx using Guid(2e712bcd1b47ed7f8aeacab144f0de5b) Importer(815301076,1909f56bfc062723c751e8b465ee728b) [PhysX] Initialized MultithreadedTaskDispatcher with 8 workers.
[PhysX] Initialized MultithreadedTaskDispatcher with 8 workers.
[PhysX] Initialized MultithreadedTaskDispatcher with 8 workers.
[PhysX] Initialized MultithreadedTaskDispatcher with 8 workers.
 -> (artifact id: '51322263763fda1f408812cc7d7acbd5') in 0.153016 seconds
Number of updated asset objects reloaded before import = 0
Number of asset objects unloaded after import = 9
========================================================================
Received Import Request.
  Time since last request: 0.000032 seconds.
  path: Assets/Models/CityPack/KayKit_City_Builder_Bits_1.0_FREE/Assets/fbx/building_G.fbx
  artifactKey: Guid(b84d812c360fc0312afb03a37497b4d5) Importer(815301076,1909f56bfc062723c751e8b465ee728b)
Start importing Assets/Models/CityPack/KayKit_City_Builder_Bits_1.0_FREE/Assets/fbx/building_G.fbx using Guid(b84d812c360fc0312afb03a37497b4d5) Importer(815301076,1909f56bfc062723c751e8b465ee728b) [PhysX] Initialized MultithreadedTaskDispatcher with 8 workers.
[PhysX] Initialized MultithreadedTaskDispatcher with 8 workers.
[PhysX] Initialized MultithreadedTaskDispatcher with 8 workers.
[PhysX] Initialized MultithreadedTaskDispatcher with 8 workers.
 -> (artifact id: '9969ffc940cfbda1992a41ed3a2204c8') in 0.027308 seconds
Number of updated asset objects reloaded before import = 0
Number of asset objects unloaded after import = 9
========================================================================
Received Import Request.
  Time since last request: 0.000028 seconds.
  path: Assets/Models/CityPack/KayKit_City_Builder_Bits_1.0_FREE/Assets/fbx/building_B_withoutBase.fbx
  artifactKey: Guid(918dc5b4d730118a6b751ee1013a7df8) Importer(815301076,1909f56bfc062723c751e8b465ee728b)
Start importing Assets/Models/CityPack/KayKit_City_Builder_Bits_1.0_FREE/Assets/fbx/building_B_withoutBase.fbx using Guid(918dc5b4d730118a6b751ee1013a7df8) Importer(815301076,1909f56bfc062723c751e8b465ee728b) [PhysX] Initialized MultithreadedTaskDispatcher with 8 workers.
[PhysX] Initialized MultithreadedTaskDispatcher with 8 workers.
[PhysX] Initialized MultithreadedTaskDispatcher with 8 workers.
[PhysX] Initialized MultithreadedTaskDispatcher with 8 workers.
 -> (artifact id: 'd8eb162b6a6f3e3a372b576c062e9a35') in 0.017584 seconds
Number of updated asset objects reloaded before import = 0
Number of asset objects unloaded after import = 9
========================================================================
Received Import Request.
  Time since last request: 0.000023 seconds.
  path: Assets/Models/CityPack/KayKit_City_Builder_Bits_1.0_FREE/Assets/fbx/car_taxi.fbx
  artifactKey: Guid(4c7203f692e46582fa8e9e0c0069afbc) Importer(815301076,1909f56bfc062723c751e8b465ee728b)
Start importing Assets/Models/CityPack/KayKit_City_Builder_Bits_1.0_FREE/Assets/fbx/car_taxi.fbx using Guid(4c7203f692e46582fa8e9e0c0069afbc) Importer(815301076,1909f56bfc062723c751e8b465ee728b) [PhysX] Initialized MultithreadedTaskDispatcher with 8 workers.
[PhysX] Initialized MultithreadedTaskDispatcher with 8 workers.
[PhysX] Initialized MultithreadedTaskDispatcher with 8 workers.
[PhysX] Initialized MultithreadedTaskDispatcher with 8 workers.
[PhysX] Initialized MultithreadedTaskDispatcher with 8 workers.
[PhysX] Initialized MultithreadedTaskDispatcher with 8 workers.
[PhysX] Initialized MultithreadedTaskDispatcher with 8 workers.
[PhysX] Initialized MultithreadedTaskDispatcher with 8 workers.
[PhysX] Initialized MultithreadedTaskDispatcher with 8 workers.
[PhysX] Initialized MultithreadedTaskDispatcher with 8 workers.
[PhysX] Initialized MultithreadedTaskDispatcher with 8 workers.
[PhysX] Initialized MultithreadedTaskDispatcher with 8 workers.
 -> (artifact id: '2fdbbdd50a38c55572707a46547507c2') in 0.064836 seconds
Number of updated asset objects reloaded before import = 0
Number of asset objects unloaded after import = 29
========================================================================
Received Import Request.
  Time since last request: 0.000018 seconds.
  path: Assets/Models/CityPack/KayKit_City_Builder_Bits_1.0_FREE/Assets/fbx/road_corner_curved.fbx
  artifactKey: Guid(7efc36ed588d2ddba80811afe8135a89) Importer(815301076,1909f56bfc062723c751e8b465ee728b)
Start importing Assets/Models/CityPack/KayKit_City_Builder_Bits_1.0_FREE/Assets/fbx/road_corner_curved.fbx using Guid(7efc36ed588d2ddba80811afe8135a89) Importer(815301076,1909f56bfc062723c751e8b465ee728b) [PhysX] Initialized MultithreadedTaskDispatcher with 8 workers.
[PhysX] Initialized MultithreadedTaskDispatcher with 8 workers.
[PhysX] Initialized MultithreadedTaskDispatcher with 8 workers.
[PhysX] Initialized MultithreadedTaskDispatcher with 8 workers.
 -> (artifact id: '7019390e5e350c5d6d7febdfbd50003c') in 0.016078 seconds
Number of updated asset objects reloaded before import = 0
Number of asset objects unloaded after import = 9
========================================================================
Received Import Request.
  Time since last request: 0.000020 seconds.
  path: Assets/Models/CityPack/KayKit_City_Builder_Bits_1.0_FREE/Assets/fbx/building_H_withoutBase.fbx
  artifactKey: Guid(587e387922f5fdad59a21486a33ea417) Importer(815301076,1909f56bfc062723c751e8b465ee728b)
Start importing Assets/Models/CityPack/KayKit_City_Builder_Bits_1.0_FREE/Assets/fbx/building_H_withoutBase.fbx using Guid(587e387922f5fdad59a21486a33ea417) Importer(815301076,1909f56bfc062723c751e8b465ee728b) [PhysX] Initialized MultithreadedTaskDispatcher with 8 workers.
[PhysX] Initialized MultithreadedTaskDispatcher with 8 workers.
[PhysX] Initialized MultithreadedTaskDispatcher with 8 workers.
[PhysX] Initialized MultithreadedTaskDispatcher with 8 workers.
 -> (artifact id: 'c6c986e38c57ec9d5c127b1b65dcab33') in 0.020947 seconds
Number of updated asset objects reloaded before import = 0
Number of asset objects unloaded after import = 9
========================================================================
Received Import Request.
  Time since last request: 0.000021 seconds.
  path: Assets/Models/CityPack/KayKit_City_Builder_Bits_1.0_FREE/Assets/fbx/building_F_withoutBase.fbx
  artifactKey: Guid(af15eee72596f8aa8b890ddae3d257ec) Importer(815301076,1909f56bfc062723c751e8b465ee728b)
Start importing Assets/Models/CityPack/KayKit_City_Builder_Bits_1.0_FREE/Assets/fbx/building_F_withoutBase.fbx using Guid(af15eee72596f8aa8b890ddae3d257ec) Importer(815301076,1909f56bfc062723c751e8b465ee728b) [PhysX] Initialized MultithreadedTaskDispatcher with 8 workers.
[PhysX] Initialized MultithreadedTaskDispatcher with 8 workers.
[PhysX] Initialized MultithreadedTaskDispatcher with 8 workers.
[PhysX] Initialized MultithreadedTaskDispatcher with 8 workers.
 -> (artifact id: '01f810d12b7b3178a15df3a89f2601df') in 0.021146 seconds
Number of updated asset objects reloaded before import = 0
Number of asset objects unloaded after import = 9
========================================================================
Received Import Request.
  Time since last request: 0.000026 seconds.
  path: Assets/Models/CityPack/KayKit_City_Builder_Bits_1.0_FREE/Assets/fbx/car_hatchback.fbx
  artifactKey: Guid(8a3cafb8ff2cfdd8a988a2e5eb22f900) Importer(815301076,1909f56bfc062723c751e8b465ee728b)
Start importing Assets/Models/CityPack/KayKit_City_Builder_Bits_1.0_FREE/Assets/fbx/car_hatchback.fbx using Guid(8a3cafb8ff2cfdd8a988a2e5eb22f900) Importer(815301076,1909f56bfc062723c751e8b465ee728b) [PhysX] Initialized MultithreadedTaskDispatcher with 8 workers.
[PhysX] Initialized MultithreadedTaskDispatcher with 8 workers.
[PhysX] Initialized MultithreadedTaskDispatcher with 8 workers.
[PhysX] Initialized MultithreadedTaskDispatcher with 8 workers.
[PhysX] Initialized MultithreadedTaskDispatcher with 8 workers.
[PhysX] Initialized MultithreadedTaskDispatcher with 8 workers.
[PhysX] Initialized MultithreadedTaskDispatcher with 8 workers.
[PhysX] Initialized MultithreadedTaskDispatcher with 8 workers.
[PhysX] Initialized MultithreadedTaskDispatcher with 8 workers.
[PhysX] Initialized MultithreadedTaskDispatcher with 8 workers.
[PhysX] Initialized MultithreadedTaskDispatcher with 8 workers.
[PhysX] Initialized MultithreadedTaskDispatcher with 8 workers.
 -> (artifact id: '0e9d367836665caa2145b6d229d6d1cf') in 0.061055 seconds
Number of updated asset objects reloaded before import = 0
Number of asset objects unloaded after import = 29
========================================================================
Received Import Request.
  Time since last request: 0.000025 seconds.
  path: Assets/Models/CityPack/KayKit_City_Builder_Bits_1.0_FREE/Assets/fbx/building_A.fbx
  artifactKey: Guid(e248cd6d9968ee4c9a9e15495983ed0a) Importer(815301076,1909f56bfc062723c751e8b465ee728b)
Start importing Assets/Models/CityPack/KayKit_City_Builder_Bits_1.0_FREE/Assets/fbx/building_A.fbx using Guid(e248cd6d9968ee4c9a9e15495983ed0a) Importer(815301076,1909f56bfc062723c751e8b465ee728b) [PhysX] Initialized MultithreadedTaskDispatcher with 8 workers.
[PhysX] Initialized MultithreadedTaskDispatcher with 8 workers.
[PhysX] Initialized MultithreadedTaskDispatcher with 8 workers.
[PhysX] Initialized MultithreadedTaskDispatcher with 8 workers.
 -> (artifact id: '5e6459e33181bd9824c8c55f8466ddca') in 0.017428 seconds
Number of updated asset objects reloaded before import = 0
Number of asset objects unloaded after import = 9
========================================================================
Received Import Request.
  Time since last request: 0.000033 seconds.
  path: Assets/Models/CityPack/KayKit_City_Builder_Bits_1.0_FREE/Assets/fbx/streetlight.fbx
  artifactKey: Guid(11db6bc77c9c4af2e888e4ab0233fb6e) Importer(815301076,1909f56bfc062723c751e8b465ee728b)
Start importing Assets/Models/CityPack/KayKit_City_Builder_Bits_1.0_FREE/Assets/fbx/streetlight.fbx using Guid(11db6bc77c9c4af2e888e4ab0233fb6e) Importer(815301076,1909f56bfc062723c751e8b465ee728b) [PhysX] Initialized MultithreadedTaskDispatcher with 8 workers.
[PhysX] Initialized MultithreadedTaskDispatcher with 8 workers.
[PhysX] Initialized MultithreadedTaskDispatcher with 8 workers.
[PhysX] Initialized MultithreadedTaskDispatcher with 8 workers.
 -> (artifact id: '0396c9c744dcdf6b39e668d81106cf67') in 0.016953 seconds
Number of updated asset objects reloaded before import = 0
Number of asset objects unloaded after import = 9
========================================================================
Received Import Request.
  Time since last request: 0.000020 seconds.
  path: Assets/Models/CityPack/KayKit_City_Builder_Bits_1.0_FREE/Assets/fbx/road_tsplit.fbx
  artifactKey: Guid(32826f09a7ae214c68b012d96a1302d5) Importer(815301076,1909f56bfc062723c751e8b465ee728b)
Start importing Assets/Models/CityPack/KayKit_City_Builder_Bits_1.0_FREE/Assets/fbx/road_tsplit.fbx using Guid(32826f09a7ae214c68b012d96a1302d5) Importer(815301076,1909f56bfc062723c751e8b465ee728b) [PhysX] Initialized MultithreadedTaskDispatcher with 8 workers.
[PhysX] Initialized MultithreadedTaskDispatcher with 8 workers.
[PhysX] Initialized MultithreadedTaskDispatcher with 8 workers.
[PhysX] Initialized MultithreadedTaskDispatcher with 8 workers.
 -> (artifact id: '51db9679f950a9d365e5e1072ed452cc') in 0.024282 seconds
Number of updated asset objects reloaded before import = 0
Number of asset objects unloaded after import = 9
========================================================================
Received Import Request.
  Time since last request: 0.000019 seconds.
  path: Assets/Models/CityPack/KayKit_City_Builder_Bits_1.0_FREE/Assets/fbx/road_junction.fbx
  artifactKey: Guid(a89c97850f42443728fe72509a78fb4b) Importer(815301076,1909f56bfc062723c751e8b465ee728b)
Start importing Assets/Models/CityPack/KayKit_City_Builder_Bits_1.0_FREE/Assets/fbx/road_junction.fbx using Guid(a89c97850f42443728fe72509a78fb4b) Importer(815301076,1909f56bfc062723c751e8b465ee728b) [PhysX] Initialized MultithreadedTaskDispatcher with 8 workers.
[PhysX] Initialized MultithreadedTaskDispatcher with 8 workers.
[PhysX] Initialized MultithreadedTaskDispatcher with 8 workers.
[PhysX] Initialized MultithreadedTaskDispatcher with 8 workers.
 -> (artifact id: 'a8c1380df7be78e54b1750b970ecef39') in 0.018561 seconds
Number of updated asset objects reloaded before import = 0
Number of asset objects unloaded after import = 9
========================================================================
Received Import Request.
  Time since last request: 0.000024 seconds.
  path: Assets/Models/CityPack/KayKit_City_Builder_Bits_1.0_FREE/Assets/fbx/dumpster.fbx
  artifactKey: Guid(d1c1d0edfca913c50a016e85931f10de) Importer(815301076,1909f56bfc062723c751e8b465ee728b)
Start importing Assets/Models/CityPack/KayKit_City_Builder_Bits_1.0_FREE/Assets/fbx/dumpster.fbx using Guid(d1c1d0edfca913c50a016e85931f10de) Importer(815301076,1909f56bfc062723c751e8b465ee728b) [PhysX] Initialized MultithreadedTaskDispatcher with 8 workers.
[PhysX] Initialized MultithreadedTaskDispatcher with 8 workers.
[PhysX] Initialized MultithreadedTaskDispatcher with 8 workers.
[PhysX] Initialized MultithreadedTaskDispatcher with 8 workers.
 -> (artifact id: '97ee813595e341a600989bb9ac9379b8') in 0.019402 seconds
Number of updated asset objects reloaded before import = 0
Number of asset objects unloaded after import = 9
========================================================================
Received Import Request.
  Time since last request: 0.000026 seconds.
  path: Assets/Models/CityPack/KayKit_City_Builder_Bits_1.0_FREE/Assets/fbx/building_E.fbx
  artifactKey: Guid(eda6d34d7e52b817d8baa5a9c520ad20) Importer(815301076,1909f56bfc062723c751e8b465ee728b)
Start importing Assets/Models/CityPack/KayKit_City_Builder_Bits_1.0_FREE/Assets/fbx/building_E.fbx using Guid(eda6d34d7e52b817d8baa5a9c520ad20) Importer(815301076,1909f56bfc062723c751e8b465ee728b) [PhysX] Initialized MultithreadedTaskDispatcher with 8 workers.
[PhysX] Initialized MultithreadedTaskDispatcher with 8 workers.
[PhysX] Initialized MultithreadedTaskDispatcher with 8 workers.
[PhysX] Initialized MultithreadedTaskDispatcher with 8 workers.
 -> (artifact id: '442547005561e4cfd7e69c0ef2744977') in 0.020066 seconds
Number of updated asset objects reloaded before import = 0
Number of asset objects unloaded after import = 9
========================================================================
Received Import Request.
  Time since last request: 0.000032 seconds.
  path: Assets/Models/CityPack/KayKit_City_Builder_Bits_1.0_FREE/Assets/fbx/building_E_withoutBase.fbx
  artifactKey: Guid(343fe8d380d420516aa8b4a511ba1588) Importer(815301076,1909f56bfc062723c751e8b465ee728b)
Start importing Assets/Models/CityPack/KayKit_City_Builder_Bits_1.0_FREE/Assets/fbx/building_E_withoutBase.fbx using Guid(343fe8d380d420516aa8b4a511ba1588) Importer(815301076,1909f56bfc062723c751e8b465ee728b) [PhysX] Initialized MultithreadedTaskDispatcher with 8 workers.
[PhysX] Initialized MultithreadedTaskDispatcher with 8 workers.
[PhysX] Initialized MultithreadedTaskDispatcher with 8 workers.
[PhysX] Initialized MultithreadedTaskDispatcher with 8 workers.
 -> (artifact id: '230eac7a8601d3f09b05b587746e3740') in 0.020441 seconds
Number of updated asset objects reloaded before import = 0
Number of asset objects unloaded after import = 9
========================================================================
Received Import Request.
  Time since last request: 0.000128 seconds.
  path: Assets/Models/CityPack/KayKit_City_Builder_Bits_1.0_FREE/Assets/fbx/trafficlight_C.fbx
  artifactKey: Guid(cd208b017d8ef27799e38b86ef5a8afa) Importer(815301076,1909f56bfc062723c751e8b465ee728b)
Start importing Assets/Models/CityPack/KayKit_City_Builder_Bits_1.0_FREE/Assets/fbx/trafficlight_C.fbx using Guid(cd208b017d8ef27799e38b86ef5a8afa) Importer(815301076,1909f56bfc062723c751e8b465ee728b) [PhysX] Initialized MultithreadedTaskDispatcher with 8 workers.
[PhysX] Initialized MultithreadedTaskDispatcher with 8 workers.
[PhysX] Initialized MultithreadedTaskDispatcher with 8 workers.
[PhysX] Initialized MultithreadedTaskDispatcher with 8 workers.
 -> (artifact id: '9dee73e0ec99463ec62639ac917dfb5b') in 0.022047 seconds
Number of updated asset objects reloaded before import = 0
Number of asset objects unloaded after import = 9
========================================================================
Received Import Request.
  Time since last request: 0.000026 seconds.
  path: Assets/Models/CityPack/KayKit_City_Builder_Bits_1.0_FREE/Assets/fbx/road_straight.fbx
  artifactKey: Guid(d2d3c122a3efd2072865e4a4d2214820) Importer(815301076,1909f56bfc062723c751e8b465ee728b)
Start importing Assets/Models/CityPack/KayKit_City_Builder_Bits_1.0_FREE/Assets/fbx/road_straight.fbx using Guid(d2d3c122a3efd2072865e4a4d2214820) Importer(815301076,1909f56bfc062723c751e8b465ee728b) [PhysX] Initialized MultithreadedTaskDispatcher with 8 workers.
[PhysX] Initialized MultithreadedTaskDispatcher with 8 workers.
[PhysX] Initialized MultithreadedTaskDispatcher with 8 workers.
[PhysX] Initialized MultithreadedTaskDispatcher with 8 workers.
 -> (artifact id: '511266809474d7019a751b7f01ab41e9') in 0.019418 seconds
Number of updated asset objects reloaded before import = 0
Number of asset objects unloaded after import = 9
========================================================================
Received Import Request.
  Time since last request: 0.000022 seconds.
  path: Assets/Models/CityPack/KayKit_City_Builder_Bits_1.0_FREE/Assets/fbx/road_corner.fbx
  artifactKey: Guid(3a0b17d807e51296ebb3f5ebe38879ed) Importer(815301076,1909f56bfc062723c751e8b465ee728b)
Start importing Assets/Models/CityPack/KayKit_City_Builder_Bits_1.0_FREE/Assets/fbx/road_corner.fbx using Guid(3a0b17d807e51296ebb3f5ebe38879ed) Importer(815301076,1909f56bfc062723c751e8b465ee728b) [PhysX] Initialized MultithreadedTaskDispatcher with 8 workers.
[PhysX] Initialized MultithreadedTaskDispatcher with 8 workers.
[PhysX] Initialized MultithreadedTaskDispatcher with 8 workers.
[PhysX] Initialized MultithreadedTaskDispatcher with 8 workers.
 -> (artifact id: 'b2292886dd529405aeaede4ee6b722fa') in 0.016101 seconds
Number of updated asset objects reloaded before import = 0
Number of asset objects unloaded after import = 9
========================================================================
Received Import Request.
  Time since last request: 0.000092 seconds.
  path: Assets/Models/CityPack/KayKit_City_Builder_Bits_1.0_FREE/Assets/fbx/bush.fbx
  artifactKey: Guid(95d9d79fb1beb79d3a56d08bb62187e9) Importer(815301076,1909f56bfc062723c751e8b465ee728b)
Start importing Assets/Models/CityPack/KayKit_City_Builder_Bits_1.0_FREE/Assets/fbx/bush.fbx using Guid(95d9d79fb1beb79d3a56d08bb62187e9) Importer(815301076,1909f56bfc062723c751e8b465ee728b) [PhysX] Initialized MultithreadedTaskDispatcher with 8 workers.
[PhysX] Initialized MultithreadedTaskDispatcher with 8 workers.
[PhysX] Initialized MultithreadedTaskDispatcher with 8 workers.
[PhysX] Initialized MultithreadedTaskDispatcher with 8 workers.
 -> (artifact id: 'c8c7bbeca8093b72bbe4ea4adba89a59') in 0.019710 seconds
Number of updated asset objects reloaded before import = 0
Number of asset objects unloaded after import = 9
========================================================================
Received Import Request.
  Time since last request: 0.000027 seconds.
  path: Assets/Models/CityPack/KayKit_City_Builder_Bits_1.0_FREE/Assets/fbx/car_stationwagon.fbx
  artifactKey: Guid(9d42ef5fe453b8e18b436f95c8e1ceb6) Importer(815301076,1909f56bfc062723c751e8b465ee728b)
Start importing Assets/Models/CityPack/KayKit_City_Builder_Bits_1.0_FREE/Assets/fbx/car_stationwagon.fbx using Guid(9d42ef5fe453b8e18b436f95c8e1ceb6) Importer(815301076,1909f56bfc062723c751e8b465ee728b) [PhysX] Initialized MultithreadedTaskDispatcher with 8 workers.
[PhysX] Initialized MultithreadedTaskDispatcher with 8 workers.
[PhysX] Initialized MultithreadedTaskDispatcher with 8 workers.
[PhysX] Initialized MultithreadedTaskDispatcher with 8 workers.
[PhysX] Initialized MultithreadedTaskDispatcher with 8 workers.
[PhysX] Initialized MultithreadedTaskDispatcher with 8 workers.
[PhysX] Initialized MultithreadedTaskDispatcher with 8 workers.
[PhysX] Initialized MultithreadedTaskDispatcher with 8 workers.
[PhysX] Initialized MultithreadedTaskDispatcher with 8 workers.
[PhysX] Initialized MultithreadedTaskDispatcher with 8 workers.
[PhysX] Initialized MultithreadedTaskDispatcher with 8 workers.
[PhysX] Initialized MultithreadedTaskDispatcher with 8 workers.
 -> (artifact id: '1951decda3d332f825a276a55fc0ee89') in 0.069405 seconds
Number of updated asset objects reloaded before import = 0
Number of asset objects unloaded after import = 29
========================================================================
Received Import Request.
  Time since last request: 1.173170 seconds.
  path: Assets/Models/CityPack/KayKit_City_Builder_Bits_1.0_FREE/Assets/fbx (unity)
  artifactKey: Guid(db392086d94f84610b420093ee2b3692) Importer(815301076,1909f56bfc062723c751e8b465ee728b)
Start importing Assets/Models/CityPack/KayKit_City_Builder_Bits_1.0_FREE/Assets/fbx (unity) using Guid(db392086d94f84610b420093ee2b3692) Importer(815301076,1909f56bfc062723c751e8b465ee728b) [PhysX] Initialized MultithreadedTaskDispatcher with 8 workers.
 -> (artifact id: 'd5d57bb49f19d4ca5fd84ea00d0d8eb0') in 0.001299 seconds
Number of updated asset objects reloaded before import = 0
Number of asset objects unloaded after import = 0
========================================================================
Received Import Request.
  Time since last request: 0.045450 seconds.
  path: Assets/Models/CityPack/KayKit_City_Builder_Bits_1.0_FREE/Assets/fbx (unity)/base.fbx
  artifactKey: Guid(40350855539ad3406ac242c3e8d14e80) Importer(815301076,1909f56bfc062723c751e8b465ee728b)
Start importing Assets/Models/CityPack/KayKit_City_Builder_Bits_1.0_FREE/Assets/fbx (unity)/base.fbx using Guid(40350855539ad3406ac242c3e8d14e80) Importer(815301076,1909f56bfc062723c751e8b465ee728b) [PhysX] Initialized MultithreadedTaskDispatcher with 8 workers.
[PhysX] Initialized MultithreadedTaskDispatcher with 8 workers.
[PhysX] Initialized MultithreadedTaskDispatcher with 8 workers.
[PhysX] Initialized MultithreadedTaskDispatcher with 8 workers.
 -> (artifact id: '9f4938d0f8c8957d2a8fc9cc1197e681') in 0.017324 seconds
Number of updated asset objects reloaded before import = 0
Number of asset objects unloaded after import = 9
========================================================================
Received Import Request.
  Time since last request: 0.000026 seconds.
  path: Assets/Models/CityPack/KayKit_City_Builder_Bits_1.0_FREE/Assets/fbx (unity)/building_G.fbx
  artifactKey: Guid(ab61baea7196ea47db9e8b212b7d5d16) Importer(815301076,1909f56bfc062723c751e8b465ee728b)
Start importing Assets/Models/CityPack/KayKit_City_Builder_Bits_1.0_FREE/Assets/fbx (unity)/building_G.fbx using Guid(ab61baea7196ea47db9e8b212b7d5d16) Importer(815301076,1909f56bfc062723c751e8b465ee728b) [PhysX] Initialized MultithreadedTaskDispatcher with 8 workers.
[PhysX] Initialized MultithreadedTaskDispatcher with 8 workers.
[PhysX] Initialized MultithreadedTaskDispatcher with 8 workers.
[PhysX] Initialized MultithreadedTaskDispatcher with 8 workers.
 -> (artifact id: '134c752c61a59677bd0887bc3b3827b1') in 0.018143 seconds
Number of updated asset objects reloaded before import = 0
Number of asset objects unloaded after import = 9
========================================================================
Received Import Request.
  Time since last request: 0.000018 seconds.
  path: Assets/Models/CityPack/KayKit_City_Builder_Bits_1.0_FREE/Assets/fbx (unity)/car_sedan.fbx
  artifactKey: Guid(64fd62f6357da3713a7a249d1019326f) Importer(815301076,1909f56bfc062723c751e8b465ee728b)
Start importing Assets/Models/CityPack/KayKit_City_Builder_Bits_1.0_FREE/Assets/fbx (unity)/car_sedan.fbx using Guid(64fd62f6357da3713a7a249d1019326f) Importer(815301076,1909f56bfc062723c751e8b465ee728b) [PhysX] Initialized MultithreadedTaskDispatcher with 8 workers.
[PhysX] Initialized MultithreadedTaskDispatcher with 8 workers.
[PhysX] Initialized MultithreadedTaskDispatcher with 8 workers.
[PhysX] Initialized MultithreadedTaskDispatcher with 8 workers.
[PhysX] Initialized MultithreadedTaskDispatcher with 8 workers.
[PhysX] Initialized MultithreadedTaskDispatcher with 8 workers.
[PhysX] Initialized MultithreadedTaskDispatcher with 8 workers.
[PhysX] Initialized MultithreadedTaskDispatcher with 8 workers.
[PhysX] Initialized MultithreadedTaskDispatcher with 8 workers.
[PhysX] Initialized MultithreadedTaskDispatcher with 8 workers.
[PhysX] Initialized MultithreadedTaskDispatcher with 8 workers.
[PhysX] Initialized MultithreadedTaskDispatcher with 8 workers.
 -> (artifact id: '736c015db3b70ea52d14bb8a180f6118') in 0.061552 seconds
Number of updated asset objects reloaded before import = 0
Number of asset objects unloaded after import = 29
========================================================================
Received Import Request.
  Time since last request: 0.000024 seconds.
  path: Assets/Models/CityPack/KayKit_City_Builder_Bits_1.0_FREE/Assets/fbx (unity)/car_stationwagon.fbx
  artifactKey: Guid(c6cb6afa48667ee648da252a65b83184) Importer(815301076,1909f56bfc062723c751e8b465ee728b)
Start importing Assets/Models/CityPack/KayKit_City_Builder_Bits_1.0_FREE/Assets/fbx (unity)/car_stationwagon.fbx using Guid(c6cb6afa48667ee648da252a65b83184) Importer(815301076,1909f56bfc062723c751e8b465ee728b) [PhysX] Initialized MultithreadedTaskDispatcher with 8 workers.
[PhysX] Initialized MultithreadedTaskDispatcher with 8 workers.
[PhysX] Initialized MultithreadedTaskDispatcher with 8 workers.
[PhysX] Initialized MultithreadedTaskDispatcher with 8 workers.
[PhysX] Initialized MultithreadedTaskDispatcher with 8 workers.
[PhysX] Initialized MultithreadedTaskDispatcher with 8 workers.
[PhysX] Initialized MultithreadedTaskDispatcher with 8 workers.
[PhysX] Initialized MultithreadedTaskDispatcher with 8 workers.
[PhysX] Initialized MultithreadedTaskDispatcher with 8 workers.
[PhysX] Initialized MultithreadedTaskDispatcher with 8 workers.
[PhysX] Initialized MultithreadedTaskDispatcher with 8 workers.
[PhysX] Initialized MultithreadedTaskDispatcher with 8 workers.
 -> (artifact id: '4a3947e20b6ca3ba6b839d87aa776f1d') in 0.066678 seconds
Number of updated asset objects reloaded before import = 0
Number of asset objects unloaded after import = 29
========================================================================
Received Import Request.
  Time since last request: 0.000023 seconds.
  path: Assets/Models/CityPack/KayKit_City_Builder_Bits_1.0_FREE/Assets/fbx (unity)/dumpster.fbx
  artifactKey: Guid(00d4b271f71b70d3d8962ef07d0d7451) Importer(815301076,1909f56bfc062723c751e8b465ee728b)
Start importing Assets/Models/CityPack/KayKit_City_Builder_Bits_1.0_FREE/Assets/fbx (unity)/dumpster.fbx using Guid(00d4b271f71b70d3d8962ef07d0d7451) Importer(815301076,1909f56bfc062723c751e8b465ee728b) [PhysX] Initialized MultithreadedTaskDispatcher with 8 workers.
[PhysX] Initialized MultithreadedTaskDispatcher with 8 workers.
[PhysX] Initialized MultithreadedTaskDispatcher with 8 workers.
[PhysX] Initialized MultithreadedTaskDispatcher with 8 workers.
 -> (artifact id: 'b9cad09ce1cd8c1b4b2cdac3dec7e379') in 0.014812 seconds
Number of updated asset objects reloaded before import = 0
Number of asset objects unloaded after import = 9
========================================================================
Received Import Request.
  Time since last request: 0.000025 seconds.
  path: Assets/Models/CityPack/KayKit_City_Builder_Bits_1.0_FREE/Assets/fbx (unity)/building_H.fbx
  artifactKey: Guid(4277605ffdd0d948ea2b1c72983f6f27) Importer(815301076,1909f56bfc062723c751e8b465ee728b)
Start importing Assets/Models/CityPack/KayKit_City_Builder_Bits_1.0_FREE/Assets/fbx (unity)/building_H.fbx using Guid(4277605ffdd0d948ea2b1c72983f6f27) Importer(815301076,1909f56bfc062723c751e8b465ee728b) [PhysX] Initialized MultithreadedTaskDispatcher with 8 workers.
[PhysX] Initialized MultithreadedTaskDispatcher with 8 workers.
[PhysX] Initialized MultithreadedTaskDispatcher with 8 workers.
[PhysX] Initialized MultithreadedTaskDispatcher with 8 workers.
 -> (artifact id: '9eac704d144eee47e3dcd9ca8b07fc9f') in 0.023557 seconds
Number of updated asset objects reloaded before import = 0
Number of asset objects unloaded after import = 9
========================================================================
Received Import Request.
  Time since last request: 0.000025 seconds.
  path: Assets/Models/CityPack/KayKit_City_Builder_Bits_1.0_FREE/Assets/fbx (unity)/building_A_withoutBase.fbx
  artifactKey: Guid(9bb416a29f90dfed19fba53ee003c147) Importer(815301076,1909f56bfc062723c751e8b465ee728b)
Start importing Assets/Models/CityPack/KayKit_City_Builder_Bits_1.0_FREE/Assets/fbx (unity)/building_A_withoutBase.fbx using Guid(9bb416a29f90dfed19fba53ee003c147) Importer(815301076,1909f56bfc062723c751e8b465ee728b) [PhysX] Initialized MultithreadedTaskDispatcher with 8 workers.
[PhysX] Initialized MultithreadedTaskDispatcher with 8 workers.
[PhysX] Initialized MultithreadedTaskDispatcher with 8 workers.
[PhysX] Initialized MultithreadedTaskDispatcher with 8 workers.
 -> (artifact id: '37ecbe6d8641ba7f06fd8ec33b41eae7') in 0.017399 seconds
Number of updated asset objects reloaded before import = 0
Number of asset objects unloaded after import = 9
========================================================================
Received Import Request.
  Time since last request: 0.000038 seconds.
  path: Assets/Models/CityPack/KayKit_City_Builder_Bits_1.0_FREE/Assets/fbx (unity)/building_B.fbx
  artifactKey: Guid(7b180045f08f48269b1601455b7b911c) Importer(815301076,1909f56bfc062723c751e8b465ee728b)
Start importing Assets/Models/CityPack/KayKit_City_Builder_Bits_1.0_FREE/Assets/fbx (unity)/building_B.fbx using Guid(7b180045f08f48269b1601455b7b911c) Importer(815301076,1909f56bfc062723c751e8b465ee728b) [PhysX] Initialized MultithreadedTaskDispatcher with 8 workers.
[PhysX] Initialized MultithreadedTaskDispatcher with 8 workers.
[PhysX] Initialized MultithreadedTaskDispatcher with 8 workers.
[PhysX] Initialized MultithreadedTaskDispatcher with 8 workers.
 -> (artifact id: 'bece096b076602e5131cdb84e46106fc') in 0.018341 seconds
Number of updated asset objects reloaded before import = 0
Number of asset objects unloaded after import = 9
========================================================================
Received Import Request.
  Time since last request: 0.000019 seconds.
  path: Assets/Models/CityPack/KayKit_City_Builder_Bits_1.0_FREE/Assets/fbx (unity)/building_E.fbx
  artifactKey: Guid(f5a132a3320608366930430baaac5a95) Importer(815301076,1909f56bfc062723c751e8b465ee728b)
Start importing Assets/Models/CityPack/KayKit_City_Builder_Bits_1.0_FREE/Assets/fbx (unity)/building_E.fbx using Guid(f5a132a3320608366930430baaac5a95) Importer(815301076,1909f56bfc062723c751e8b465ee728b) [PhysX] Initialized MultithreadedTaskDispatcher with 8 workers.
[PhysX] Initialized MultithreadedTaskDispatcher with 8 workers.
[PhysX] Initialized MultithreadedTaskDispatcher with 8 workers.
[PhysX] Initialized MultithreadedTaskDispatcher with 8 workers.
 -> (artifact id: '033e012dcc61bb8d5474295f4c2d9bb8') in 0.021752 seconds
Number of updated asset objects reloaded before import = 0
Number of asset objects unloaded after import = 9
========================================================================
Received Import Request.
  Time since last request: 0.000062 seconds.
  path: Assets/Models/CityPack/KayKit_City_Builder_Bits_1.0_FREE/Assets/fbx (unity)/car_police.fbx
  artifactKey: Guid(3863c781091e86f339c565c792b27169) Importer(815301076,1909f56bfc062723c751e8b465ee728b)
Start importing Assets/Models/CityPack/KayKit_City_Builder_Bits_1.0_FREE/Assets/fbx (unity)/car_police.fbx using Guid(3863c781091e86f339c565c792b27169) Importer(815301076,1909f56bfc062723c751e8b465ee728b) [PhysX] Initialized MultithreadedTaskDispatcher with 8 workers.
[PhysX] Initialized MultithreadedTaskDispatcher with 8 workers.
[PhysX] Initialized MultithreadedTaskDispatcher with 8 workers.
[PhysX] Initialized MultithreadedTaskDispatcher with 8 workers.
[PhysX] Initialized MultithreadedTaskDispatcher with 8 workers.
[PhysX] Initialized MultithreadedTaskDispatcher with 8 workers.
[PhysX] Initialized MultithreadedTaskDispatcher with 8 workers.
[PhysX] Initialized MultithreadedTaskDispatcher with 8 workers.
[PhysX] Initialized MultithreadedTaskDispatcher with 8 workers.
[PhysX] Initialized MultithreadedTaskDispatcher with 8 workers.
[PhysX] Initialized MultithreadedTaskDispatcher with 8 workers.
[PhysX] Initialized MultithreadedTaskDispatcher with 8 workers.
 -> (artifact id: '2ccbd3f2870173a5ebb5178fc16f401f') in 0.062337 seconds
Number of updated asset objects reloaded before import = 0
Number of asset objects unloaded after import = 29
========================================================================
Received Import Request.
  Time since last request: 0.000019 seconds.
  path: Assets/Models/CityPack/KayKit_City_Builder_Bits_1.0_FREE/Assets/fbx (unity)/trafficlight_C.fbx
  artifactKey: Guid(7283d79ff916b6938a4a18abc3ddb5f6) Importer(815301076,1909f56bfc062723c751e8b465ee728b)
Start importing Assets/Models/CityPack/KayKit_City_Builder_Bits_1.0_FREE/Assets/fbx (unity)/trafficlight_C.fbx using Guid(7283d79ff916b6938a4a18abc3ddb5f6) Importer(815301076,1909f56bfc062723c751e8b465ee728b) [PhysX] Initialized MultithreadedTaskDispatcher with 8 workers.
[PhysX] Initialized MultithreadedTaskDispatcher with 8 workers.
[PhysX] Initialized MultithreadedTaskDispatcher with 8 workers.
[PhysX] Initialized MultithreadedTaskDispatcher with 8 workers.
 -> (artifact id: '5e3d6999f29e6d1ed80000501941136c') in 0.024253 seconds
Number of updated asset objects reloaded before import = 0
Number of asset objects unloaded after import = 9
========================================================================
Received Import Request.
  Time since last request: 0.000028 seconds.
  path: Assets/Models/CityPack/KayKit_City_Builder_Bits_1.0_FREE/Assets/fbx (unity)/streetlight.fbx
  artifactKey: Guid(9a95041355eeebe22902079f90452994) Importer(815301076,1909f56bfc062723c751e8b465ee728b)
Start importing Assets/Models/CityPack/KayKit_City_Builder_Bits_1.0_FREE/Assets/fbx (unity)/streetlight.fbx using Guid(9a95041355eeebe22902079f90452994) Importer(815301076,1909f56bfc062723c751e8b465ee728b) [PhysX] Initialized MultithreadedTaskDispatcher with 8 workers.
[PhysX] Initialized MultithreadedTaskDispatcher with 8 workers.
[PhysX] Initialized MultithreadedTaskDispatcher with 8 workers.
[PhysX] Initialized MultithreadedTaskDispatcher with 8 workers.
 -> (artifact id: '372f6ea632178f56813d9d78e988f93e') in 0.022449 seconds
Number of updated asset objects reloaded before import = 0
Number of asset objects unloaded after import = 9
========================================================================
Received Import Request.
  Time since last request: 0.000022 seconds.
  path: Assets/Models/CityPack/KayKit_City_Builder_Bits_1.0_FREE/Assets/fbx (unity)/firehydrant.fbx
  artifactKey: Guid(23cd9485d0215c85990b17448611b9f6) Importer(815301076,1909f56bfc062723c751e8b465ee728b)
Start importing Assets/Models/CityPack/KayKit_City_Builder_Bits_1.0_FREE/Assets/fbx (unity)/firehydrant.fbx using Guid(23cd9485d0215c85990b17448611b9f6) Importer(815301076,1909f56bfc062723c751e8b465ee728b) [PhysX] Initialized MultithreadedTaskDispatcher with 8 workers.
[PhysX] Initialized MultithreadedTaskDispatcher with 8 workers.
[PhysX] Initialized MultithreadedTaskDispatcher with 8 workers.
[PhysX] Initialized MultithreadedTaskDispatcher with 8 workers.
 -> (artifact id: '305c378e5d0edc711e4497e1cccc8cb2') in 0.015547 seconds
Number of updated asset objects reloaded before import = 0
Number of asset objects unloaded after import = 9
========================================================================
Received Import Request.
  Time since last request: 0.000017 seconds.
  path: Assets/Models/CityPack/KayKit_City_Builder_Bits_1.0_FREE/Assets/fbx (unity)/trash_A.fbx
  artifactKey: Guid(0fc67ff780d92fd1abad5eaa72046eb1) Importer(815301076,1909f56bfc062723c751e8b465ee728b)
Start importing Assets/Models/CityPack/KayKit_City_Builder_Bits_1.0_FREE/Assets/fbx (unity)/trash_A.fbx using Guid(0fc67ff780d92fd1abad5eaa72046eb1) Importer(815301076,1909f56bfc062723c751e8b465ee728b) [PhysX] Initialized MultithreadedTaskDispatcher with 8 workers.
[PhysX] Initialized MultithreadedTaskDispatcher with 8 workers.
[PhysX] Initialized MultithreadedTaskDispatcher with 8 workers.
[PhysX] Initialized MultithreadedTaskDispatcher with 8 workers.
 -> (artifact id: '66bf578399f33d500fb5a2c4851a1520') in 0.021316 seconds
Number of updated asset objects reloaded before import = 0
Number of asset objects unloaded after import = 9
========================================================================
Received Import Request.
  Time since last request: 0.000027 seconds.
  path: Assets/Models/CityPack/KayKit_City_Builder_Bits_1.0_FREE/Assets/fbx (unity)/building_F_withoutBase.fbx
  artifactKey: Guid(2236d89ddcdd1345186f6c15a72fd8c1) Importer(815301076,1909f56bfc062723c751e8b465ee728b)
Start importing Assets/Models/CityPack/KayKit_City_Builder_Bits_1.0_FREE/Assets/fbx (unity)/building_F_withoutBase.fbx using Guid(2236d89ddcdd1345186f6c15a72fd8c1) Importer(815301076,1909f56bfc062723c751e8b465ee728b) [PhysX] Initialized MultithreadedTaskDispatcher with 8 workers.
[PhysX] Initialized MultithreadedTaskDispatcher with 8 workers.
[PhysX] Initialized MultithreadedTaskDispatcher with 8 workers.
[PhysX] Initialized MultithreadedTaskDispatcher with 8 workers.
 -> (artifact id: '0b7e1fcae08f267c08035f22bce25b99') in 0.028294 seconds
Number of updated asset objects reloaded before import = 0
Number of asset objects unloaded after import = 9
========================================================================
Received Import Request.
  Time since last request: 0.000031 seconds.
  path: Assets/Models/CityPack/KayKit_City_Builder_Bits_1.0_FREE/Assets/fbx (unity)/building_D_withoutBase.fbx
  artifactKey: Guid(89a7622efbf77026d806568fd1f400be) Importer(815301076,1909f56bfc062723c751e8b465ee728b)
Start importing Assets/Models/CityPack/KayKit_City_Builder_Bits_1.0_FREE/Assets/fbx (unity)/building_D_withoutBase.fbx using Guid(89a7622efbf77026d806568fd1f400be) Importer(815301076,1909f56bfc062723c751e8b465ee728b) [PhysX] Initialized MultithreadedTaskDispatcher with 8 workers.
[PhysX] Initialized MultithreadedTaskDispatcher with 8 workers.
[PhysX] Initialized MultithreadedTaskDispatcher with 8 workers.
[PhysX] Initialized MultithreadedTaskDispatcher with 8 workers.
 -> (artifact id: 'fb599fa22ef869e9dad9167982e54aa0') in 0.016269 seconds
Number of updated asset objects reloaded before import = 0
Number of asset objects unloaded after import = 9
========================================================================
Received Import Request.
  Time since last request: 0.000029 seconds.
  path: Assets/Models/CityPack/KayKit_City_Builder_Bits_1.0_FREE/Assets/fbx (unity)/trafficlight_A.fbx
  artifactKey: Guid(381cc2a75d44933a094953bd3e1acd00) Importer(815301076,1909f56bfc062723c751e8b465ee728b)
Start importing Assets/Models/CityPack/KayKit_City_Builder_Bits_1.0_FREE/Assets/fbx (unity)/trafficlight_A.fbx using Guid(381cc2a75d44933a094953bd3e1acd00) Importer(815301076,1909f56bfc062723c751e8b465ee728b) [PhysX] Initialized MultithreadedTaskDispatcher with 8 workers.
[PhysX] Initialized MultithreadedTaskDispatcher with 8 workers.
[PhysX] Initialized MultithreadedTaskDispatcher with 8 workers.
[PhysX] Initialized MultithreadedTaskDispatcher with 8 workers.
 -> (artifact id: '16ad4f276c13653d1ceb9dce07702274') in 0.018124 seconds
Number of updated asset objects reloaded before import = 0
Number of asset objects unloaded after import = 9
========================================================================
Received Import Request.
  Time since last request: 0.000023 seconds.
  path: Assets/Models/CityPack/KayKit_City_Builder_Bits_1.0_FREE/Assets/fbx (unity)/citybits_texture.png
  artifactKey: Guid(eb77f76d268e5450a98d31ca16f04ca3) Importer(815301076,1909f56bfc062723c751e8b465ee728b)
Start importing Assets/Models/CityPack/KayKit_City_Builder_Bits_1.0_FREE/Assets/fbx (unity)/citybits_texture.png using Guid(eb77f76d268e5450a98d31ca16f04ca3) Importer(815301076,1909f56bfc062723c751e8b465ee728b) [PhysX] Initialized MultithreadedTaskDispatcher with 8 workers.
[PhysX] Initialized MultithreadedTaskDispatcher with 8 workers.
 -> (artifact id: '91d8703f115ac6030951ac6a43f2b81d') in 0.006589 seconds
Number of updated asset objects reloaded before import = 0
Number of asset objects unloaded after import = 2
========================================================================
Received Import Request.
  Time since last request: 0.000019 seconds.
  path: Assets/Models/CityPack/KayKit_City_Builder_Bits_1.0_FREE/Assets/fbx (unity)/road_corner_curved.fbx
  artifactKey: Guid(f47392124be93ee25bede5c347b5003a) Importer(815301076,1909f56bfc062723c751e8b465ee728b)
Start importing Assets/Models/CityPack/KayKit_City_Builder_Bits_1.0_FREE/Assets/fbx (unity)/road_corner_curved.fbx using Guid(f47392124be93ee25bede5c347b5003a) Importer(815301076,1909f56bfc062723c751e8b465ee728b) [PhysX] Initialized MultithreadedTaskDispatcher with 8 workers.
[PhysX] Initialized MultithreadedTaskDispatcher with 8 workers.
[PhysX] Initialized MultithreadedTaskDispatcher with 8 workers.
[PhysX] Initialized MultithreadedTaskDispatcher with 8 workers.
 -> (artifact id: '775e0a8118ac7a7816d68c9f84e6a91e') in 0.019834 seconds
Number of updated asset objects reloaded before import = 0
Number of asset objects unloaded after import = 9
========================================================================
Received Import Request.
  Time since last request: 228.940728 seconds.
  path: Assets/Models/CityPack/KayKit_City_Builder_Bits_1.0_FREE/Assets/fbx (unity)/road_corner_curved.fbx
  artifactKey: Guid(f47392124be93ee25bede5c347b5003a) Importer(815301076,1909f56bfc062723c751e8b465ee728b)
Start importing Assets/Models/CityPack/KayKit_City_Builder_Bits_1.0_FREE/Assets/fbx (unity)/road_corner_curved.fbx using Guid(f47392124be93ee25bede5c347b5003a) Importer(815301076,1909f56bfc062723c751e8b465ee728b) [PhysX] Initialized MultithreadedTaskDispatcher with 8 workers.
[PhysX] Initialized MultithreadedTaskDispatcher with 8 workers.
[PhysX] Initialized MultithreadedTaskDispatcher with 8 workers.
[PhysX] Initialized MultithreadedTaskDispatcher with 8 workers.
 -> (artifact id: 'a5ee6f039db872cc2c212665082f2d7c') in 0.012678 seconds
Number of updated asset objects reloaded before import = 0
Number of asset objects unloaded after import = 9
========================================================================
Received Import Request.
  Time since last request: 0.043607 seconds.
  path: Assets/Models/CityPack/KayKit_City_Builder_Bits_1.0_FREE/Assets/fbx (unity)/base.fbx
  artifactKey: Guid(40350855539ad3406ac242c3e8d14e80) Importer(815301076,1909f56bfc062723c751e8b465ee728b)
Start importing Assets/Models/CityPack/KayKit_City_Builder_Bits_1.0_FREE/Assets/fbx (unity)/base.fbx using Guid(40350855539ad3406ac242c3e8d14e80) Importer(815301076,1909f56bfc062723c751e8b465ee728b) [PhysX] Initialized MultithreadedTaskDispatcher with 8 workers.
[PhysX] Initialized MultithreadedTaskDispatcher with 8 workers.
[PhysX] Initialized MultithreadedTaskDispatcher with 8 workers.
[PhysX] Initialized MultithreadedTaskDispatcher with 8 workers.
 -> (artifact id: '89fec1acabddbf8ce6ad1413415673e3') in 0.019556 seconds
Number of updated asset objects reloaded before import = 0
Number of asset objects unloaded after import = 9
========================================================================
Received Import Request.
  Time since last request: 0.000020 seconds.
  path: Assets/Models/CityPack/KayKit_City_Builder_Bits_1.0_FREE/Assets/fbx (unity)/building_G.fbx
  artifactKey: Guid(ab61baea7196ea47db9e8b212b7d5d16) Importer(815301076,1909f56bfc062723c751e8b465ee728b)
Start importing Assets/Models/CityPack/KayKit_City_Builder_Bits_1.0_FREE/Assets/fbx (unity)/building_G.fbx using Guid(ab61baea7196ea47db9e8b212b7d5d16) Importer(815301076,1909f56bfc062723c751e8b465ee728b) [PhysX] Initialized MultithreadedTaskDispatcher with 8 workers.
[PhysX] Initialized MultithreadedTaskDispatcher with 8 workers.
[PhysX] Initialized MultithreadedTaskDispatcher with 8 workers.
[PhysX] Initialized MultithreadedTaskDispatcher with 8 workers.
 -> (artifact id: '3e590d88a639460e51d0c1a9bd6fa9c2') in 0.019280 seconds
Number of updated asset objects reloaded before import = 0
Number of asset objects unloaded after import = 9
========================================================================
Received Import Request.
  Time since last request: 0.000037 seconds.
  path: Assets/Models/CityPack/KayKit_City_Builder_Bits_1.0_FREE/Assets/fbx (unity)/car_sedan.fbx
  artifactKey: Guid(64fd62f6357da3713a7a249d1019326f) Importer(815301076,1909f56bfc062723c751e8b465ee728b)
Start importing Assets/Models/CityPack/KayKit_City_Builder_Bits_1.0_FREE/Assets/fbx (unity)/car_sedan.fbx using Guid(64fd62f6357da3713a7a249d1019326f) Importer(815301076,1909f56bfc062723c751e8b465ee728b) [PhysX] Initialized MultithreadedTaskDispatcher with 8 workers.
[PhysX] Initialized MultithreadedTaskDispatcher with 8 workers.
[PhysX] Initialized MultithreadedTaskDispatcher with 8 workers.
[PhysX] Initialized MultithreadedTaskDispatcher with 8 workers.
[PhysX] Initialized MultithreadedTaskDispatcher with 8 workers.
[PhysX] Initialized MultithreadedTaskDispatcher with 8 workers.
[PhysX] Initialized MultithreadedTaskDispatcher with 8 workers.
[PhysX] Initialized MultithreadedTaskDispatcher with 8 workers.
[PhysX] Initialized MultithreadedTaskDispatcher with 8 workers.
[PhysX] Initialized MultithreadedTaskDispatcher with 8 workers.
[PhysX] Initialized MultithreadedTaskDispatcher with 8 workers.
[PhysX] Initialized MultithreadedTaskDispatcher with 8 workers.
 -> (artifact id: 'f1cc8ee5bf3148fde503950eb0991ed9') in 0.057212 seconds
Number of updated asset objects reloaded before import = 0
Number of asset objects unloaded after import = 29
========================================================================
Received Import Request.
  Time since last request: 0.000028 seconds.
  path: Assets/Models/CityPack/KayKit_City_Builder_Bits_1.0_FREE/Assets/fbx (unity)/building_G_withoutBase.fbx
  artifactKey: Guid(4f30d3795d62cd092b0ccf54837eb5a8) Importer(815301076,1909f56bfc062723c751e8b465ee728b)
Start importing Assets/Models/CityPack/KayKit_City_Builder_Bits_1.0_FREE/Assets/fbx (unity)/building_G_withoutBase.fbx using Guid(4f30d3795d62cd092b0ccf54837eb5a8) Importer(815301076,1909f56bfc062723c751e8b465ee728b) [PhysX] Initialized MultithreadedTaskDispatcher with 8 workers.
[PhysX] Initialized MultithreadedTaskDispatcher with 8 workers.
[PhysX] Initialized MultithreadedTaskDispatcher with 8 workers.
[PhysX] Initialized MultithreadedTaskDispatcher with 8 workers.
 -> (artifact id: '6c44840b0a284566121f46988fd45778') in 0.017994 seconds
Number of updated asset objects reloaded before import = 0
Number of asset objects unloaded after import = 9
========================================================================
Received Import Request.
  Time since last request: 0.000031 seconds.
  path: Assets/Models/CityPack/KayKit_City_Builder_Bits_1.0_FREE/Assets/fbx (unity)/building_H_withoutBase.fbx
  artifactKey: Guid(4a51f84bf150018d1be8862fec147c73) Importer(815301076,1909f56bfc062723c751e8b465ee728b)
Start importing Assets/Models/CityPack/KayKit_City_Builder_Bits_1.0_FREE/Assets/fbx (unity)/building_H_withoutBase.fbx using Guid(4a51f84bf150018d1be8862fec147c73) Importer(815301076,1909f56bfc062723c751e8b465ee728b) [PhysX] Initialized MultithreadedTaskDispatcher with 8 workers.
[PhysX] Initialized MultithreadedTaskDispatcher with 8 workers.
[PhysX] Initialized MultithreadedTaskDispatcher with 8 workers.
[PhysX] Initialized MultithreadedTaskDispatcher with 8 workers.
 -> (artifact id: 'dca8418709dab780f036cd42b722fa12') in 0.018046 seconds
Number of updated asset objects reloaded before import = 0
Number of asset objects unloaded after import = 9
========================================================================
Received Import Request.
  Time since last request: 0.000024 seconds.
  path: Assets/Models/CityPack/KayKit_City_Builder_Bits_1.0_FREE/Assets/fbx (unity)/road_straight.fbx
  artifactKey: Guid(e1004b583e2787189b0560162f5c541f) Importer(815301076,1909f56bfc062723c751e8b465ee728b)
Start importing Assets/Models/CityPack/KayKit_City_Builder_Bits_1.0_FREE/Assets/fbx (unity)/road_straight.fbx using Guid(e1004b583e2787189b0560162f5c541f) Importer(815301076,1909f56bfc062723c751e8b465ee728b) [PhysX] Initialized MultithreadedTaskDispatcher with 8 workers.
[PhysX] Initialized MultithreadedTaskDispatcher with 8 workers.
[PhysX] Initialized MultithreadedTaskDispatcher with 8 workers.
[PhysX] Initialized MultithreadedTaskDispatcher with 8 workers.
 -> (artifact id: '427c0a6c9662b1ac4c08d8daf2b3d650') in 0.021519 seconds
Number of updated asset objects reloaded before import = 0
Number of asset objects unloaded after import = 9
========================================================================
Received Import Request.
  Time since last request: 0.000021 seconds.
  path: Assets/Models/CityPack/KayKit_City_Builder_Bits_1.0_FREE/Assets/fbx (unity)/building_E_withoutBase.fbx
  artifactKey: Guid(322d67b7614279b1188bbab0483dc2c7) Importer(815301076,1909f56bfc062723c751e8b465ee728b)
Start importing Assets/Models/CityPack/KayKit_City_Builder_Bits_1.0_FREE/Assets/fbx (unity)/building_E_withoutBase.fbx using Guid(322d67b7614279b1188bbab0483dc2c7) Importer(815301076,1909f56bfc062723c751e8b465ee728b) [PhysX] Initialized MultithreadedTaskDispatcher with 8 workers.
[PhysX] Initialized MultithreadedTaskDispatcher with 8 workers.
[PhysX] Initialized MultithreadedTaskDispatcher with 8 workers.
[PhysX] Initialized MultithreadedTaskDispatcher with 8 workers.
 -> (artifact id: 'd4778632e4b32d4db8f921c36016477f') in 0.016765 seconds
Number of updated asset objects reloaded before import = 0
Number of asset objects unloaded after import = 9
========================================================================
Received Import Request.
  Time since last request: 0.000026 seconds.
  path: Assets/Models/CityPack/KayKit_City_Builder_Bits_1.0_FREE/Assets/fbx (unity)/dumpster.fbx
  artifactKey: Guid(00d4b271f71b70d3d8962ef07d0d7451) Importer(815301076,1909f56bfc062723c751e8b465ee728b)
Start importing Assets/Models/CityPack/KayKit_City_Builder_Bits_1.0_FREE/Assets/fbx (unity)/dumpster.fbx using Guid(00d4b271f71b70d3d8962ef07d0d7451) Importer(815301076,1909f56bfc062723c751e8b465ee728b) [PhysX] Initialized MultithreadedTaskDispatcher with 8 workers.
[PhysX] Initialized MultithreadedTaskDispatcher with 8 workers.
[PhysX] Initialized MultithreadedTaskDispatcher with 8 workers.
[PhysX] Initialized MultithreadedTaskDispatcher with 8 workers.
 -> (artifact id: 'ff574194b6a79697e2b3174a69fb5255') in 0.014412 seconds
Number of updated asset objects reloaded before import = 0
Number of asset objects unloaded after import = 9
========================================================================
Received Import Request.
  Time since last request: 0.000019 seconds.
  path: Assets/Models/CityPack/KayKit_City_Builder_Bits_1.0_FREE/Assets/fbx (unity)/building_H.fbx
  artifactKey: Guid(4277605ffdd0d948ea2b1c72983f6f27) Importer(815301076,1909f56bfc062723c751e8b465ee728b)
Start importing Assets/Models/CityPack/KayKit_City_Builder_Bits_1.0_FREE/Assets/fbx (unity)/building_H.fbx using Guid(4277605ffdd0d948ea2b1c72983f6f27) Importer(815301076,1909f56bfc062723c751e8b465ee728b) [PhysX] Initialized MultithreadedTaskDispatcher with 8 workers.
[PhysX] Initialized MultithreadedTaskDispatcher with 8 workers.
[PhysX] Initialized MultithreadedTaskDispatcher with 8 workers.
[PhysX] Initialized MultithreadedTaskDispatcher with 8 workers.
 -> (artifact id: 'acee090bfa29c08749364a544cfa7b4d') in 0.029210 seconds
Number of updated asset objects reloaded before import = 0
Number of asset objects unloaded after import = 9
========================================================================
Received Import Request.
  Time since last request: 0.000020 seconds.
  path: Assets/Models/CityPack/KayKit_City_Builder_Bits_1.0_FREE/Assets/fbx (unity)/building_A_withoutBase.fbx
  artifactKey: Guid(9bb416a29f90dfed19fba53ee003c147) Importer(815301076,1909f56bfc062723c751e8b465ee728b)
Start importing Assets/Models/CityPack/KayKit_City_Builder_Bits_1.0_FREE/Assets/fbx (unity)/building_A_withoutBase.fbx using Guid(9bb416a29f90dfed19fba53ee003c147) Importer(815301076,1909f56bfc062723c751e8b465ee728b) [PhysX] Initialized MultithreadedTaskDispatcher with 8 workers.
[PhysX] Initialized MultithreadedTaskDispatcher with 8 workers.
[PhysX] Initialized MultithreadedTaskDispatcher with 8 workers.
[PhysX] Initialized MultithreadedTaskDispatcher with 8 workers.
 -> (artifact id: '5956aade297a178d09c588aa80bf0bbd') in 0.018312 seconds
Number of updated asset objects reloaded before import = 0
Number of asset objects unloaded after import = 9
========================================================================
Received Import Request.
  Time since last request: 0.000022 seconds.
  path: Assets/Models/CityPack/KayKit_City_Builder_Bits_1.0_FREE/Assets/fbx (unity)/road_junction.fbx
  artifactKey: Guid(4139bfbc1e2afd9f9946ab3316240c29) Importer(815301076,1909f56bfc062723c751e8b465ee728b)
Start importing Assets/Models/CityPack/KayKit_City_Builder_Bits_1.0_FREE/Assets/fbx (unity)/road_junction.fbx using Guid(4139bfbc1e2afd9f9946ab3316240c29) Importer(815301076,1909f56bfc062723c751e8b465ee728b) [PhysX] Initialized MultithreadedTaskDispatcher with 8 workers.
[PhysX] Initialized MultithreadedTaskDispatcher with 8 workers.
[PhysX] Initialized MultithreadedTaskDispatcher with 8 workers.
[PhysX] Initialized MultithreadedTaskDispatcher with 8 workers.
 -> (artifact id: '6d5440b6b52325ff1d5724c4bc1e4a8d') in 0.016150 seconds
Number of updated asset objects reloaded before import = 0
Number of asset objects unloaded after import = 9
========================================================================
Received Import Request.
  Time since last request: 0.000023 seconds.
  path: Assets/Models/CityPack/KayKit_City_Builder_Bits_1.0_FREE/Assets/fbx (unity)/box_B.fbx
  artifactKey: Guid(846feeed5c2aa2664bd0bc90cae7b27e) Importer(815301076,1909f56bfc062723c751e8b465ee728b)
Start importing Assets/Models/CityPack/KayKit_City_Builder_Bits_1.0_FREE/Assets/fbx (unity)/box_B.fbx using Guid(846feeed5c2aa2664bd0bc90cae7b27e) Importer(815301076,1909f56bfc062723c751e8b465ee728b) [PhysX] Initialized MultithreadedTaskDispatcher with 8 workers.
[PhysX] Initialized MultithreadedTaskDispatcher with 8 workers.
[PhysX] Initialized MultithreadedTaskDispatcher with 8 workers.
[PhysX] Initialized MultithreadedTaskDispatcher with 8 workers.
 -> (artifact id: 'd671913f8f9d2665a6f6615318df20e9') in 0.015370 seconds
Number of updated asset objects reloaded before import = 0
Number of asset objects unloaded after import = 9
========================================================================
Received Import Request.
  Time since last request: 0.000020 seconds.
  path: Assets/Models/CityPack/KayKit_City_Builder_Bits_1.0_FREE/Assets/fbx (unity)/car_police.fbx
  artifactKey: Guid(3863c781091e86f339c565c792b27169) Importer(815301076,1909f56bfc062723c751e8b465ee728b)
Start importing Assets/Models/CityPack/KayKit_City_Builder_Bits_1.0_FREE/Assets/fbx (unity)/car_police.fbx using Guid(3863c781091e86f339c565c792b27169) Importer(815301076,1909f56bfc062723c751e8b465ee728b) [PhysX] Initialized MultithreadedTaskDispatcher with 8 workers.
[PhysX] Initialized MultithreadedTaskDispatcher with 8 workers.
[PhysX] Initialized MultithreadedTaskDispatcher with 8 workers.
[PhysX] Initialized MultithreadedTaskDispatcher with 8 workers.
[PhysX] Initialized MultithreadedTaskDispatcher with 8 workers.
[PhysX] Initialized MultithreadedTaskDispatcher with 8 workers.
[PhysX] Initialized MultithreadedTaskDispatcher with 8 workers.
[PhysX] Initialized MultithreadedTaskDispatcher with 8 workers.
[PhysX] Initialized MultithreadedTaskDispatcher with 8 workers.
[PhysX] Initialized MultithreadedTaskDispatcher with 8 workers.
[PhysX] Initialized MultithreadedTaskDispatcher with 8 workers.
[PhysX] Initialized MultithreadedTaskDispatcher with 8 workers.
 -> (artifact id: '65fb1d212ceb9f52f150c5f65afa31b7') in 0.055565 seconds
Number of updated asset objects reloaded before import = 0
Number of asset objects unloaded after import = 29
========================================================================
Received Import Request.
  Time since last request: 0.000026 seconds.
  path: Assets/Models/CityPack/KayKit_City_Builder_Bits_1.0_FREE/Assets/fbx (unity)/trafficlight_C.fbx
  artifactKey: Guid(7283d79ff916b6938a4a18abc3ddb5f6) Importer(815301076,1909f56bfc062723c751e8b465ee728b)
Start importing Assets/Models/CityPack/KayKit_City_Builder_Bits_1.0_FREE/Assets/fbx (unity)/trafficlight_C.fbx using Guid(7283d79ff916b6938a4a18abc3ddb5f6) Importer(815301076,1909f56bfc062723c751e8b465ee728b) [PhysX] Initialized MultithreadedTaskDispatcher with 8 workers.
[PhysX] Initialized MultithreadedTaskDispatcher with 8 workers.
[PhysX] Initialized MultithreadedTaskDispatcher with 8 workers.
[PhysX] Initialized MultithreadedTaskDispatcher with 8 workers.
 -> (artifact id: '29f6fc663bef27771230a7b8b9dc72b8') in 0.021240 seconds
Number of updated asset objects reloaded before import = 0
Number of asset objects unloaded after import = 9
========================================================================
Received Import Request.
  Time since last request: 0.000036 seconds.
  path: Assets/Models/CityPack/KayKit_City_Builder_Bits_1.0_FREE/Assets/fbx (unity)/streetlight.fbx
  artifactKey: Guid(9a95041355eeebe22902079f90452994) Importer(815301076,1909f56bfc062723c751e8b465ee728b)
Start importing Assets/Models/CityPack/KayKit_City_Builder_Bits_1.0_FREE/Assets/fbx (unity)/streetlight.fbx using Guid(9a95041355eeebe22902079f90452994) Importer(815301076,1909f56bfc062723c751e8b465ee728b) [PhysX] Initialized MultithreadedTaskDispatcher with 8 workers.
[PhysX] Initialized MultithreadedTaskDispatcher with 8 workers.
[PhysX] Initialized MultithreadedTaskDispatcher with 8 workers.
[PhysX] Initialized MultithreadedTaskDispatcher with 8 workers.
 -> (artifact id: 'cb6e96a4531f62178c508f400857b565') in 0.012802 seconds
Number of updated asset objects reloaded before import = 0
Number of asset objects unloaded after import = 9
========================================================================
Received Import Request.
  Time since last request: 0.000018 seconds.
  path: Assets/Models/CityPack/KayKit_City_Builder_Bits_1.0_FREE/Assets/fbx (unity)/firehydrant.fbx
  artifactKey: Guid(23cd9485d0215c85990b17448611b9f6) Importer(815301076,1909f56bfc062723c751e8b465ee728b)
Start importing Assets/Models/CityPack/KayKit_City_Builder_Bits_1.0_FREE/Assets/fbx (unity)/firehydrant.fbx using Guid(23cd9485d0215c85990b17448611b9f6) Importer(815301076,1909f56bfc062723c751e8b465ee728b) [PhysX] Initialized MultithreadedTaskDispatcher with 8 workers.
[PhysX] Initialized MultithreadedTaskDispatcher with 8 workers.
[PhysX] Initialized MultithreadedTaskDispatcher with 8 workers.
[PhysX] Initialized MultithreadedTaskDispatcher with 8 workers.
 -> (artifact id: '18918f3f4c6723badc994d9e7482233a') in 0.013962 seconds
Number of updated asset objects reloaded before import = 0
Number of asset objects unloaded after import = 9
========================================================================
Received Import Request.
  Time since last request: 0.000023 seconds.
  path: Assets/Models/CityPack/KayKit_City_Builder_Bits_1.0_FREE/Assets/fbx (unity)/trash_A.fbx
  artifactKey: Guid(0fc67ff780d92fd1abad5eaa72046eb1) Importer(815301076,1909f56bfc062723c751e8b465ee728b)
Start importing Assets/Models/CityPack/KayKit_City_Builder_Bits_1.0_FREE/Assets/fbx (unity)/trash_A.fbx using Guid(0fc67ff780d92fd1abad5eaa72046eb1) Importer(815301076,1909f56bfc062723c751e8b465ee728b) [PhysX] Initialized MultithreadedTaskDispatcher with 8 workers.
[PhysX] Initialized MultithreadedTaskDispatcher with 8 workers.
[PhysX] Initialized MultithreadedTaskDispatcher with 8 workers.
[PhysX] Initialized MultithreadedTaskDispatcher with 8 workers.
 -> (artifact id: '5215ce8dedcac8fa652e1274c02d21e8') in 0.016417 seconds
Number of updated asset objects reloaded before import = 0
Number of asset objects unloaded after import = 9
========================================================================
Received Import Request.
  Time since last request: 0.000023 seconds.
  path: Assets/Models/CityPack/KayKit_City_Builder_Bits_1.0_FREE/Assets/fbx (unity)/building_F_withoutBase.fbx
  artifactKey: Guid(2236d89ddcdd1345186f6c15a72fd8c1) Importer(815301076,1909f56bfc062723c751e8b465ee728b)
Start importing Assets/Models/CityPack/KayKit_City_Builder_Bits_1.0_FREE/Assets/fbx (unity)/building_F_withoutBase.fbx using Guid(2236d89ddcdd1345186f6c15a72fd8c1) Importer(815301076,1909f56bfc062723c751e8b465ee728b) [PhysX] Initialized MultithreadedTaskDispatcher with 8 workers.
[PhysX] Initialized MultithreadedTaskDispatcher with 8 workers.
[PhysX] Initialized MultithreadedTaskDispatcher with 8 workers.
[PhysX] Initialized MultithreadedTaskDispatcher with 8 workers.
 -> (artifact id: 'd54e3f9c0c7a04f37528f7832aca8237') in 0.017192 seconds
Number of updated asset objects reloaded before import = 0
Number of asset objects unloaded after import = 9
========================================================================
Received Import Request.
  Time since last request: 0.000017 seconds.
  path: Assets/Models/CityPack/KayKit_City_Builder_Bits_1.0_FREE/Assets/fbx (unity)/building_C.fbx
  artifactKey: Guid(b98980ab0d21ed441b1643805fe01ed0) Importer(815301076,1909f56bfc062723c751e8b465ee728b)
Start importing Assets/Models/CityPack/KayKit_City_Builder_Bits_1.0_FREE/Assets/fbx (unity)/building_C.fbx using Guid(b98980ab0d21ed441b1643805fe01ed0) Importer(815301076,1909f56bfc062723c751e8b465ee728b) [PhysX] Initialized MultithreadedTaskDispatcher with 8 workers.
[PhysX] Initialized MultithreadedTaskDispatcher with 8 workers.
[PhysX] Initialized MultithreadedTaskDispatcher with 8 workers.
[PhysX] Initialized MultithreadedTaskDispatcher with 8 workers.
 -> (artifact id: '8946ce7ec9792c355be8463bb8e4f699') in 0.015289 seconds
Number of updated asset objects reloaded before import = 0
Number of asset objects unloaded after import = 9
========================================================================
Received Import Request.
  Time since last request: 0.000016 seconds.
  path: Assets/Models/CityPack/KayKit_City_Builder_Bits_1.0_FREE/Assets/fbx (unity)/building_D.fbx
  artifactKey: Guid(7b578868bd067abb99322eb8a1696c72) Importer(815301076,1909f56bfc062723c751e8b465ee728b)
Start importing Assets/Models/CityPack/KayKit_City_Builder_Bits_1.0_FREE/Assets/fbx (unity)/building_D.fbx using Guid(7b578868bd067abb99322eb8a1696c72) Importer(815301076,1909f56bfc062723c751e8b465ee728b) [PhysX] Initialized MultithreadedTaskDispatcher with 8 workers.
[PhysX] Initialized MultithreadedTaskDispatcher with 8 workers.
[PhysX] Initialized MultithreadedTaskDispatcher with 8 workers.
[PhysX] Initialized MultithreadedTaskDispatcher with 8 workers.
 -> (artifact id: 'd30bcf32cdc6da956ba2ce4d61c66023') in 0.014676 seconds
Number of updated asset objects reloaded before import = 0
Number of asset objects unloaded after import = 9
========================================================================
Received Import Request.
  Time since last request: 0.000017 seconds.
  path: Assets/Models/CityPack/KayKit_City_Builder_Bits_1.0_FREE/Assets/fbx (unity)/trafficlight_A.fbx
  artifactKey: Guid(381cc2a75d44933a094953bd3e1acd00) Importer(815301076,1909f56bfc062723c751e8b465ee728b)
Start importing Assets/Models/CityPack/KayKit_City_Builder_Bits_1.0_FREE/Assets/fbx (unity)/trafficlight_A.fbx using Guid(381cc2a75d44933a094953bd3e1acd00) Importer(815301076,1909f56bfc062723c751e8b465ee728b) [PhysX] Initialized MultithreadedTaskDispatcher with 8 workers.
[PhysX] Initialized MultithreadedTaskDispatcher with 8 workers.
[PhysX] Initialized MultithreadedTaskDispatcher with 8 workers.
[PhysX] Initialized MultithreadedTaskDispatcher with 8 workers.
 -> (artifact id: '2dffabc740dddec13f5c08d163415d82') in 0.015935 seconds
Number of updated asset objects reloaded before import = 0
Number of asset objects unloaded after import = 9
========================================================================
Received Import Request.
  Time since last request: 0.000021 seconds.
  path: Assets/Models/CityPack/KayKit_City_Builder_Bits_1.0_FREE/Assets/fbx (unity)/road_straight_crossing.fbx
  artifactKey: Guid(43f94d4d7200976998b0ba5cb9c2e1a1) Importer(815301076,1909f56bfc062723c751e8b465ee728b)
Start importing Assets/Models/CityPack/KayKit_City_Builder_Bits_1.0_FREE/Assets/fbx (unity)/road_straight_crossing.fbx using Guid(43f94d4d7200976998b0ba5cb9c2e1a1) Importer(815301076,1909f56bfc062723c751e8b465ee728b) [PhysX] Initialized MultithreadedTaskDispatcher with 8 workers.
[PhysX] Initialized MultithreadedTaskDispatcher with 8 workers.
[PhysX] Initialized MultithreadedTaskDispatcher with 8 workers.
[PhysX] Initialized MultithreadedTaskDispatcher with 8 workers.
 -> (artifact id: '468162e9f95e7d7cd7297215d2527dd4') in 0.022872 seconds
Number of updated asset objects reloaded before import = 0
Number of asset objects unloaded after import = 9
========================================================================
Received Import Request.
  Time since last request: 43.066736 seconds.
  path: Assets/Models/WeaponPack
  artifactKey: Guid(ffaf9b8396fe91418930fed40be46243) Importer(815301076,1909f56bfc062723c751e8b465ee728b)
Start importing Assets/Models/WeaponPack using Guid(ffaf9b8396fe91418930fed40be46243) Importer(815301076,1909f56bfc062723c751e8b465ee728b) [PhysX] Initialized MultithreadedTaskDispatcher with 8 workers.
 -> (artifact id: '6c4374da4ae8cc5af1de056110457031') in 0.001705 seconds
Number of updated asset objects reloaded before import = 0
Number of asset objects unloaded after import = 0
========================================================================
Received Import Request.
  Time since last request: 0.596061 seconds.
  path: Assets/Models/WeaponPack/Styloo Guns Asset Pack GLTF FBX V1.1
  artifactKey: Guid(9c42fb3c079f6081baac0cd2de2559b2) Importer(815301076,1909f56bfc062723c751e8b465ee728b)
Start importing Assets/Models/WeaponPack/Styloo Guns Asset Pack GLTF FBX V1.1 using Guid(9c42fb3c079f6081baac0cd2de2559b2) Importer(815301076,1909f56bfc062723c751e8b465ee728b) [PhysX] Initialized MultithreadedTaskDispatcher with 8 workers.
 -> (artifact id: 'af10644b34b2de6a7e46add504bd35f2') in 0.001087 seconds
Number of updated asset objects reloaded before import = 0
Number of asset objects unloaded after import = 0
========================================================================
Received Import Request.
  Time since last request: 0.732917 seconds.
  path: Assets/Models/WeaponPack/Styloo Guns Asset Pack GLTF FBX V1.1/Normal version Color and NormalMap
  artifactKey: Guid(9dd6e603d73a48eabbbfc0bcc551c463) Importer(815301076,1909f56bfc062723c751e8b465ee728b)
Start importing Assets/Models/WeaponPack/Styloo Guns Asset Pack GLTF FBX V1.1/Normal version Color and NormalMap using Guid(9dd6e603d73a48eabbbfc0bcc551c463) Importer(815301076,1909f56bfc062723c751e8b465ee728b) [PhysX] Initialized MultithreadedTaskDispatcher with 8 workers.
 -> (artifact id: 'a599ec237dc59e93241f75b7b68b22fd') in 0.000960 seconds
Number of updated asset objects reloaded before import = 0
Number of asset objects unloaded after import = 0
========================================================================
Received Import Request.
  Time since last request: 1.002119 seconds.
  path: Assets/Models/WeaponPack/Styloo Guns Asset Pack GLTF FBX V1.1/Normal version Color and NormalMap/FBX
  artifactKey: Guid(9e6bf057e7c6b1ef5a78062500e90d40) Importer(815301076,1909f56bfc062723c751e8b465ee728b)
Start importing Assets/Models/WeaponPack/Styloo Guns Asset Pack GLTF FBX V1.1/Normal version Color and NormalMap/FBX using Guid(9e6bf057e7c6b1ef5a78062500e90d40) Importer(815301076,1909f56bfc062723c751e8b465ee728b) [PhysX] Initialized MultithreadedTaskDispatcher with 8 workers.
 -> (artifact id: '6c1af75ecf2a334fb1731e6cbb0c96fa') in 0.001136 seconds
Number of updated asset objects reloaded before import = 0
Number of asset objects unloaded after import = 0
========================================================================
Received Import Request.
  Time since last request: 1.575411 seconds.
  path: Assets/Models/WeaponPack/Styloo Guns Asset Pack GLTF FBX V1.1/Normal version Color and NormalMap/FBX/ak47.fbx
  artifactKey: Guid(d88d06c03ed3d392e88c43f76f9749ff) Importer(815301076,1909f56bfc062723c751e8b465ee728b)
Start importing Assets/Models/WeaponPack/Styloo Guns Asset Pack GLTF FBX V1.1/Normal version Color and NormalMap/FBX/ak47.fbx using Guid(d88d06c03ed3d392e88c43f76f9749ff) Importer(815301076,1909f56bfc062723c751e8b465ee728b) [PhysX] Initialized MultithreadedTaskDispatcher with 8 workers.
[PhysX] Initialized MultithreadedTaskDispatcher with 8 workers.
[PhysX] Initialized MultithreadedTaskDispatcher with 8 workers.
[PhysX] Initialized MultithreadedTaskDispatcher with 8 workers.
[PhysX] Initialized MultithreadedTaskDispatcher with 8 workers.
[PhysX] Initialized MultithreadedTaskDispatcher with 8 workers.
[PhysX] Initialized MultithreadedTaskDispatcher with 8 workers.
[PhysX] Initialized MultithreadedTaskDispatcher with 8 workers.
[PhysX] Initialized MultithreadedTaskDispatcher with 8 workers.
[PhysX] Initialized MultithreadedTaskDispatcher with 8 workers.
 -> (artifact id: 'b61d52f557ff03478797f0ab6242aa6a') in 0.042974 seconds
Number of updated asset objects reloaded before import = 0
Number of asset objects unloaded after import = 23
========================================================================
Received Import Request.
  Time since last request: 0.000016 seconds.
  path: Assets/Models/WeaponPack/Styloo Guns Asset Pack GLTF FBX V1.1/Normal version Color and NormalMap/FBX/quadrocket.fbx
  artifactKey: Guid(b6dcbc80b2c60e0dea18cd3b2bfda3f7) Importer(815301076,1909f56bfc062723c751e8b465ee728b)
Start importing Assets/Models/WeaponPack/Styloo Guns Asset Pack GLTF FBX V1.1/Normal version Color and NormalMap/FBX/quadrocket.fbx using Guid(b6dcbc80b2c60e0dea18cd3b2bfda3f7) Importer(815301076,1909f56bfc062723c751e8b465ee728b) [PhysX] Initialized MultithreadedTaskDispatcher with 8 workers.
[PhysX] Initialized MultithreadedTaskDispatcher with 8 workers.
[PhysX] Initialized MultithreadedTaskDispatcher with 8 workers.
[PhysX] Initialized MultithreadedTaskDispatcher with 8 workers.
[PhysX] Initialized MultithreadedTaskDispatcher with 8 workers.
[PhysX] Initialized MultithreadedTaskDispatcher with 8 workers.
[PhysX] Initialized MultithreadedTaskDispatcher with 8 workers.
[PhysX] Initialized MultithreadedTaskDispatcher with 8 workers.
 -> (artifact id: '69c87c3bba02173eb2cb6c5333a75fd2') in 0.035996 seconds
Number of updated asset objects reloaded before import = 0
Number of asset objects unloaded after import = 18
========================================================================
Received Import Request.
  Time since last request: 0.000031 seconds.
  path: Assets/Models/WeaponPack/Styloo Guns Asset Pack GLTF FBX V1.1/Normal version Color and NormalMap/FBX/bullet1.fbx
  artifactKey: Guid(a158eff0d98b3321a8c8a94a625be18c) Importer(815301076,1909f56bfc062723c751e8b465ee728b)
Start importing Assets/Models/WeaponPack/Styloo Guns Asset Pack GLTF FBX V1.1/Normal version Color and NormalMap/FBX/bullet1.fbx using Guid(a158eff0d98b3321a8c8a94a625be18c) Importer(815301076,1909f56bfc062723c751e8b465ee728b) [PhysX] Initialized MultithreadedTaskDispatcher with 8 workers.
[PhysX] Initialized MultithreadedTaskDispatcher with 8 workers.
[PhysX] Initialized MultithreadedTaskDispatcher with 8 workers.
[PhysX] Initialized MultithreadedTaskDispatcher with 8 workers.
 -> (artifact id: '614fb62325ecdfe95c02a8577e300e55') in 0.016898 seconds
Number of updated asset objects reloaded before import = 0
Number of asset objects unloaded after import = 8
========================================================================
Received Import Request.
  Time since last request: 0.000021 seconds.
  path: Assets/Models/WeaponPack/Styloo Guns Asset Pack GLTF FBX V1.1/Normal version Color and NormalMap/FBX/nadevariant_low.fbx
  artifactKey: Guid(9a1b1673d98df5520a682861daabd716) Importer(815301076,1909f56bfc062723c751e8b465ee728b)
Start importing Assets/Models/WeaponPack/Styloo Guns Asset Pack GLTF FBX V1.1/Normal version Color and NormalMap/FBX/nadevariant_low.fbx using Guid(9a1b1673d98df5520a682861daabd716) Importer(815301076,1909f56bfc062723c751e8b465ee728b) [PhysX] Initialized MultithreadedTaskDispatcher with 8 workers.
[PhysX] Initialized MultithreadedTaskDispatcher with 8 workers.
[PhysX] Initialized MultithreadedTaskDispatcher with 8 workers.
[PhysX] Initialized MultithreadedTaskDispatcher with 8 workers.
[PhysX] Initialized MultithreadedTaskDispatcher with 8 workers.
[PhysX] Initialized MultithreadedTaskDispatcher with 8 workers.
[PhysX] Initialized MultithreadedTaskDispatcher with 8 workers.
[PhysX] Initialized MultithreadedTaskDispatcher with 8 workers.
 -> (artifact id: '8729f6df58898ed48dd5377586f1178b') in 0.046559 seconds
Number of updated asset objects reloaded before import = 0
Number of asset objects unloaded after import = 18
========================================================================
Received Import Request.
  Time since last request: 0.000022 seconds.
  path: Assets/Models/WeaponPack/Styloo Guns Asset Pack GLTF FBX V1.1/Normal version Color and NormalMap/FBX/bulletsniper.fbx
  artifactKey: Guid(d4b3c91e40f4e9adf805a62ebc8f5ac4) Importer(815301076,1909f56bfc062723c751e8b465ee728b)
Start importing Assets/Models/WeaponPack/Styloo Guns Asset Pack GLTF FBX V1.1/Normal version Color and NormalMap/FBX/bulletsniper.fbx using Guid(d4b3c91e40f4e9adf805a62ebc8f5ac4) Importer(815301076,1909f56bfc062723c751e8b465ee728b) [PhysX] Initialized MultithreadedTaskDispatcher with 8 workers.
[PhysX] Initialized MultithreadedTaskDispatcher with 8 workers.
[PhysX] Initialized MultithreadedTaskDispatcher with 8 workers.
[PhysX] Initialized MultithreadedTaskDispatcher with 8 workers.
 -> (artifact id: 'be40a25b97530b73d6565d221dde5360') in 0.025071 seconds
Number of updated asset objects reloaded before import = 0
Number of asset objects unloaded after import = 8
========================================================================
Received Import Request.
  Time since last request: 0.000031 seconds.
  path: Assets/Models/WeaponPack/Styloo Guns Asset Pack GLTF FBX V1.1/Normal version Color and NormalMap/FBX/flashbang_low.fbx
  artifactKey: Guid(144e3ec46b46d24649ea374d1777377b) Importer(815301076,1909f56bfc062723c751e8b465ee728b)
Start importing Assets/Models/WeaponPack/Styloo Guns Asset Pack GLTF FBX V1.1/Normal version Color and NormalMap/FBX/flashbang_low.fbx using Guid(144e3ec46b46d24649ea374d1777377b) Importer(815301076,1909f56bfc062723c751e8b465ee728b) [PhysX] Initialized MultithreadedTaskDispatcher with 8 workers.
[PhysX] Initialized MultithreadedTaskDispatcher with 8 workers.
[PhysX] Initialized MultithreadedTaskDispatcher with 8 workers.
[PhysX] Initialized MultithreadedTaskDispatcher with 8 workers.
 -> (artifact id: '00a129d339d08c512590c88c5a9a7c96') in 0.015289 seconds
Number of updated asset objects reloaded before import = 0
Number of asset objects unloaded after import = 8
========================================================================
Received Import Request.
  Time since last request: 0.000016 seconds.
  path: Assets/Models/WeaponPack/Styloo Guns Asset Pack GLTF FBX V1.1/Normal version Color and NormalMap/FBX/shotgun.fbx
  artifactKey: Guid(a785cb80e480d6741a8065761c56bfa3) Importer(815301076,1909f56bfc062723c751e8b465ee728b)
Start importing Assets/Models/WeaponPack/Styloo Guns Asset Pack GLTF FBX V1.1/Normal version Color and NormalMap/FBX/shotgun.fbx using Guid(a785cb80e480d6741a8065761c56bfa3) Importer(815301076,1909f56bfc062723c751e8b465ee728b) [PhysX] Initialized MultithreadedTaskDispatcher with 8 workers.
[PhysX] Initialized MultithreadedTaskDispatcher with 8 workers.
[PhysX] Initialized MultithreadedTaskDispatcher with 8 workers.
[PhysX] Initialized MultithreadedTaskDispatcher with 8 workers.
[PhysX] Initialized MultithreadedTaskDispatcher with 8 workers.
[PhysX] Initialized MultithreadedTaskDispatcher with 8 workers.
[PhysX] Initialized MultithreadedTaskDispatcher with 8 workers.
[PhysX] Initialized MultithreadedTaskDispatcher with 8 workers.
 -> (artifact id: '6220d2ba706aceb3871a5f6629b39600') in 0.043847 seconds
Number of updated asset objects reloaded before import = 0
Number of asset objects unloaded after import = 18
========================================================================
Received Import Request.
  Time since last request: 0.000019 seconds.
  path: Assets/Models/WeaponPack/Styloo Guns Asset Pack GLTF FBX V1.1/Normal version Color and NormalMap/FBX/nade_low.fbx
  artifactKey: Guid(2cf4965cb9b90f692a4adce5b2ee9f8b) Importer(815301076,1909f56bfc062723c751e8b465ee728b)
Start importing Assets/Models/WeaponPack/Styloo Guns Asset Pack GLTF FBX V1.1/Normal version Color and NormalMap/FBX/nade_low.fbx using Guid(2cf4965cb9b90f692a4adce5b2ee9f8b) Importer(815301076,1909f56bfc062723c751e8b465ee728b) [PhysX] Initialized MultithreadedTaskDispatcher with 8 workers.
[PhysX] Initialized MultithreadedTaskDispatcher with 8 workers.
[PhysX] Initialized MultithreadedTaskDispatcher with 8 workers.
[PhysX] Initialized MultithreadedTaskDispatcher with 8 workers.
[PhysX] Initialized MultithreadedTaskDispatcher with 8 workers.
[PhysX] Initialized MultithreadedTaskDispatcher with 8 workers.
[PhysX] Initialized MultithreadedTaskDispatcher with 8 workers.
[PhysX] Initialized MultithreadedTaskDispatcher with 8 workers.
 -> (artifact id: '423e23dc0009c3e6798d6227d718b67e') in 0.038449 seconds
Number of updated asset objects reloaded before import = 0
Number of asset objects unloaded after import = 18
========================================================================
Received Import Request.
  Time since last request: 0.000021 seconds.
  path: Assets/Models/WeaponPack/Styloo Guns Asset Pack GLTF FBX V1.1/Normal version Color and NormalMap/FBX/awp.fbx
  artifactKey: Guid(4d66ebf48d813abe6acc920e008a610f) Importer(815301076,1909f56bfc062723c751e8b465ee728b)
Start importing Assets/Models/WeaponPack/Styloo Guns Asset Pack GLTF FBX V1.1/Normal version Color and NormalMap/FBX/awp.fbx using Guid(4d66ebf48d813abe6acc920e008a610f) Importer(815301076,1909f56bfc062723c751e8b465ee728b) [PhysX] Initialized MultithreadedTaskDispatcher with 8 workers.
[PhysX] Initialized MultithreadedTaskDispatcher with 8 workers.
[PhysX] Initialized MultithreadedTaskDispatcher with 8 workers.
[PhysX] Initialized MultithreadedTaskDispatcher with 8 workers.
[PhysX] Initialized MultithreadedTaskDispatcher with 8 workers.
[PhysX] Initialized MultithreadedTaskDispatcher with 8 workers.
[PhysX] Initialized MultithreadedTaskDispatcher with 8 workers.
[PhysX] Initialized MultithreadedTaskDispatcher with 8 workers.
[PhysX] Initialized MultithreadedTaskDispatcher with 8 workers.
[PhysX] Initialized MultithreadedTaskDispatcher with 8 workers.
[PhysX] Initialized MultithreadedTaskDispatcher with 8 workers.
[PhysX] Initialized MultithreadedTaskDispatcher with 8 workers.
[PhysX] Initialized MultithreadedTaskDispatcher with 8 workers.
[PhysX] Initialized MultithreadedTaskDispatcher with 8 workers.
 -> (artifact id: '50a8e61941feabcd49a14a7086fd6cc2') in 0.078588 seconds
Number of updated asset objects reloaded before import = 0
Number of asset objects unloaded after import = 33
========================================================================
Received Import Request.
  Time since last request: 0.000021 seconds.
  path: Assets/Models/WeaponPack/Styloo Guns Asset Pack GLTF FBX V1.1/Normal version Color and NormalMap/FBX/board.fbx
  artifactKey: Guid(018f22c449c44bfb8b9e4511af517445) Importer(815301076,1909f56bfc062723c751e8b465ee728b)
Start importing Assets/Models/WeaponPack/Styloo Guns Asset Pack GLTF FBX V1.1/Normal version Color and NormalMap/FBX/board.fbx using Guid(018f22c449c44bfb8b9e4511af517445) Importer(815301076,1909f56bfc062723c751e8b465ee728b) [PhysX] Initialized MultithreadedTaskDispatcher with 8 workers.
[PhysX] Initialized MultithreadedTaskDispatcher with 8 workers.
[PhysX] Initialized MultithreadedTaskDispatcher with 8 workers.
[PhysX] Initialized MultithreadedTaskDispatcher with 8 workers.
 -> (artifact id: 'd6539ff31d60cd9db27efbc3b0a117ab') in 0.018051 seconds
Number of updated asset objects reloaded before import = 0
Number of asset objects unloaded after import = 8
========================================================================
Received Import Request.
  Time since last request: 0.000020 seconds.
  path: Assets/Models/WeaponPack/Styloo Guns Asset Pack GLTF FBX V1.1/Normal version Color and NormalMap/FBX/bulletPEW.fbx
  artifactKey: Guid(a6f233331ce8b4cbe9bb5ccc5209f41f) Importer(815301076,1909f56bfc062723c751e8b465ee728b)
Start importing Assets/Models/WeaponPack/Styloo Guns Asset Pack GLTF FBX V1.1/Normal version Color and NormalMap/FBX/bulletPEW.fbx using Guid(a6f233331ce8b4cbe9bb5ccc5209f41f) Importer(815301076,1909f56bfc062723c751e8b465ee728b) [PhysX] Initialized MultithreadedTaskDispatcher with 8 workers.
[PhysX] Initialized MultithreadedTaskDispatcher with 8 workers.
[PhysX] Initialized MultithreadedTaskDispatcher with 8 workers.
[PhysX] Initialized MultithreadedTaskDispatcher with 8 workers.
 -> (artifact id: '02226a1580d47405e993ba98fbbebeff') in 0.018946 seconds
Number of updated asset objects reloaded before import = 0
Number of asset objects unloaded after import = 8
========================================================================
Received Import Request.
  Time since last request: 22.897944 seconds.
  path: Assets/Models/WeaponPack/Styloo Guns Asset Pack GLTF FBX V1.1/zEmission version Color only
  artifactKey: Guid(063f31a3019a977ed9d9fbe415799519) Importer(815301076,1909f56bfc062723c751e8b465ee728b)
Start importing Assets/Models/WeaponPack/Styloo Guns Asset Pack GLTF FBX V1.1/zEmission version Color only using Guid(063f31a3019a977ed9d9fbe415799519) Importer(815301076,1909f56bfc062723c751e8b465ee728b) [PhysX] Initialized MultithreadedTaskDispatcher with 8 workers.
 -> (artifact id: 'e4def0fb5f78b33bba0e0a8085d766be') in 0.000969 seconds
Number of updated asset objects reloaded before import = 0
Number of asset objects unloaded after import = 0
========================================================================
Received Import Request.
  Time since last request: 2.405167 seconds.
  path: Assets/Models/WeaponPack/Styloo Guns Asset Pack GLTF FBX V1.1/zEmission version Color only/GLB
  artifactKey: Guid(9eef4743e50ef6e1bb3c88ca46a2631f) Importer(815301076,1909f56bfc062723c751e8b465ee728b)
Start importing Assets/Models/WeaponPack/Styloo Guns Asset Pack GLTF FBX V1.1/zEmission version Color only/GLB using Guid(9eef4743e50ef6e1bb3c88ca46a2631f) Importer(815301076,1909f56bfc062723c751e8b465ee728b) [PhysX] Initialized MultithreadedTaskDispatcher with 8 workers.
 -> (artifact id: 'ce41ffd6d5d4bbfa16274f7de9458fbd') in 0.001190 seconds
Number of updated asset objects reloaded before import = 0
Number of asset objects unloaded after import = 0
========================================================================
Received Import Request.
  Time since last request: 1.561227 seconds.
  path: Assets/Models/WeaponPack/Styloo Guns Asset Pack GLTF FBX V1.1/zEmission version Color only/GLB/ak47.glb
  artifactKey: Guid(d11062267107a23029ef559e69c8079a) Importer(815301076,1909f56bfc062723c751e8b465ee728b)
Start importing Assets/Models/WeaponPack/Styloo Guns Asset Pack GLTF FBX V1.1/zEmission version Color only/GLB/ak47.glb using Guid(d11062267107a23029ef559e69c8079a) Importer(815301076,1909f56bfc062723c751e8b465ee728b) [PhysX] Initialized MultithreadedTaskDispatcher with 8 workers.
 -> (artifact id: 'b06117317084a9579ae46423c24f2309') in 0.001512 seconds
Number of updated asset objects reloaded before import = 0
Number of asset objects unloaded after import = 1
========================================================================
Received Prepare
Caller must complete domain reload
Begin MonoManager ReloadAssembly
- Loaded All Assemblies, in  0.447 seconds
Native extension for LinuxStandalone target not found
Native extension for WindowsStandalone target not found
Mono: successfully reloaded assembly
- Finished resetting the current domain, in  0.985 seconds
Domain Reload Profiling: 1431ms
	BeginReloadAssembly (137ms)
		ExecutionOrderSort (0ms)
		DisableScriptedObjects (5ms)
		BackupInstance (0ms)
		ReleaseScriptingObjects (0ms)
		CreateAndSetChildDomain (36ms)
	RebuildCommonClasses (40ms)
	RebuildNativeTypeToScriptingClass (12ms)
	initialDomainReloadingComplete (37ms)
	LoadAllAssembliesAndSetupDomain (218ms)
		LoadAssemblies (259ms)
		RebuildTransferFunctionScriptingTraits (0ms)
		AnalyzeDomain (25ms)
			TypeCache.Refresh (9ms)
				TypeCache.ScanAssembly (0ms)
			ScanForSourceGeneratedMonoScriptInfo (9ms)
			ResolveRequiredComponents (6ms)
	FinalizeReload (985ms)
		ReleaseScriptCaches (0ms)
		RebuildScriptCaches (0ms)
		SetupLoadedEditorAssemblies (582ms)
			LogAssemblyErrors (0ms)
			InitializePlatformSupportModulesInManaged (44ms)
			SetLoadedEditorAssemblies (5ms)
			RefreshPlugins (0ms)
			BeforeProcessingInitializeOnLoad (74ms)
			ProcessInitializeOnLoadAttributes (414ms)
			ProcessInitializeOnLoadMethodAttributes (37ms)
			AfterProcessingInitializeOnLoad (8ms)
			EditorAssembliesLoaded (0ms)
		ExecutionOrderSort2 (0ms)
		AwakeInstancesAfterBackupRestoration (7ms)
Refreshing native plugins compatible for Editor in 1.24 ms, found 0 plugins.
Preloading 0 native plugins for Editor in 0.00 ms.
Unloading 3252 Unused Serialized files (Serialized files now loaded: 0)
Unloading 14 unused Assets / (28.4 KB). Loaded Objects now: 3806.
Memory consumption went from 134.2 MB to 134.1 MB.
Total: 4.288923 ms (FindLiveObjects: 0.398532 ms CreateObjectMapping: 0.283616 ms MarkObjects: 3.543367 ms  DeleteObjects: 0.061535 ms)

Prepare: number of updated asset objects reloaded= 0
AssetImportParameters requested are different than current active one (requested -> active):
  custom:container-demuxer-ogg: 62fdf1f143b41e24485cea50d1cbac27 -> 
  custom:scripting/monoscript/fileName/HandScript.cs: ab82d9b432b4ff3c2be587dcfc2ef88f -> f6d2d9607a041472806e778f6397f6ff
  custom:scripting/monoscript/fileName/GunScript.cs: 6a8d5652f919b70c5522b0348dc3dc24 -> adaec7589872e88b61019be0f1bdc549
  custom:video-decoder-ogg-theora: a1e56fd34408186e4bbccfd4996cb3dc -> 
  custom:scripting/monoscript/fileName/BulletScript.cs: 13477a3b0c98cca55096ea1dcfe934dc -> d888d721bde78eacda1c314a50a2cf74
  custom:CustomObjectIndexerAttribute: 232f87dd983dbecb2a4e21e08eb2cef8 -> 
  custom:container-demuxer-webm: 4f35f7cbe854078d1ac9338744f61a02 -> 
  custom:scripting/monoscript/fileName/ClipScript.cs: d454b9a64ca33d8936f1fee1d0b94333 -> a47e0092d1d896ccc176e69669d3233d
  custom:container-muxer-webm: aa71ff27fc2769a1b78a27578f13a17b -> 
  custom:video-decoder-webm-vp8: 9c59270c3fd7afecdb556c50c9e8de78 -> 
  custom:scripting/monoscript/fileName/MovementScript.cs: 0602eb1700489a3ab9cb01ec15ee773a -> 9a1daee93d0a505568922467e5a5e2e0
  custom:SearchIndexIgnoredProperties: e643bd26f0fe6173181afceb89e7c659 -> 
  custom:AudioImporter_EditorPlatform: 2f0ff77a95e0ac474e3e8eeba4e2f7cb -> 
  custom:video-encoder-webm-vp8: eb34c28f22e8b96e1ab97ce403110664 -> 
  custom:audio-decoder-ogg-vorbis: bf7c407c2cedff20999df2af8eb42d56 -> 
  custom:scripting/monoscript/fileName/Item.cs: c2b7fc65fe255f985743270ca947d8ec -> edfd25bbe8f561e55c7415f9c3adacfe
  custom:audio-encoder-webm-vorbis: bf7c407c2cedff20999df2af8eb42d56 -> 
  custom:scripting/precompiled-assembly-types:Assembly-CSharp: be7cd846428441ed6c71065bcd346447 -> 14f21d8c89919019ed129879e7927412
========================================================================
Received Prepare
Caller must complete domain reload
Begin MonoManager ReloadAssembly
- Loaded All Assemblies, in  0.474 seconds
Native extension for LinuxStandalone target not found
Native extension for WindowsStandalone target not found
Mono: successfully reloaded assembly
- Finished resetting the current domain, in  0.934 seconds
Domain Reload Profiling: 1408ms
	BeginReloadAssembly (152ms)
		ExecutionOrderSort (0ms)
		DisableScriptedObjects (8ms)
		BackupInstance (0ms)
		ReleaseScriptingObjects (0ms)
		CreateAndSetChildDomain (37ms)
	RebuildCommonClasses (47ms)
	RebuildNativeTypeToScriptingClass (14ms)
	initialDomainReloadingComplete (36ms)
	LoadAllAssembliesAndSetupDomain (224ms)
		LoadAssemblies (271ms)
		RebuildTransferFunctionScriptingTraits (0ms)
		AnalyzeDomain (26ms)
			TypeCache.Refresh (9ms)
				TypeCache.ScanAssembly (0ms)
			ScanForSourceGeneratedMonoScriptInfo (9ms)
			ResolveRequiredComponents (6ms)
	FinalizeReload (934ms)
		ReleaseScriptCaches (0ms)
		RebuildScriptCaches (0ms)
		SetupLoadedEditorAssemblies (532ms)
			LogAssemblyErrors (0ms)
			InitializePlatformSupportModulesInManaged (43ms)
			SetLoadedEditorAssemblies (5ms)
			RefreshPlugins (0ms)
			BeforeProcessingInitializeOnLoad (74ms)
			ProcessInitializeOnLoadAttributes (358ms)
			ProcessInitializeOnLoadMethodAttributes (42ms)
			AfterProcessingInitializeOnLoad (9ms)
			EditorAssembliesLoaded (0ms)
		ExecutionOrderSort2 (0ms)
		AwakeInstancesAfterBackupRestoration (7ms)
Refreshing native plugins compatible for Editor in 1.91 ms, found 0 plugins.
Preloading 0 native plugins for Editor in 0.00 ms.
Unloading 3253 Unused Serialized files (Serialized files now loaded: 0)
Unloading 14 unused Assets / (28.4 KB). Loaded Objects now: 3810.
Memory consumption went from 134.4 MB to 134.4 MB.
Total: 6.299150 ms (FindLiveObjects: 0.655959 ms CreateObjectMapping: 0.358192 ms MarkObjects: 5.189263 ms  DeleteObjects: 0.093893 ms)

Prepare: number of updated asset objects reloaded= 0
AssetImportParameters requested are different than current active one (requested -> active):
  custom:container-demuxer-ogg: 62fdf1f143b41e24485cea50d1cbac27 -> 
  custom:scripting/monoscript/fileName/HandScript.cs: ab82d9b432b4ff3c2be587dcfc2ef88f -> f6d2d9607a041472806e778f6397f6ff
  custom:scripting/monoscript/fileName/GunScript.cs: 6a8d5652f919b70c5522b0348dc3dc24 -> adaec7589872e88b61019be0f1bdc549
  custom:video-decoder-ogg-theora: a1e56fd34408186e4bbccfd4996cb3dc -> 
  custom:scripting/monoscript/fileName/BulletScript.cs: 13477a3b0c98cca55096ea1dcfe934dc -> d888d721bde78eacda1c314a50a2cf74
  custom:CustomObjectIndexerAttribute: 232f87dd983dbecb2a4e21e08eb2cef8 -> 
  custom:container-demuxer-webm: 4f35f7cbe854078d1ac9338744f61a02 -> 
  custom:scripting/monoscript/fileName/ClipScript.cs: d454b9a64ca33d8936f1fee1d0b94333 -> a47e0092d1d896ccc176e69669d3233d
  custom:container-muxer-webm: aa71ff27fc2769a1b78a27578f13a17b -> 
  custom:video-decoder-webm-vp8: 9c59270c3fd7afecdb556c50c9e8de78 -> 
  custom:scripting/monoscript/fileName/MovementScript.cs: 0602eb1700489a3ab9cb01ec15ee773a -> 9a1daee93d0a505568922467e5a5e2e0
  custom:SearchIndexIgnoredProperties: e643bd26f0fe6173181afceb89e7c659 -> 
  custom:AudioImporter_EditorPlatform: 2f0ff77a95e0ac474e3e8eeba4e2f7cb -> 
  custom:video-encoder-webm-vp8: eb34c28f22e8b96e1ab97ce403110664 -> 
  custom:audio-decoder-ogg-vorbis: bf7c407c2cedff20999df2af8eb42d56 -> 
  custom:scripting/monoscript/fileName/Item.cs: c2b7fc65fe255f985743270ca947d8ec -> edfd25bbe8f561e55c7415f9c3adacfe
  custom:audio-encoder-webm-vorbis: bf7c407c2cedff20999df2af8eb42d56 -> 
  custom:scripting/precompiled-assembly-types:Assembly-CSharp: be7cd846428441ed6c71065bcd346447 -> 14f21d8c89919019ed129879e7927412
========================================================================
Received Prepare
Caller must complete domain reload
Begin MonoManager ReloadAssembly
- Loaded All Assemblies, in  0.489 seconds
Native extension for LinuxStandalone target not found
Native extension for WindowsStandalone target not found
Mono: successfully reloaded assembly
- Finished resetting the current domain, in  0.922 seconds
Domain Reload Profiling: 1411ms
	BeginReloadAssembly (146ms)
		ExecutionOrderSort (0ms)
		DisableScriptedObjects (6ms)
		BackupInstance (0ms)
		ReleaseScriptingObjects (0ms)
		CreateAndSetChildDomain (36ms)
	RebuildCommonClasses (43ms)
	RebuildNativeTypeToScriptingClass (13ms)
	initialDomainReloadingComplete (39ms)
	LoadAllAssembliesAndSetupDomain (248ms)
		LoadAssemblies (282ms)
		RebuildTransferFunctionScriptingTraits (0ms)
		AnalyzeDomain (36ms)
			TypeCache.Refresh (14ms)
				TypeCache.ScanAssembly (0ms)
			ScanForSourceGeneratedMonoScriptInfo (13ms)
			ResolveRequiredComponents (7ms)
	FinalizeReload (923ms)
		ReleaseScriptCaches (0ms)
		RebuildScriptCaches (0ms)
		SetupLoadedEditorAssemblies (522ms)
			LogAssemblyErrors (0ms)
			InitializePlatformSupportModulesInManaged (44ms)
			SetLoadedEditorAssemblies (6ms)
			RefreshPlugins (0ms)
			BeforeProcessingInitializeOnLoad (78ms)
			ProcessInitializeOnLoadAttributes (351ms)
			ProcessInitializeOnLoadMethodAttributes (35ms)
			AfterProcessingInitializeOnLoad (8ms)
			EditorAssembliesLoaded (0ms)
		ExecutionOrderSort2 (0ms)
		AwakeInstancesAfterBackupRestoration (6ms)
Refreshing native plugins compatible for Editor in 1.17 ms, found 0 plugins.
Preloading 0 native plugins for Editor in 0.00 ms.
Unloading 3253 Unused Serialized files (Serialized files now loaded: 0)
Unloading 14 unused Assets / (28.5 KB). Loaded Objects now: 3814.
Memory consumption went from 134.4 MB to 134.4 MB.
Total: 5.734470 ms (FindLiveObjects: 0.488785 ms CreateObjectMapping: 0.330302 ms MarkObjects: 4.836668 ms  DeleteObjects: 0.077054 ms)

Prepare: number of updated asset objects reloaded= 0
AssetImportParameters requested are different than current active one (requested -> active):
  custom:container-demuxer-ogg: 62fdf1f143b41e24485cea50d1cbac27 -> 
  custom:scripting/monoscript/fileName/HandScript.cs: ab82d9b432b4ff3c2be587dcfc2ef88f -> f6d2d9607a041472806e778f6397f6ff
  custom:scripting/monoscript/fileName/GunScript.cs: 6a8d5652f919b70c5522b0348dc3dc24 -> adaec7589872e88b61019be0f1bdc549
  custom:video-decoder-ogg-theora: a1e56fd34408186e4bbccfd4996cb3dc -> 
  custom:scripting/monoscript/fileName/BulletScript.cs: 13477a3b0c98cca55096ea1dcfe934dc -> d888d721bde78eacda1c314a50a2cf74
  custom:CustomObjectIndexerAttribute: 232f87dd983dbecb2a4e21e08eb2cef8 -> 
  custom:container-demuxer-webm: 4f35f7cbe854078d1ac9338744f61a02 -> 
  custom:scripting/monoscript/fileName/ClipScript.cs: d454b9a64ca33d8936f1fee1d0b94333 -> a47e0092d1d896ccc176e69669d3233d
  custom:container-muxer-webm: aa71ff27fc2769a1b78a27578f13a17b -> 
  custom:video-decoder-webm-vp8: 9c59270c3fd7afecdb556c50c9e8de78 -> 
  custom:scripting/monoscript/fileName/MovementScript.cs: 0602eb1700489a3ab9cb01ec15ee773a -> 9a1daee93d0a505568922467e5a5e2e0
  custom:SearchIndexIgnoredProperties: e643bd26f0fe6173181afceb89e7c659 -> 
  custom:AudioImporter_EditorPlatform: 2f0ff77a95e0ac474e3e8eeba4e2f7cb -> 
  custom:video-encoder-webm-vp8: eb34c28f22e8b96e1ab97ce403110664 -> 
  custom:audio-decoder-ogg-vorbis: bf7c407c2cedff20999df2af8eb42d56 -> 
  custom:scripting/monoscript/fileName/Item.cs: c2b7fc65fe255f985743270ca947d8ec -> edfd25bbe8f561e55c7415f9c3adacfe
  custom:audio-encoder-webm-vorbis: bf7c407c2cedff20999df2af8eb42d56 -> 
  custom:scripting/precompiled-assembly-types:Assembly-CSharp: be7cd846428441ed6c71065bcd346447 -> 14f21d8c89919019ed129879e7927412
========================================================================
Received Prepare
Caller must complete domain reload
Begin MonoManager ReloadAssembly
- Loaded All Assemblies, in  0.477 seconds
Native extension for LinuxStandalone target not found
Native extension for WindowsStandalone target not found
Mono: successfully reloaded assembly
- Finished resetting the current domain, in  0.982 seconds
Domain Reload Profiling: 1458ms
	BeginReloadAssembly (154ms)
		ExecutionOrderSort (0ms)
		DisableScriptedObjects (9ms)
		BackupInstance (0ms)
		ReleaseScriptingObjects (0ms)
		CreateAndSetChildDomain (39ms)
	RebuildCommonClasses (45ms)
	RebuildNativeTypeToScriptingClass (13ms)
	initialDomainReloadingComplete (37ms)
	LoadAllAssembliesAndSetupDomain (227ms)
		LoadAssemblies (264ms)
		RebuildTransferFunctionScriptingTraits (0ms)
		AnalyzeDomain (28ms)
			TypeCache.Refresh (10ms)
				TypeCache.ScanAssembly (0ms)
			ScanForSourceGeneratedMonoScriptInfo (10ms)
			ResolveRequiredComponents (7ms)
	FinalizeReload (982ms)
		ReleaseScriptCaches (0ms)
		RebuildScriptCaches (0ms)
		SetupLoadedEditorAssemblies (586ms)
			LogAssemblyErrors (0ms)
			InitializePlatformSupportModulesInManaged (61ms)
			SetLoadedEditorAssemblies (19ms)
			RefreshPlugins (0ms)
			BeforeProcessingInitializeOnLoad (87ms)
			ProcessInitializeOnLoadAttributes (377ms)
			ProcessInitializeOnLoadMethodAttributes (33ms)
			AfterProcessingInitializeOnLoad (9ms)
			EditorAssembliesLoaded (0ms)
		ExecutionOrderSort2 (0ms)
		AwakeInstancesAfterBackupRestoration (6ms)
Refreshing native plugins compatible for Editor in 1.26 ms, found 0 plugins.
Preloading 0 native plugins for Editor in 0.00 ms.
Unloading 3253 Unused Serialized files (Serialized files now loaded: 0)
Unloading 14 unused Assets / (28.5 KB). Loaded Objects now: 3818.
Memory consumption went from 134.4 MB to 134.4 MB.
Total: 5.611531 ms (FindLiveObjects: 0.324374 ms CreateObjectMapping: 0.282203 ms MarkObjects: 4.923453 ms  DeleteObjects: 0.079618 ms)

Prepare: number of updated asset objects reloaded= 0
AssetImportParameters requested are different than current active one (requested -> active):
  custom:container-demuxer-ogg: 62fdf1f143b41e24485cea50d1cbac27 -> 
  custom:scripting/monoscript/fileName/HandScript.cs: ab82d9b432b4ff3c2be587dcfc2ef88f -> f6d2d9607a041472806e778f6397f6ff
  custom:scripting/monoscript/fileName/GunScript.cs: 6a8d5652f919b70c5522b0348dc3dc24 -> adaec7589872e88b61019be0f1bdc549
  custom:video-decoder-ogg-theora: a1e56fd34408186e4bbccfd4996cb3dc -> 
  custom:scripting/monoscript/fileName/BulletScript.cs: 13477a3b0c98cca55096ea1dcfe934dc -> d888d721bde78eacda1c314a50a2cf74
  custom:CustomObjectIndexerAttribute: 232f87dd983dbecb2a4e21e08eb2cef8 -> 
  custom:container-demuxer-webm: 4f35f7cbe854078d1ac9338744f61a02 -> 
  custom:scripting/monoscript/fileName/ClipScript.cs: d454b9a64ca33d8936f1fee1d0b94333 -> a47e0092d1d896ccc176e69669d3233d
  custom:container-muxer-webm: aa71ff27fc2769a1b78a27578f13a17b -> 
  custom:video-decoder-webm-vp8: 9c59270c3fd7afecdb556c50c9e8de78 -> 
  custom:scripting/monoscript/fileName/MovementScript.cs: 0602eb1700489a3ab9cb01ec15ee773a -> 9a1daee93d0a505568922467e5a5e2e0
  custom:SearchIndexIgnoredProperties: e643bd26f0fe6173181afceb89e7c659 -> 
  custom:AudioImporter_EditorPlatform: 2f0ff77a95e0ac474e3e8eeba4e2f7cb -> 
  custom:video-encoder-webm-vp8: eb34c28f22e8b96e1ab97ce403110664 -> 
  custom:audio-decoder-ogg-vorbis: bf7c407c2cedff20999df2af8eb42d56 -> 
  custom:scripting/monoscript/fileName/Item.cs: c2b7fc65fe255f985743270ca947d8ec -> edfd25bbe8f561e55c7415f9c3adacfe
  custom:audio-encoder-webm-vorbis: bf7c407c2cedff20999df2af8eb42d56 -> 
  custom:scripting/precompiled-assembly-types:Assembly-CSharp: be7cd846428441ed6c71065bcd346447 -> 14f21d8c89919019ed129879e7927412
========================================================================
Received Prepare
Caller must complete domain reload
Begin MonoManager ReloadAssembly
- Loaded All Assemblies, in  0.454 seconds
Native extension for LinuxStandalone target not found
Native extension for WindowsStandalone target not found
Mono: successfully reloaded assembly
- Finished resetting the current domain, in  0.962 seconds
Domain Reload Profiling: 1415ms
	BeginReloadAssembly (143ms)
		ExecutionOrderSort (0ms)
		DisableScriptedObjects (6ms)
		BackupInstance (0ms)
		ReleaseScriptingObjects (0ms)
		CreateAndSetChildDomain (37ms)
	RebuildCommonClasses (42ms)
	RebuildNativeTypeToScriptingClass (12ms)
	initialDomainReloadingComplete (36ms)
	LoadAllAssembliesAndSetupDomain (219ms)
		LoadAssemblies (259ms)
		RebuildTransferFunctionScriptingTraits (0ms)
		AnalyzeDomain (27ms)
			TypeCache.Refresh (10ms)
				TypeCache.ScanAssembly (0ms)
			ScanForSourceGeneratedMonoScriptInfo (9ms)
			ResolveRequiredComponents (7ms)
	FinalizeReload (963ms)
		ReleaseScriptCaches (0ms)
		RebuildScriptCaches (0ms)
		SetupLoadedEditorAssemblies (574ms)
			LogAssemblyErrors (0ms)
			InitializePlatformSupportModulesInManaged (55ms)
			SetLoadedEditorAssemblies (8ms)
			RefreshPlugins (0ms)
			BeforeProcessingInitializeOnLoad (101ms)
			ProcessInitializeOnLoadAttributes (371ms)
			ProcessInitializeOnLoadMethodAttributes (31ms)
			AfterProcessingInitializeOnLoad (7ms)
			EditorAssembliesLoaded (0ms)
		ExecutionOrderSort2 (0ms)
		AwakeInstancesAfterBackupRestoration (5ms)
Refreshing native plugins compatible for Editor in 1.25 ms, found 0 plugins.
Preloading 0 native plugins for Editor in 0.00 ms.
Unloading 3253 Unused Serialized files (Serialized files now loaded: 0)
Unloading 14 unused Assets / (28.5 KB). Loaded Objects now: 3822.
Memory consumption went from 134.4 MB to 134.4 MB.
Total: 6.511503 ms (FindLiveObjects: 0.336999 ms CreateObjectMapping: 0.310856 ms MarkObjects: 5.800000 ms  DeleteObjects: 0.062335 ms)

Prepare: number of updated asset objects reloaded= 0
AssetImportParameters requested are different than current active one (requested -> active):
  custom:container-demuxer-ogg: 62fdf1f143b41e24485cea50d1cbac27 -> 
  custom:scripting/monoscript/fileName/HandScript.cs: ab82d9b432b4ff3c2be587dcfc2ef88f -> f6d2d9607a041472806e778f6397f6ff
  custom:scripting/monoscript/fileName/GunScript.cs: 6a8d5652f919b70c5522b0348dc3dc24 -> adaec7589872e88b61019be0f1bdc549
  custom:video-decoder-ogg-theora: a1e56fd34408186e4bbccfd4996cb3dc -> 
  custom:scripting/monoscript/fileName/BulletScript.cs: 13477a3b0c98cca55096ea1dcfe934dc -> d888d721bde78eacda1c314a50a2cf74
  custom:CustomObjectIndexerAttribute: 232f87dd983dbecb2a4e21e08eb2cef8 -> 
  custom:container-demuxer-webm: 4f35f7cbe854078d1ac9338744f61a02 -> 
  custom:scripting/monoscript/fileName/ClipScript.cs: d454b9a64ca33d8936f1fee1d0b94333 -> a47e0092d1d896ccc176e69669d3233d
  custom:container-muxer-webm: aa71ff27fc2769a1b78a27578f13a17b -> 
  custom:video-decoder-webm-vp8: 9c59270c3fd7afecdb556c50c9e8de78 -> 
  custom:scripting/monoscript/fileName/MovementScript.cs: 0602eb1700489a3ab9cb01ec15ee773a -> 9a1daee93d0a505568922467e5a5e2e0
  custom:SearchIndexIgnoredProperties: e643bd26f0fe6173181afceb89e7c659 -> 
  custom:AudioImporter_EditorPlatform: 2f0ff77a95e0ac474e3e8eeba4e2f7cb -> 
  custom:video-encoder-webm-vp8: eb34c28f22e8b96e1ab97ce403110664 -> 
  custom:audio-decoder-ogg-vorbis: bf7c407c2cedff20999df2af8eb42d56 -> 
  custom:scripting/monoscript/fileName/Item.cs: c2b7fc65fe255f985743270ca947d8ec -> edfd25bbe8f561e55c7415f9c3adacfe
  custom:audio-encoder-webm-vorbis: bf7c407c2cedff20999df2af8eb42d56 -> 
  custom:scripting/precompiled-assembly-types:Assembly-CSharp: be7cd846428441ed6c71065bcd346447 -> 14f21d8c89919019ed129879e7927412
========================================================================
Received Prepare
Caller must complete domain reload
Begin MonoManager ReloadAssembly
- Loaded All Assemblies, in  0.458 seconds
Native extension for LinuxStandalone target not found
Native extension for WindowsStandalone target not found
Mono: successfully reloaded assembly
- Finished resetting the current domain, in  0.895 seconds
Domain Reload Profiling: 1353ms
	BeginReloadAssembly (147ms)
		ExecutionOrderSort (0ms)
		DisableScriptedObjects (6ms)
		BackupInstance (0ms)
		ReleaseScriptingObjects (0ms)
		CreateAndSetChildDomain (46ms)
	RebuildCommonClasses (41ms)
	RebuildNativeTypeToScriptingClass (12ms)
	initialDomainReloadingComplete (37ms)
	LoadAllAssembliesAndSetupDomain (220ms)
		LoadAssemblies (258ms)
		RebuildTransferFunctionScriptingTraits (0ms)
		AnalyzeDomain (26ms)
			TypeCache.Refresh (9ms)
				TypeCache.ScanAssembly (0ms)
			ScanForSourceGeneratedMonoScriptInfo (9ms)
			ResolveRequiredComponents (6ms)
	FinalizeReload (896ms)
		ReleaseScriptCaches (0ms)
		RebuildScriptCaches (0ms)
		SetupLoadedEditorAssemblies (482ms)
			LogAssemblyErrors (0ms)
			InitializePlatformSupportModulesInManaged (45ms)
			SetLoadedEditorAssemblies (6ms)
			RefreshPlugins (0ms)
			BeforeProcessingInitializeOnLoad (74ms)
			ProcessInitializeOnLoadAttributes (318ms)
			ProcessInitializeOnLoadMethodAttributes (31ms)
			AfterProcessingInitializeOnLoad (7ms)
			EditorAssembliesLoaded (0ms)
		ExecutionOrderSort2 (0ms)
		AwakeInstancesAfterBackupRestoration (6ms)
Refreshing native plugins compatible for Editor in 1.07 ms, found 0 plugins.
Preloading 0 native plugins for Editor in 0.00 ms.
Unloading 3253 Unused Serialized files (Serialized files now loaded: 0)
Unloading 14 unused Assets / (28.5 KB). Loaded Objects now: 3826.
Memory consumption went from 134.4 MB to 134.4 MB.
Total: 4.288576 ms (FindLiveObjects: 0.313830 ms CreateObjectMapping: 0.206712 ms MarkObjects: 3.703650 ms  DeleteObjects: 0.063253 ms)

Prepare: number of updated asset objects reloaded= 0
AssetImportParameters requested are different than current active one (requested -> active):
  custom:container-demuxer-ogg: 62fdf1f143b41e24485cea50d1cbac27 -> 
  custom:scripting/monoscript/fileName/HandScript.cs: ab82d9b432b4ff3c2be587dcfc2ef88f -> f6d2d9607a041472806e778f6397f6ff
  custom:scripting/monoscript/fileName/GunScript.cs: 6a8d5652f919b70c5522b0348dc3dc24 -> adaec7589872e88b61019be0f1bdc549
  custom:video-decoder-ogg-theora: a1e56fd34408186e4bbccfd4996cb3dc -> 
  custom:scripting/monoscript/fileName/BulletScript.cs: 13477a3b0c98cca55096ea1dcfe934dc -> d888d721bde78eacda1c314a50a2cf74
  custom:CustomObjectIndexerAttribute: 232f87dd983dbecb2a4e21e08eb2cef8 -> 
  custom:container-demuxer-webm: 4f35f7cbe854078d1ac9338744f61a02 -> 
  custom:scripting/monoscript/fileName/ClipScript.cs: d454b9a64ca33d8936f1fee1d0b94333 -> a47e0092d1d896ccc176e69669d3233d
  custom:container-muxer-webm: aa71ff27fc2769a1b78a27578f13a17b -> 
  custom:video-decoder-webm-vp8: 9c59270c3fd7afecdb556c50c9e8de78 -> 
  custom:scripting/monoscript/fileName/MovementScript.cs: 0602eb1700489a3ab9cb01ec15ee773a -> 9a1daee93d0a505568922467e5a5e2e0
  custom:SearchIndexIgnoredProperties: e643bd26f0fe6173181afceb89e7c659 -> 
  custom:AudioImporter_EditorPlatform: 2f0ff77a95e0ac474e3e8eeba4e2f7cb -> 
  custom:video-encoder-webm-vp8: eb34c28f22e8b96e1ab97ce403110664 -> 
  custom:audio-decoder-ogg-vorbis: bf7c407c2cedff20999df2af8eb42d56 -> 
  custom:scripting/monoscript/fileName/Item.cs: c2b7fc65fe255f985743270ca947d8ec -> edfd25bbe8f561e55c7415f9c3adacfe
  custom:audio-encoder-webm-vorbis: bf7c407c2cedff20999df2af8eb42d56 -> 
  custom:scripting/precompiled-assembly-types:Assembly-CSharp: be7cd846428441ed6c71065bcd346447 -> 14f21d8c89919019ed129879e7927412
========================================================================
Received Prepare
Caller must complete domain reload
Begin MonoManager ReloadAssembly
- Loaded All Assemblies, in  0.550 seconds
Native extension for LinuxStandalone target not found
Native extension for WindowsStandalone target not found
Mono: successfully reloaded assembly
- Finished resetting the current domain, in  0.990 seconds
Domain Reload Profiling: 1540ms
	BeginReloadAssembly (179ms)
		ExecutionOrderSort (0ms)
		DisableScriptedObjects (10ms)
		BackupInstance (0ms)
		ReleaseScriptingObjects (0ms)
		CreateAndSetChildDomain (42ms)
	RebuildCommonClasses (65ms)
	RebuildNativeTypeToScriptingClass (20ms)
	initialDomainReloadingComplete (40ms)
	LoadAllAssembliesAndSetupDomain (244ms)
		LoadAssemblies (298ms)
		RebuildTransferFunctionScriptingTraits (0ms)
		AnalyzeDomain (33ms)
			TypeCache.Refresh (11ms)
				TypeCache.ScanAssembly (0ms)
			ScanForSourceGeneratedMonoScriptInfo (13ms)
			ResolveRequiredComponents (8ms)
	FinalizeReload (991ms)
		ReleaseScriptCaches (0ms)
		RebuildScriptCaches (0ms)
		SetupLoadedEditorAssemblies (569ms)
			LogAssemblyErrors (0ms)
			InitializePlatformSupportModulesInManaged (47ms)
			SetLoadedEditorAssemblies (7ms)
			RefreshPlugins (0ms)
			BeforeProcessingInitializeOnLoad (81ms)
			ProcessInitializeOnLoadAttributes (393ms)
			ProcessInitializeOnLoadMethodAttributes (35ms)
			AfterProcessingInitializeOnLoad (7ms)
			EditorAssembliesLoaded (0ms)
		ExecutionOrderSort2 (0ms)
		AwakeInstancesAfterBackupRestoration (8ms)
Refreshing native plugins compatible for Editor in 1.33 ms, found 0 plugins.
Preloading 0 native plugins for Editor in 0.00 ms.
Unloading 3253 Unused Serialized files (Serialized files now loaded: 0)
Unloading 14 unused Assets / (28.5 KB). Loaded Objects now: 3830.
Memory consumption went from 134.4 MB to 134.4 MB.
Total: 4.850649 ms (FindLiveObjects: 0.272322 ms CreateObjectMapping: 0.278389 ms MarkObjects: 4.237670 ms  DeleteObjects: 0.060861 ms)

Prepare: number of updated asset objects reloaded= 0
AssetImportParameters requested are different than current active one (requested -> active):
  custom:container-demuxer-ogg: 62fdf1f143b41e24485cea50d1cbac27 -> 
  custom:scripting/monoscript/fileName/HandScript.cs: ab82d9b432b4ff3c2be587dcfc2ef88f -> f6d2d9607a041472806e778f6397f6ff
  custom:scripting/monoscript/fileName/GunScript.cs: 6a8d5652f919b70c5522b0348dc3dc24 -> adaec7589872e88b61019be0f1bdc549
  custom:video-decoder-ogg-theora: a1e56fd34408186e4bbccfd4996cb3dc -> 
  custom:scripting/monoscript/fileName/BulletScript.cs: 13477a3b0c98cca55096ea1dcfe934dc -> d888d721bde78eacda1c314a50a2cf74
  custom:CustomObjectIndexerAttribute: 232f87dd983dbecb2a4e21e08eb2cef8 -> 
  custom:container-demuxer-webm: 4f35f7cbe854078d1ac9338744f61a02 -> 
  custom:scripting/monoscript/fileName/ClipScript.cs: d454b9a64ca33d8936f1fee1d0b94333 -> a47e0092d1d896ccc176e69669d3233d
  custom:container-muxer-webm: aa71ff27fc2769a1b78a27578f13a17b -> 
  custom:video-decoder-webm-vp8: 9c59270c3fd7afecdb556c50c9e8de78 -> 
  custom:scripting/monoscript/fileName/MovementScript.cs: 0602eb1700489a3ab9cb01ec15ee773a -> 9a1daee93d0a505568922467e5a5e2e0
  custom:SearchIndexIgnoredProperties: e643bd26f0fe6173181afceb89e7c659 -> 
  custom:AudioImporter_EditorPlatform: 2f0ff77a95e0ac474e3e8eeba4e2f7cb -> 
  custom:video-encoder-webm-vp8: eb34c28f22e8b96e1ab97ce403110664 -> 
  custom:audio-decoder-ogg-vorbis: bf7c407c2cedff20999df2af8eb42d56 -> 
  custom:scripting/monoscript/fileName/Item.cs: c2b7fc65fe255f985743270ca947d8ec -> edfd25bbe8f561e55c7415f9c3adacfe
  custom:audio-encoder-webm-vorbis: bf7c407c2cedff20999df2af8eb42d56 -> 
  custom:scripting/precompiled-assembly-types:Assembly-CSharp: be7cd846428441ed6c71065bcd346447 -> 14f21d8c89919019ed129879e7927412
========================================================================
Received Prepare
Caller must complete domain reload
Begin MonoManager ReloadAssembly
- Loaded All Assemblies, in  0.456 seconds
Native extension for LinuxStandalone target not found
Native extension for WindowsStandalone target not found
Mono: successfully reloaded assembly
- Finished resetting the current domain, in  0.907 seconds
Domain Reload Profiling: 1363ms
	BeginReloadAssembly (145ms)
		ExecutionOrderSort (0ms)
		DisableScriptedObjects (9ms)
		BackupInstance (0ms)
		ReleaseScriptingObjects (0ms)
		CreateAndSetChildDomain (39ms)
	RebuildCommonClasses (44ms)
	RebuildNativeTypeToScriptingClass (12ms)
	initialDomainReloadingComplete (36ms)
	LoadAllAssembliesAndSetupDomain (218ms)
		LoadAssemblies (254ms)
		RebuildTransferFunctionScriptingTraits (0ms)
		AnalyzeDomain (28ms)
			TypeCache.Refresh (10ms)
				TypeCache.ScanAssembly (0ms)
			ScanForSourceGeneratedMonoScriptInfo (10ms)
			ResolveRequiredComponents (7ms)
	FinalizeReload (907ms)
		ReleaseScriptCaches (0ms)
		RebuildScriptCaches (0ms)
		SetupLoadedEditorAssemblies (513ms)
			LogAssemblyErrors (0ms)
			InitializePlatformSupportModulesInManaged (57ms)
			SetLoadedEditorAssemblies (7ms)
			RefreshPlugins (0ms)
			BeforeProcessingInitializeOnLoad (89ms)
			ProcessInitializeOnLoadAttributes (324ms)
			ProcessInitializeOnLoadMethodAttributes (30ms)
			AfterProcessingInitializeOnLoad (7ms)
			EditorAssembliesLoaded (0ms)
		ExecutionOrderSort2 (0ms)
		AwakeInstancesAfterBackupRestoration (5ms)
Refreshing native plugins compatible for Editor in 1.17 ms, found 0 plugins.
Preloading 0 native plugins for Editor in 0.00 ms.
Unloading 3253 Unused Serialized files (Serialized files now loaded: 0)
Unloading 14 unused Assets / (28.5 KB). Loaded Objects now: 3834.
Memory consumption went from 134.5 MB to 134.4 MB.
Total: 4.897997 ms (FindLiveObjects: 0.329936 ms CreateObjectMapping: 0.277741 ms MarkObjects: 4.218731 ms  DeleteObjects: 0.070104 ms)

Prepare: number of updated asset objects reloaded= 0
AssetImportParameters requested are different than current active one (requested -> active):
  custom:container-demuxer-ogg: 62fdf1f143b41e24485cea50d1cbac27 -> 
  custom:scripting/monoscript/fileName/HandScript.cs: ab82d9b432b4ff3c2be587dcfc2ef88f -> f6d2d9607a041472806e778f6397f6ff
  custom:scripting/monoscript/fileName/GunScript.cs: 6a8d5652f919b70c5522b0348dc3dc24 -> adaec7589872e88b61019be0f1bdc549
  custom:video-decoder-ogg-theora: a1e56fd34408186e4bbccfd4996cb3dc -> 
  custom:scripting/monoscript/fileName/BulletScript.cs: 13477a3b0c98cca55096ea1dcfe934dc -> d888d721bde78eacda1c314a50a2cf74
  custom:CustomObjectIndexerAttribute: 232f87dd983dbecb2a4e21e08eb2cef8 -> 
  custom:container-demuxer-webm: 4f35f7cbe854078d1ac9338744f61a02 -> 
  custom:scripting/monoscript/fileName/ClipScript.cs: d454b9a64ca33d8936f1fee1d0b94333 -> a47e0092d1d896ccc176e69669d3233d
  custom:container-muxer-webm: aa71ff27fc2769a1b78a27578f13a17b -> 
  custom:video-decoder-webm-vp8: 9c59270c3fd7afecdb556c50c9e8de78 -> 
  custom:scripting/monoscript/fileName/MovementScript.cs: 0602eb1700489a3ab9cb01ec15ee773a -> 9a1daee93d0a505568922467e5a5e2e0
  custom:SearchIndexIgnoredProperties: e643bd26f0fe6173181afceb89e7c659 -> 
  custom:AudioImporter_EditorPlatform: 2f0ff77a95e0ac474e3e8eeba4e2f7cb -> 
  custom:video-encoder-webm-vp8: eb34c28f22e8b96e1ab97ce403110664 -> 
  custom:audio-decoder-ogg-vorbis: bf7c407c2cedff20999df2af8eb42d56 -> 
  custom:scripting/monoscript/fileName/Item.cs: c2b7fc65fe255f985743270ca947d8ec -> edfd25bbe8f561e55c7415f9c3adacfe
  custom:audio-encoder-webm-vorbis: bf7c407c2cedff20999df2af8eb42d56 -> 
  custom:scripting/precompiled-assembly-types:Assembly-CSharp: be7cd846428441ed6c71065bcd346447 -> 14f21d8c89919019ed129879e7927412
========================================================================
Received Prepare
Caller must complete domain reload
Begin MonoManager ReloadAssembly
- Loaded All Assemblies, in  0.457 seconds
Native extension for LinuxStandalone target not found
Native extension for WindowsStandalone target not found
Mono: successfully reloaded assembly
- Finished resetting the current domain, in  0.950 seconds
Domain Reload Profiling: 1407ms
	BeginReloadAssembly (142ms)
		ExecutionOrderSort (0ms)
		DisableScriptedObjects (7ms)
		BackupInstance (0ms)
		ReleaseScriptingObjects (0ms)
		CreateAndSetChildDomain (38ms)
	RebuildCommonClasses (43ms)
	RebuildNativeTypeToScriptingClass (14ms)
	initialDomainReloadingComplete (37ms)
	LoadAllAssembliesAndSetupDomain (220ms)
		LoadAssemblies (261ms)
		RebuildTransferFunctionScriptingTraits (0ms)
		AnalyzeDomain (25ms)
			TypeCache.Refresh (10ms)
				TypeCache.ScanAssembly (0ms)
			ScanForSourceGeneratedMonoScriptInfo (8ms)
			ResolveRequiredComponents (6ms)
	FinalizeReload (951ms)
		ReleaseScriptCaches (0ms)
		RebuildScriptCaches (0ms)
		SetupLoadedEditorAssemblies (526ms)
			LogAssemblyErrors (0ms)
			InitializePlatformSupportModulesInManaged (48ms)
			SetLoadedEditorAssemblies (6ms)
			RefreshPlugins (0ms)
			BeforeProcessingInitializeOnLoad (77ms)
			ProcessInitializeOnLoadAttributes (355ms)
			ProcessInitializeOnLoadMethodAttributes (30ms)
			AfterProcessingInitializeOnLoad (11ms)
			EditorAssembliesLoaded (0ms)
		ExecutionOrderSort2 (0ms)
		AwakeInstancesAfterBackupRestoration (6ms)
Refreshing native plugins compatible for Editor in 1.15 ms, found 0 plugins.
Preloading 0 native plugins for Editor in 0.00 ms.
Unloading 3253 Unused Serialized files (Serialized files now loaded: 0)
Unloading 14 unused Assets / (28.5 KB). Loaded Objects now: 3838.
Memory consumption went from 134.5 MB to 134.4 MB.
Total: 4.266116 ms (FindLiveObjects: 0.260176 ms CreateObjectMapping: 0.250647 ms MarkObjects: 3.700892 ms  DeleteObjects: 0.053084 ms)

Prepare: number of updated asset objects reloaded= 0
AssetImportParameters requested are different than current active one (requested -> active):
  custom:container-demuxer-ogg: 62fdf1f143b41e24485cea50d1cbac27 -> 
  custom:scripting/monoscript/fileName/HandScript.cs: ab82d9b432b4ff3c2be587dcfc2ef88f -> f6d2d9607a041472806e778f6397f6ff
  custom:scripting/monoscript/fileName/GunScript.cs: 6a8d5652f919b70c5522b0348dc3dc24 -> adaec7589872e88b61019be0f1bdc549
  custom:video-decoder-ogg-theora: a1e56fd34408186e4bbccfd4996cb3dc -> 
  custom:scripting/monoscript/fileName/BulletScript.cs: 13477a3b0c98cca55096ea1dcfe934dc -> d888d721bde78eacda1c314a50a2cf74
  custom:CustomObjectIndexerAttribute: 232f87dd983dbecb2a4e21e08eb2cef8 -> 
  custom:container-demuxer-webm: 4f35f7cbe854078d1ac9338744f61a02 -> 
  custom:scripting/monoscript/fileName/ClipScript.cs: d454b9a64ca33d8936f1fee1d0b94333 -> a47e0092d1d896ccc176e69669d3233d
  custom:container-muxer-webm: aa71ff27fc2769a1b78a27578f13a17b -> 
  custom:video-decoder-webm-vp8: 9c59270c3fd7afecdb556c50c9e8de78 -> 
  custom:scripting/monoscript/fileName/MovementScript.cs: 0602eb1700489a3ab9cb01ec15ee773a -> 9a1daee93d0a505568922467e5a5e2e0
  custom:SearchIndexIgnoredProperties: e643bd26f0fe6173181afceb89e7c659 -> 
  custom:AudioImporter_EditorPlatform: 2f0ff77a95e0ac474e3e8eeba4e2f7cb -> 
  custom:video-encoder-webm-vp8: eb34c28f22e8b96e1ab97ce403110664 -> 
  custom:audio-decoder-ogg-vorbis: bf7c407c2cedff20999df2af8eb42d56 -> 
  custom:scripting/monoscript/fileName/Item.cs: c2b7fc65fe255f985743270ca947d8ec -> edfd25bbe8f561e55c7415f9c3adacfe
  custom:audio-encoder-webm-vorbis: bf7c407c2cedff20999df2af8eb42d56 -> 
  custom:scripting/precompiled-assembly-types:Assembly-CSharp: be7cd846428441ed6c71065bcd346447 -> 14f21d8c89919019ed129879e7927412
========================================================================
Received Prepare
Caller must complete domain reload
Begin MonoManager ReloadAssembly
- Loaded All Assemblies, in  0.453 seconds
Native extension for LinuxStandalone target not found
Native extension for WindowsStandalone target not found
Mono: successfully reloaded assembly
- Finished resetting the current domain, in  1.038 seconds
Domain Reload Profiling: 1490ms
	BeginReloadAssembly (141ms)
		ExecutionOrderSort (0ms)
		DisableScriptedObjects (6ms)
		BackupInstance (0ms)
		ReleaseScriptingObjects (0ms)
		CreateAndSetChildDomain (38ms)
	RebuildCommonClasses (42ms)
	RebuildNativeTypeToScriptingClass (13ms)
	initialDomainReloadingComplete (38ms)
	LoadAllAssembliesAndSetupDomain (218ms)
		LoadAssemblies (256ms)
		RebuildTransferFunctionScriptingTraits (0ms)
		AnalyzeDomain (26ms)
			TypeCache.Refresh (10ms)
				TypeCache.ScanAssembly (0ms)
			ScanForSourceGeneratedMonoScriptInfo (9ms)
			ResolveRequiredComponents (6ms)
	FinalizeReload (1038ms)
		ReleaseScriptCaches (0ms)
		RebuildScriptCaches (0ms)
		SetupLoadedEditorAssemblies (582ms)
			LogAssemblyErrors (0ms)
			InitializePlatformSupportModulesInManaged (44ms)
			SetLoadedEditorAssemblies (5ms)
			RefreshPlugins (0ms)
			BeforeProcessingInitializeOnLoad (75ms)
			ProcessInitializeOnLoadAttributes (422ms)
			ProcessInitializeOnLoadMethodAttributes (29ms)
			AfterProcessingInitializeOnLoad (7ms)
			EditorAssembliesLoaded (0ms)
		ExecutionOrderSort2 (0ms)
		AwakeInstancesAfterBackupRestoration (5ms)
Refreshing native plugins compatible for Editor in 1.26 ms, found 0 plugins.
Preloading 0 native plugins for Editor in 0.00 ms.
Unloading 3253 Unused Serialized files (Serialized files now loaded: 0)
Unloading 14 unused Assets / (28.5 KB). Loaded Objects now: 3842.
Memory consumption went from 134.5 MB to 134.4 MB.
Total: 4.315530 ms (FindLiveObjects: 0.265367 ms CreateObjectMapping: 0.253147 ms MarkObjects: 3.734822 ms  DeleteObjects: 0.060935 ms)

Prepare: number of updated asset objects reloaded= 0
AssetImportParameters requested are different than current active one (requested -> active):
  custom:container-demuxer-ogg: 62fdf1f143b41e24485cea50d1cbac27 -> 
  custom:scripting/monoscript/fileName/HandScript.cs: ab82d9b432b4ff3c2be587dcfc2ef88f -> f6d2d9607a041472806e778f6397f6ff
  custom:scripting/monoscript/fileName/GunScript.cs: 6a8d5652f919b70c5522b0348dc3dc24 -> adaec7589872e88b61019be0f1bdc549
  custom:video-decoder-ogg-theora: a1e56fd34408186e4bbccfd4996cb3dc -> 
  custom:scripting/monoscript/fileName/BulletScript.cs: 13477a3b0c98cca55096ea1dcfe934dc -> d888d721bde78eacda1c314a50a2cf74
  custom:CustomObjectIndexerAttribute: 232f87dd983dbecb2a4e21e08eb2cef8 -> 
  custom:container-demuxer-webm: 4f35f7cbe854078d1ac9338744f61a02 -> 
  custom:scripting/monoscript/fileName/ClipScript.cs: d454b9a64ca33d8936f1fee1d0b94333 -> a47e0092d1d896ccc176e69669d3233d
  custom:container-muxer-webm: aa71ff27fc2769a1b78a27578f13a17b -> 
  custom:video-decoder-webm-vp8: 9c59270c3fd7afecdb556c50c9e8de78 -> 
  custom:scripting/monoscript/fileName/MovementScript.cs: 0602eb1700489a3ab9cb01ec15ee773a -> 9a1daee93d0a505568922467e5a5e2e0
  custom:SearchIndexIgnoredProperties: e643bd26f0fe6173181afceb89e7c659 -> 
  custom:AudioImporter_EditorPlatform: 2f0ff77a95e0ac474e3e8eeba4e2f7cb -> 
  custom:video-encoder-webm-vp8: eb34c28f22e8b96e1ab97ce403110664 -> 
  custom:audio-decoder-ogg-vorbis: bf7c407c2cedff20999df2af8eb42d56 -> 
  custom:scripting/monoscript/fileName/Item.cs: c2b7fc65fe255f985743270ca947d8ec -> edfd25bbe8f561e55c7415f9c3adacfe
  custom:audio-encoder-webm-vorbis: bf7c407c2cedff20999df2af8eb42d56 -> 
  custom:scripting/precompiled-assembly-types:Assembly-CSharp: be7cd846428441ed6c71065bcd346447 -> 14f21d8c89919019ed129879e7927412
========================================================================
Received Prepare
Caller must complete domain reload
Begin MonoManager ReloadAssembly
- Loaded All Assemblies, in  0.483 seconds
Native extension for LinuxStandalone target not found
Native extension for WindowsStandalone target not found
Mono: successfully reloaded assembly
- Finished resetting the current domain, in  1.183 seconds
Domain Reload Profiling: 1665ms
	BeginReloadAssembly (161ms)
		ExecutionOrderSort (0ms)
		DisableScriptedObjects (7ms)
		BackupInstance (0ms)
		ReleaseScriptingObjects (0ms)
		CreateAndSetChildDomain (40ms)
	RebuildCommonClasses (41ms)
	RebuildNativeTypeToScriptingClass (13ms)
	initialDomainReloadingComplete (38ms)
	LoadAllAssembliesAndSetupDomain (229ms)
		LoadAssemblies (285ms)
		RebuildTransferFunctionScriptingTraits (0ms)
		AnalyzeDomain (25ms)
			TypeCache.Refresh (9ms)
				TypeCache.ScanAssembly (0ms)
			ScanForSourceGeneratedMonoScriptInfo (9ms)
			ResolveRequiredComponents (6ms)
	FinalizeReload (1183ms)
		ReleaseScriptCaches (0ms)
		RebuildScriptCaches (0ms)
		SetupLoadedEditorAssemblies (752ms)
			LogAssemblyErrors (0ms)
			InitializePlatformSupportModulesInManaged (66ms)
			SetLoadedEditorAssemblies (11ms)
			RefreshPlugins (0ms)
			BeforeProcessingInitializeOnLoad (109ms)
			ProcessInitializeOnLoadAttributes (521ms)
			ProcessInitializeOnLoadMethodAttributes (35ms)
			AfterProcessingInitializeOnLoad (10ms)
			EditorAssembliesLoaded (0ms)
		ExecutionOrderSort2 (0ms)
		AwakeInstancesAfterBackupRestoration (9ms)
Refreshing native plugins compatible for Editor in 1.23 ms, found 0 plugins.
Preloading 0 native plugins for Editor in 0.00 ms.
Unloading 3253 Unused Serialized files (Serialized files now loaded: 0)
Unloading 14 unused Assets / (28.5 KB). Loaded Objects now: 3846.
Memory consumption went from 134.5 MB to 134.4 MB.
Total: 4.719299 ms (FindLiveObjects: 0.376306 ms CreateObjectMapping: 0.248238 ms MarkObjects: 3.995551 ms  DeleteObjects: 0.097351 ms)

Prepare: number of updated asset objects reloaded= 0
AssetImportParameters requested are different than current active one (requested -> active):
  custom:container-demuxer-ogg: 62fdf1f143b41e24485cea50d1cbac27 -> 
  custom:scripting/monoscript/fileName/HandScript.cs: ab82d9b432b4ff3c2be587dcfc2ef88f -> f6d2d9607a041472806e778f6397f6ff
  custom:scripting/monoscript/fileName/GunScript.cs: 6a8d5652f919b70c5522b0348dc3dc24 -> adaec7589872e88b61019be0f1bdc549
  custom:video-decoder-ogg-theora: a1e56fd34408186e4bbccfd4996cb3dc -> 
  custom:scripting/monoscript/fileName/BulletScript.cs: 13477a3b0c98cca55096ea1dcfe934dc -> d888d721bde78eacda1c314a50a2cf74
  custom:CustomObjectIndexerAttribute: 232f87dd983dbecb2a4e21e08eb2cef8 -> 
  custom:container-demuxer-webm: 4f35f7cbe854078d1ac9338744f61a02 -> 
  custom:scripting/monoscript/fileName/ClipScript.cs: d454b9a64ca33d8936f1fee1d0b94333 -> a47e0092d1d896ccc176e69669d3233d
  custom:container-muxer-webm: aa71ff27fc2769a1b78a27578f13a17b -> 
  custom:video-decoder-webm-vp8: 9c59270c3fd7afecdb556c50c9e8de78 -> 
  custom:scripting/monoscript/fileName/MovementScript.cs: 0602eb1700489a3ab9cb01ec15ee773a -> 9a1daee93d0a505568922467e5a5e2e0
  custom:SearchIndexIgnoredProperties: e643bd26f0fe6173181afceb89e7c659 -> 
  custom:AudioImporter_EditorPlatform: 2f0ff77a95e0ac474e3e8eeba4e2f7cb -> 
  custom:video-encoder-webm-vp8: eb34c28f22e8b96e1ab97ce403110664 -> 
  custom:audio-decoder-ogg-vorbis: bf7c407c2cedff20999df2af8eb42d56 -> 
  custom:scripting/monoscript/fileName/Item.cs: c2b7fc65fe255f985743270ca947d8ec -> edfd25bbe8f561e55c7415f9c3adacfe
  custom:audio-encoder-webm-vorbis: bf7c407c2cedff20999df2af8eb42d56 -> 
  custom:scripting/precompiled-assembly-types:Assembly-CSharp: be7cd846428441ed6c71065bcd346447 -> 14f21d8c89919019ed129879e7927412
========================================================================
Received Prepare
Caller must complete domain reload
Begin MonoManager ReloadAssembly
- Loaded All Assemblies, in  0.485 seconds
Native extension for LinuxStandalone target not found
Native extension for WindowsStandalone target not found
Mono: successfully reloaded assembly
- Finished resetting the current domain, in  1.266 seconds
Domain Reload Profiling: 1750ms
	BeginReloadAssembly (158ms)
		ExecutionOrderSort (0ms)
		DisableScriptedObjects (6ms)
		BackupInstance (0ms)
		ReleaseScriptingObjects (0ms)
		CreateAndSetChildDomain (52ms)
	RebuildCommonClasses (43ms)
	RebuildNativeTypeToScriptingClass (15ms)
	initialDomainReloadingComplete (37ms)
	LoadAllAssembliesAndSetupDomain (231ms)
		LoadAssemblies (270ms)
		RebuildTransferFunctionScriptingTraits (0ms)
		AnalyzeDomain (28ms)
			TypeCache.Refresh (10ms)
				TypeCache.ScanAssembly (0ms)
			ScanForSourceGeneratedMonoScriptInfo (10ms)
			ResolveRequiredComponents (7ms)
	FinalizeReload (1267ms)
		ReleaseScriptCaches (0ms)
		RebuildScriptCaches (0ms)
		SetupLoadedEditorAssemblies (760ms)
			LogAssemblyErrors (0ms)
			InitializePlatformSupportModulesInManaged (62ms)
			SetLoadedEditorAssemblies (7ms)
			RefreshPlugins (0ms)
			BeforeProcessingInitializeOnLoad (95ms)
			ProcessInitializeOnLoadAttributes (528ms)
			ProcessInitializeOnLoadMethodAttributes (53ms)
			AfterProcessingInitializeOnLoad (14ms)
			EditorAssembliesLoaded (0ms)
		ExecutionOrderSort2 (0ms)
		AwakeInstancesAfterBackupRestoration (10ms)
Refreshing native plugins compatible for Editor in 1.16 ms, found 0 plugins.
Preloading 0 native plugins for Editor in 0.00 ms.
Unloading 3253 Unused Serialized files (Serialized files now loaded: 0)
Unloading 14 unused Assets / (28.5 KB). Loaded Objects now: 3850.
Memory consumption went from 134.5 MB to 134.4 MB.
Total: 6.735178 ms (FindLiveObjects: 0.367163 ms CreateObjectMapping: 0.488729 ms MarkObjects: 5.815081 ms  DeleteObjects: 0.062606 ms)

Prepare: number of updated asset objects reloaded= 0
AssetImportParameters requested are different than current active one (requested -> active):
  custom:container-demuxer-ogg: 62fdf1f143b41e24485cea50d1cbac27 -> 
  custom:scripting/monoscript/fileName/HandScript.cs: ab82d9b432b4ff3c2be587dcfc2ef88f -> f6d2d9607a041472806e778f6397f6ff
  custom:scripting/monoscript/fileName/GunScript.cs: 6a8d5652f919b70c5522b0348dc3dc24 -> adaec7589872e88b61019be0f1bdc549
  custom:video-decoder-ogg-theora: a1e56fd34408186e4bbccfd4996cb3dc -> 
  custom:scripting/monoscript/fileName/BulletScript.cs: 13477a3b0c98cca55096ea1dcfe934dc -> d888d721bde78eacda1c314a50a2cf74
  custom:CustomObjectIndexerAttribute: 232f87dd983dbecb2a4e21e08eb2cef8 -> 
  custom:container-demuxer-webm: 4f35f7cbe854078d1ac9338744f61a02 -> 
  custom:scripting/monoscript/fileName/ClipScript.cs: d454b9a64ca33d8936f1fee1d0b94333 -> a47e0092d1d896ccc176e69669d3233d
  custom:container-muxer-webm: aa71ff27fc2769a1b78a27578f13a17b -> 
  custom:video-decoder-webm-vp8: 9c59270c3fd7afecdb556c50c9e8de78 -> 
  custom:scripting/monoscript/fileName/MovementScript.cs: 0602eb1700489a3ab9cb01ec15ee773a -> 9a1daee93d0a505568922467e5a5e2e0
  custom:SearchIndexIgnoredProperties: e643bd26f0fe6173181afceb89e7c659 -> 
  custom:AudioImporter_EditorPlatform: 2f0ff77a95e0ac474e3e8eeba4e2f7cb -> 
  custom:video-encoder-webm-vp8: eb34c28f22e8b96e1ab97ce403110664 -> 
  custom:audio-decoder-ogg-vorbis: bf7c407c2cedff20999df2af8eb42d56 -> 
  custom:scripting/monoscript/fileName/Item.cs: c2b7fc65fe255f985743270ca947d8ec -> edfd25bbe8f561e55c7415f9c3adacfe
  custom:audio-encoder-webm-vorbis: bf7c407c2cedff20999df2af8eb42d56 -> 
  custom:scripting/precompiled-assembly-types:Assembly-CSharp: be7cd846428441ed6c71065bcd346447 -> 14f21d8c89919019ed129879e7927412
========================================================================
Received Prepare
Caller must complete domain reload
Begin MonoManager ReloadAssembly
- Loaded All Assemblies, in  0.476 seconds
Native extension for LinuxStandalone target not found
Native extension for WindowsStandalone target not found
Mono: successfully reloaded assembly
- Finished resetting the current domain, in  1.095 seconds
Domain Reload Profiling: 1571ms
	BeginReloadAssembly (157ms)
		ExecutionOrderSort (0ms)
		DisableScriptedObjects (6ms)
		BackupInstance (0ms)
		ReleaseScriptingObjects (0ms)
		CreateAndSetChildDomain (45ms)
	RebuildCommonClasses (46ms)
	RebuildNativeTypeToScriptingClass (13ms)
	initialDomainReloadingComplete (37ms)
	LoadAllAssembliesAndSetupDomain (222ms)
		LoadAssemblies (268ms)
		RebuildTransferFunctionScriptingTraits (0ms)
		AnalyzeDomain (26ms)
			TypeCache.Refresh (9ms)
				TypeCache.ScanAssembly (0ms)
			ScanForSourceGeneratedMonoScriptInfo (9ms)
			ResolveRequiredComponents (6ms)
	FinalizeReload (1096ms)
		ReleaseScriptCaches (0ms)
		RebuildScriptCaches (0ms)
		SetupLoadedEditorAssemblies (666ms)
			LogAssemblyErrors (0ms)
			InitializePlatformSupportModulesInManaged (46ms)
			SetLoadedEditorAssemblies (9ms)
			RefreshPlugins (0ms)
			BeforeProcessingInitializeOnLoad (119ms)
			ProcessInitializeOnLoadAttributes (446ms)
			ProcessInitializeOnLoadMethodAttributes (38ms)
			AfterProcessingInitializeOnLoad (7ms)
			EditorAssembliesLoaded (0ms)
		ExecutionOrderSort2 (0ms)
		AwakeInstancesAfterBackupRestoration (6ms)
Refreshing native plugins compatible for Editor in 1.84 ms, found 0 plugins.
Preloading 0 native plugins for Editor in 0.00 ms.
Unloading 3253 Unused Serialized files (Serialized files now loaded: 0)
Unloading 14 unused Assets / (28.4 KB). Loaded Objects now: 3854.
Memory consumption went from 134.5 MB to 134.4 MB.
Total: 5.553928 ms (FindLiveObjects: 0.609110 ms CreateObjectMapping: 0.238333 ms MarkObjects: 4.570372 ms  DeleteObjects: 0.130279 ms)

Prepare: number of updated asset objects reloaded= 0
AssetImportParameters requested are different than current active one (requested -> active):
  custom:container-demuxer-ogg: 62fdf1f143b41e24485cea50d1cbac27 -> 
  custom:scripting/monoscript/fileName/HandScript.cs: ab82d9b432b4ff3c2be587dcfc2ef88f -> f6d2d9607a041472806e778f6397f6ff
  custom:scripting/monoscript/fileName/GunScript.cs: 6a8d5652f919b70c5522b0348dc3dc24 -> adaec7589872e88b61019be0f1bdc549
  custom:video-decoder-ogg-theora: a1e56fd34408186e4bbccfd4996cb3dc -> 
  custom:scripting/monoscript/fileName/BulletScript.cs: 13477a3b0c98cca55096ea1dcfe934dc -> d888d721bde78eacda1c314a50a2cf74
  custom:CustomObjectIndexerAttribute: 232f87dd983dbecb2a4e21e08eb2cef8 -> 
  custom:container-demuxer-webm: 4f35f7cbe854078d1ac9338744f61a02 -> 
  custom:scripting/monoscript/fileName/ClipScript.cs: d454b9a64ca33d8936f1fee1d0b94333 -> a47e0092d1d896ccc176e69669d3233d
  custom:container-muxer-webm: aa71ff27fc2769a1b78a27578f13a17b -> 
  custom:video-decoder-webm-vp8: 9c59270c3fd7afecdb556c50c9e8de78 -> 
  custom:scripting/monoscript/fileName/MovementScript.cs: 0602eb1700489a3ab9cb01ec15ee773a -> 9a1daee93d0a505568922467e5a5e2e0
  custom:SearchIndexIgnoredProperties: e643bd26f0fe6173181afceb89e7c659 -> 
  custom:AudioImporter_EditorPlatform: 2f0ff77a95e0ac474e3e8eeba4e2f7cb -> 
  custom:video-encoder-webm-vp8: eb34c28f22e8b96e1ab97ce403110664 -> 
  custom:audio-decoder-ogg-vorbis: bf7c407c2cedff20999df2af8eb42d56 -> 
  custom:scripting/monoscript/fileName/Item.cs: c2b7fc65fe255f985743270ca947d8ec -> edfd25bbe8f561e55c7415f9c3adacfe
  custom:audio-encoder-webm-vorbis: bf7c407c2cedff20999df2af8eb42d56 -> 
  custom:scripting/precompiled-assembly-types:Assembly-CSharp: be7cd846428441ed6c71065bcd346447 -> 14f21d8c89919019ed129879e7927412
========================================================================
Received Prepare
Caller must complete domain reload
Begin MonoManager ReloadAssembly
- Loaded All Assemblies, in  0.472 seconds
Native extension for LinuxStandalone target not found
Native extension for WindowsStandalone target not found
Mono: successfully reloaded assembly
- Finished resetting the current domain, in  1.133 seconds
Domain Reload Profiling: 1605ms
	BeginReloadAssembly (151ms)
		ExecutionOrderSort (0ms)
		DisableScriptedObjects (8ms)
		BackupInstance (0ms)
		ReleaseScriptingObjects (0ms)
		CreateAndSetChildDomain (40ms)
	RebuildCommonClasses (43ms)
	RebuildNativeTypeToScriptingClass (15ms)
	initialDomainReloadingComplete (38ms)
	LoadAllAssembliesAndSetupDomain (225ms)
		LoadAssemblies (267ms)
		RebuildTransferFunctionScriptingTraits (0ms)
		AnalyzeDomain (26ms)
			TypeCache.Refresh (9ms)
				TypeCache.ScanAssembly (0ms)
			ScanForSourceGeneratedMonoScriptInfo (9ms)
			ResolveRequiredComponents (6ms)
	FinalizeReload (1134ms)
		ReleaseScriptCaches (0ms)
		RebuildScriptCaches (0ms)
		SetupLoadedEditorAssemblies (703ms)
			LogAssemblyErrors (0ms)
			InitializePlatformSupportModulesInManaged (54ms)
			SetLoadedEditorAssemblies (7ms)
			RefreshPlugins (0ms)
			BeforeProcessingInitializeOnLoad (108ms)
			ProcessInitializeOnLoadAttributes (459ms)
			ProcessInitializeOnLoadMethodAttributes (64ms)
			AfterProcessingInitializeOnLoad (11ms)
			EditorAssembliesLoaded (0ms)
		ExecutionOrderSort2 (0ms)
		AwakeInstancesAfterBackupRestoration (9ms)
Refreshing native plugins compatible for Editor in 1.35 ms, found 0 plugins.
Preloading 0 native plugins for Editor in 0.00 ms.
Unloading 3253 Unused Serialized files (Serialized files now loaded: 0)
Unloading 14 unused Assets / (28.5 KB). Loaded Objects now: 3858.
Memory consumption went from 134.5 MB to 134.4 MB.
Total: 4.556832 ms (FindLiveObjects: 0.277806 ms CreateObjectMapping: 0.270287 ms MarkObjects: 3.889899 ms  DeleteObjects: 0.108709 ms)

Prepare: number of updated asset objects reloaded= 0
AssetImportParameters requested are different than current active one (requested -> active):
  custom:container-demuxer-ogg: 62fdf1f143b41e24485cea50d1cbac27 -> 
  custom:scripting/monoscript/fileName/HandScript.cs: ab82d9b432b4ff3c2be587dcfc2ef88f -> f6d2d9607a041472806e778f6397f6ff
  custom:scripting/monoscript/fileName/GunScript.cs: 6a8d5652f919b70c5522b0348dc3dc24 -> adaec7589872e88b61019be0f1bdc549
  custom:video-decoder-ogg-theora: a1e56fd34408186e4bbccfd4996cb3dc -> 
  custom:scripting/monoscript/fileName/BulletScript.cs: 13477a3b0c98cca55096ea1dcfe934dc -> d888d721bde78eacda1c314a50a2cf74
  custom:CustomObjectIndexerAttribute: 232f87dd983dbecb2a4e21e08eb2cef8 -> 
  custom:container-demuxer-webm: 4f35f7cbe854078d1ac9338744f61a02 -> 
  custom:scripting/monoscript/fileName/ClipScript.cs: d454b9a64ca33d8936f1fee1d0b94333 -> a47e0092d1d896ccc176e69669d3233d
  custom:container-muxer-webm: aa71ff27fc2769a1b78a27578f13a17b -> 
  custom:video-decoder-webm-vp8: 9c59270c3fd7afecdb556c50c9e8de78 -> 
  custom:scripting/monoscript/fileName/MovementScript.cs: 0602eb1700489a3ab9cb01ec15ee773a -> 9a1daee93d0a505568922467e5a5e2e0
  custom:SearchIndexIgnoredProperties: e643bd26f0fe6173181afceb89e7c659 -> 
  custom:AudioImporter_EditorPlatform: 2f0ff77a95e0ac474e3e8eeba4e2f7cb -> 
  custom:video-encoder-webm-vp8: eb34c28f22e8b96e1ab97ce403110664 -> 
  custom:audio-decoder-ogg-vorbis: bf7c407c2cedff20999df2af8eb42d56 -> 
  custom:scripting/monoscript/fileName/Item.cs: c2b7fc65fe255f985743270ca947d8ec -> edfd25bbe8f561e55c7415f9c3adacfe
  custom:audio-encoder-webm-vorbis: bf7c407c2cedff20999df2af8eb42d56 -> 
  custom:scripting/precompiled-assembly-types:Assembly-CSharp: be7cd846428441ed6c71065bcd346447 -> 14f21d8c89919019ed129879e7927412
========================================================================
Received Prepare
Caller must complete domain reload
Begin MonoManager ReloadAssembly
- Loaded All Assemblies, in  0.507 seconds
Native extension for LinuxStandalone target not found
Native extension for WindowsStandalone target not found
Mono: successfully reloaded assembly
- Finished resetting the current domain, in  1.155 seconds
Domain Reload Profiling: 1662ms
	BeginReloadAssembly (155ms)
		ExecutionOrderSort (0ms)
		DisableScriptedObjects (6ms)
		BackupInstance (0ms)
		ReleaseScriptingObjects (0ms)
		CreateAndSetChildDomain (44ms)
	RebuildCommonClasses (45ms)
	RebuildNativeTypeToScriptingClass (13ms)
	initialDomainReloadingComplete (46ms)
	LoadAllAssembliesAndSetupDomain (246ms)
		LoadAssemblies (288ms)
		RebuildTransferFunctionScriptingTraits (0ms)
		AnalyzeDomain (29ms)
			TypeCache.Refresh (10ms)
				TypeCache.ScanAssembly (0ms)
			ScanForSourceGeneratedMonoScriptInfo (9ms)
			ResolveRequiredComponents (8ms)
	FinalizeReload (1157ms)
		ReleaseScriptCaches (0ms)
		RebuildScriptCaches (0ms)
		SetupLoadedEditorAssemblies (698ms)
			LogAssemblyErrors (0ms)
			InitializePlatformSupportModulesInManaged (64ms)
			SetLoadedEditorAssemblies (9ms)
			RefreshPlugins (0ms)
			BeforeProcessingInitializeOnLoad (102ms)
			ProcessInitializeOnLoadAttributes (480ms)
			ProcessInitializeOnLoadMethodAttributes (32ms)
			AfterProcessingInitializeOnLoad (9ms)
			EditorAssembliesLoaded (0ms)
		ExecutionOrderSort2 (0ms)
		AwakeInstancesAfterBackupRestoration (9ms)
Refreshing native plugins compatible for Editor in 1.29 ms, found 0 plugins.
Preloading 0 native plugins for Editor in 0.00 ms.
Unloading 3253 Unused Serialized files (Serialized files now loaded: 0)
Unloading 14 unused Assets / (28.5 KB). Loaded Objects now: 3862.
Memory consumption went from 134.5 MB to 134.4 MB.
Total: 7.068842 ms (FindLiveObjects: 0.349045 ms CreateObjectMapping: 0.336556 ms MarkObjects: 6.324936 ms  DeleteObjects: 0.056783 ms)

Prepare: number of updated asset objects reloaded= 0
AssetImportParameters requested are different than current active one (requested -> active):
  custom:container-demuxer-ogg: 62fdf1f143b41e24485cea50d1cbac27 -> 
  custom:scripting/monoscript/fileName/HandScript.cs: ab82d9b432b4ff3c2be587dcfc2ef88f -> f6d2d9607a041472806e778f6397f6ff
  custom:scripting/monoscript/fileName/GunScript.cs: 6a8d5652f919b70c5522b0348dc3dc24 -> adaec7589872e88b61019be0f1bdc549
  custom:video-decoder-ogg-theora: a1e56fd34408186e4bbccfd4996cb3dc -> 
  custom:scripting/monoscript/fileName/BulletScript.cs: 13477a3b0c98cca55096ea1dcfe934dc -> d888d721bde78eacda1c314a50a2cf74
  custom:CustomObjectIndexerAttribute: 232f87dd983dbecb2a4e21e08eb2cef8 -> 
  custom:container-demuxer-webm: 4f35f7cbe854078d1ac9338744f61a02 -> 
  custom:scripting/monoscript/fileName/ClipScript.cs: d454b9a64ca33d8936f1fee1d0b94333 -> a47e0092d1d896ccc176e69669d3233d
  custom:container-muxer-webm: aa71ff27fc2769a1b78a27578f13a17b -> 
  custom:video-decoder-webm-vp8: 9c59270c3fd7afecdb556c50c9e8de78 -> 
  custom:scripting/monoscript/fileName/MovementScript.cs: 0602eb1700489a3ab9cb01ec15ee773a -> 9a1daee93d0a505568922467e5a5e2e0
  custom:SearchIndexIgnoredProperties: e643bd26f0fe6173181afceb89e7c659 -> 
  custom:AudioImporter_EditorPlatform: 2f0ff77a95e0ac474e3e8eeba4e2f7cb -> 
  custom:video-encoder-webm-vp8: eb34c28f22e8b96e1ab97ce403110664 -> 
  custom:audio-decoder-ogg-vorbis: bf7c407c2cedff20999df2af8eb42d56 -> 
  custom:scripting/monoscript/fileName/Item.cs: c2b7fc65fe255f985743270ca947d8ec -> edfd25bbe8f561e55c7415f9c3adacfe
  custom:audio-encoder-webm-vorbis: bf7c407c2cedff20999df2af8eb42d56 -> 
  custom:scripting/precompiled-assembly-types:Assembly-CSharp: be7cd846428441ed6c71065bcd346447 -> 14f21d8c89919019ed129879e7927412
========================================================================
Received Prepare
Caller must complete domain reload
Begin MonoManager ReloadAssembly
- Loaded All Assemblies, in  0.501 seconds
Native extension for LinuxStandalone target not found
Native extension for WindowsStandalone target not found
Mono: successfully reloaded assembly
- Finished resetting the current domain, in  1.072 seconds
Domain Reload Profiling: 1573ms
	BeginReloadAssembly (145ms)
		ExecutionOrderSort (0ms)
		DisableScriptedObjects (6ms)
		BackupInstance (0ms)
		ReleaseScriptingObjects (0ms)
		CreateAndSetChildDomain (40ms)
	RebuildCommonClasses (47ms)
	RebuildNativeTypeToScriptingClass (13ms)
	initialDomainReloadingComplete (37ms)
	LoadAllAssembliesAndSetupDomain (259ms)
		LoadAssemblies (291ms)
		RebuildTransferFunctionScriptingTraits (0ms)
		AnalyzeDomain (34ms)
			TypeCache.Refresh (15ms)
				TypeCache.ScanAssembly (0ms)
			ScanForSourceGeneratedMonoScriptInfo (11ms)
			ResolveRequiredComponents (7ms)
	FinalizeReload (1073ms)
		ReleaseScriptCaches (0ms)
		RebuildScriptCaches (0ms)
		SetupLoadedEditorAssemblies (657ms)
			LogAssemblyErrors (0ms)
			InitializePlatformSupportModulesInManaged (52ms)
			SetLoadedEditorAssemblies (9ms)
			RefreshPlugins (0ms)
			BeforeProcessingInitializeOnLoad (101ms)
			ProcessInitializeOnLoadAttributes (450ms)
			ProcessInitializeOnLoadMethodAttributes (38ms)
			AfterProcessingInitializeOnLoad (8ms)
			EditorAssembliesLoaded (0ms)
		ExecutionOrderSort2 (0ms)
		AwakeInstancesAfterBackupRestoration (6ms)
Refreshing native plugins compatible for Editor in 1.16 ms, found 0 plugins.
Preloading 0 native plugins for Editor in 0.00 ms.
Unloading 3253 Unused Serialized files (Serialized files now loaded: 0)
Unloading 14 unused Assets / (28.5 KB). Loaded Objects now: 3866.
Memory consumption went from 134.5 MB to 134.4 MB.
Total: 8.757074 ms (FindLiveObjects: 0.877725 ms CreateObjectMapping: 0.822311 ms MarkObjects: 6.985218 ms  DeleteObjects: 0.069541 ms)

Prepare: number of updated asset objects reloaded= 0
AssetImportParameters requested are different than current active one (requested -> active):
  custom:container-demuxer-ogg: 62fdf1f143b41e24485cea50d1cbac27 -> 
  custom:scripting/monoscript/fileName/HandScript.cs: ab82d9b432b4ff3c2be587dcfc2ef88f -> f6d2d9607a041472806e778f6397f6ff
  custom:scripting/monoscript/fileName/GunScript.cs: 6a8d5652f919b70c5522b0348dc3dc24 -> adaec7589872e88b61019be0f1bdc549
  custom:video-decoder-ogg-theora: a1e56fd34408186e4bbccfd4996cb3dc -> 
  custom:scripting/monoscript/fileName/BulletScript.cs: 13477a3b0c98cca55096ea1dcfe934dc -> d888d721bde78eacda1c314a50a2cf74
  custom:CustomObjectIndexerAttribute: 232f87dd983dbecb2a4e21e08eb2cef8 -> 
  custom:container-demuxer-webm: 4f35f7cbe854078d1ac9338744f61a02 -> 
  custom:scripting/monoscript/fileName/ClipScript.cs: d454b9a64ca33d8936f1fee1d0b94333 -> a47e0092d1d896ccc176e69669d3233d
  custom:container-muxer-webm: aa71ff27fc2769a1b78a27578f13a17b -> 
  custom:video-decoder-webm-vp8: 9c59270c3fd7afecdb556c50c9e8de78 -> 
  custom:scripting/monoscript/fileName/MovementScript.cs: 0602eb1700489a3ab9cb01ec15ee773a -> 9a1daee93d0a505568922467e5a5e2e0
  custom:SearchIndexIgnoredProperties: e643bd26f0fe6173181afceb89e7c659 -> 
  custom:AudioImporter_EditorPlatform: 2f0ff77a95e0ac474e3e8eeba4e2f7cb -> 
  custom:video-encoder-webm-vp8: eb34c28f22e8b96e1ab97ce403110664 -> 
  custom:audio-decoder-ogg-vorbis: bf7c407c2cedff20999df2af8eb42d56 -> 
  custom:scripting/monoscript/fileName/Item.cs: c2b7fc65fe255f985743270ca947d8ec -> edfd25bbe8f561e55c7415f9c3adacfe
  custom:audio-encoder-webm-vorbis: bf7c407c2cedff20999df2af8eb42d56 -> 
  custom:scripting/precompiled-assembly-types:Assembly-CSharp: be7cd846428441ed6c71065bcd346447 -> 14f21d8c89919019ed129879e7927412
========================================================================
Received Prepare
Caller must complete domain reload
Begin MonoManager ReloadAssembly
- Loaded All Assemblies, in  0.464 seconds
Native extension for LinuxStandalone target not found
Native extension for WindowsStandalone target not found
Mono: successfully reloaded assembly
- Finished resetting the current domain, in  1.131 seconds
Domain Reload Profiling: 1595ms
	BeginReloadAssembly (145ms)
		ExecutionOrderSort (0ms)
		DisableScriptedObjects (6ms)
		BackupInstance (0ms)
		ReleaseScriptingObjects (0ms)
		CreateAndSetChildDomain (40ms)
	RebuildCommonClasses (44ms)
	RebuildNativeTypeToScriptingClass (13ms)
	initialDomainReloadingComplete (39ms)
	LoadAllAssembliesAndSetupDomain (221ms)
		LoadAssemblies (261ms)
		RebuildTransferFunctionScriptingTraits (0ms)
		AnalyzeDomain (27ms)
			TypeCache.Refresh (10ms)
				TypeCache.ScanAssembly (0ms)
			ScanForSourceGeneratedMonoScriptInfo (9ms)
			ResolveRequiredComponents (7ms)
	FinalizeReload (1132ms)
		ReleaseScriptCaches (0ms)
		RebuildScriptCaches (0ms)
		SetupLoadedEditorAssemblies (716ms)
			LogAssemblyErrors (0ms)
			InitializePlatformSupportModulesInManaged (56ms)
			SetLoadedEditorAssemblies (9ms)
			RefreshPlugins (0ms)
			BeforeProcessingInitializeOnLoad (106ms)
			ProcessInitializeOnLoadAttributes (499ms)
			ProcessInitializeOnLoadMethodAttributes (37ms)
			AfterProcessingInitializeOnLoad (9ms)
			EditorAssembliesLoaded (0ms)
		ExecutionOrderSort2 (0ms)
		AwakeInstancesAfterBackupRestoration (7ms)
Refreshing native plugins compatible for Editor in 1.28 ms, found 0 plugins.
Preloading 0 native plugins for Editor in 0.00 ms.
Unloading 3253 Unused Serialized files (Serialized files now loaded: 0)
Unloading 14 unused Assets / (28.5 KB). Loaded Objects now: 3870.
Memory consumption went from 134.5 MB to 134.4 MB.
Total: 6.868854 ms (FindLiveObjects: 0.502872 ms CreateObjectMapping: 0.683600 ms MarkObjects: 5.619020 ms  DeleteObjects: 0.061860 ms)

Prepare: number of updated asset objects reloaded= 0
AssetImportParameters requested are different than current active one (requested -> active):
  custom:container-demuxer-ogg: 62fdf1f143b41e24485cea50d1cbac27 -> 
  custom:scripting/monoscript/fileName/HandScript.cs: ab82d9b432b4ff3c2be587dcfc2ef88f -> f6d2d9607a041472806e778f6397f6ff
  custom:scripting/monoscript/fileName/GunScript.cs: 6a8d5652f919b70c5522b0348dc3dc24 -> adaec7589872e88b61019be0f1bdc549
  custom:video-decoder-ogg-theora: a1e56fd34408186e4bbccfd4996cb3dc -> 
  custom:scripting/monoscript/fileName/BulletScript.cs: 13477a3b0c98cca55096ea1dcfe934dc -> d888d721bde78eacda1c314a50a2cf74
  custom:CustomObjectIndexerAttribute: 232f87dd983dbecb2a4e21e08eb2cef8 -> 
  custom:container-demuxer-webm: 4f35f7cbe854078d1ac9338744f61a02 -> 
  custom:scripting/monoscript/fileName/ClipScript.cs: d454b9a64ca33d8936f1fee1d0b94333 -> a47e0092d1d896ccc176e69669d3233d
  custom:container-muxer-webm: aa71ff27fc2769a1b78a27578f13a17b -> 
  custom:video-decoder-webm-vp8: 9c59270c3fd7afecdb556c50c9e8de78 -> 
  custom:scripting/monoscript/fileName/MovementScript.cs: 0602eb1700489a3ab9cb01ec15ee773a -> 9a1daee93d0a505568922467e5a5e2e0
  custom:SearchIndexIgnoredProperties: e643bd26f0fe6173181afceb89e7c659 -> 
  custom:AudioImporter_EditorPlatform: 2f0ff77a95e0ac474e3e8eeba4e2f7cb -> 
  custom:video-encoder-webm-vp8: eb34c28f22e8b96e1ab97ce403110664 -> 
  custom:audio-decoder-ogg-vorbis: bf7c407c2cedff20999df2af8eb42d56 -> 
  custom:scripting/monoscript/fileName/Item.cs: c2b7fc65fe255f985743270ca947d8ec -> edfd25bbe8f561e55c7415f9c3adacfe
  custom:audio-encoder-webm-vorbis: bf7c407c2cedff20999df2af8eb42d56 -> 
  custom:scripting/precompiled-assembly-types:Assembly-CSharp: be7cd846428441ed6c71065bcd346447 -> 14f21d8c89919019ed129879e7927412
========================================================================
Received Prepare
Caller must complete domain reload
Begin MonoManager ReloadAssembly
- Loaded All Assemblies, in  0.468 seconds
Native extension for LinuxStandalone target not found
Native extension for WindowsStandalone target not found
Mono: successfully reloaded assembly
- Finished resetting the current domain, in  1.100 seconds
Domain Reload Profiling: 1568ms
	BeginReloadAssembly (144ms)
		ExecutionOrderSort (0ms)
		DisableScriptedObjects (7ms)
		BackupInstance (0ms)
		ReleaseScriptingObjects (0ms)
		CreateAndSetChildDomain (39ms)
	RebuildCommonClasses (45ms)
	RebuildNativeTypeToScriptingClass (14ms)
	initialDomainReloadingComplete (38ms)
	LoadAllAssembliesAndSetupDomain (226ms)
		LoadAssemblies (264ms)
		RebuildTransferFunctionScriptingTraits (0ms)
		AnalyzeDomain (28ms)
			TypeCache.Refresh (9ms)
				TypeCache.ScanAssembly (0ms)
			ScanForSourceGeneratedMonoScriptInfo (11ms)
			ResolveRequiredComponents (7ms)
	FinalizeReload (1101ms)
		ReleaseScriptCaches (0ms)
		RebuildScriptCaches (0ms)
		SetupLoadedEditorAssemblies (688ms)
			LogAssemblyErrors (0ms)
			InitializePlatformSupportModulesInManaged (45ms)
			SetLoadedEditorAssemblies (8ms)
			RefreshPlugins (0ms)
			BeforeProcessingInitializeOnLoad (105ms)
			ProcessInitializeOnLoadAttributes (471ms)
			ProcessInitializeOnLoadMethodAttributes (50ms)
			AfterProcessingInitializeOnLoad (9ms)
			EditorAssembliesLoaded (0ms)
		ExecutionOrderSort2 (0ms)
		AwakeInstancesAfterBackupRestoration (8ms)
Refreshing native plugins compatible for Editor in 1.22 ms, found 0 plugins.
Preloading 0 native plugins for Editor in 0.00 ms.
Unloading 3253 Unused Serialized files (Serialized files now loaded: 0)
Unloading 14 unused Assets / (28.5 KB). Loaded Objects now: 3874.
Memory consumption went from 134.5 MB to 134.4 MB.
Total: 4.140494 ms (FindLiveObjects: 0.341927 ms CreateObjectMapping: 0.239140 ms MarkObjects: 3.497101 ms  DeleteObjects: 0.060556 ms)

Prepare: number of updated asset objects reloaded= 0
AssetImportParameters requested are different than current active one (requested -> active):
  custom:container-demuxer-ogg: 62fdf1f143b41e24485cea50d1cbac27 -> 
  custom:scripting/monoscript/fileName/HandScript.cs: ab82d9b432b4ff3c2be587dcfc2ef88f -> f6d2d9607a041472806e778f6397f6ff
  custom:scripting/monoscript/fileName/GunScript.cs: 6a8d5652f919b70c5522b0348dc3dc24 -> adaec7589872e88b61019be0f1bdc549
  custom:video-decoder-ogg-theora: a1e56fd34408186e4bbccfd4996cb3dc -> 
  custom:scripting/monoscript/fileName/BulletScript.cs: 13477a3b0c98cca55096ea1dcfe934dc -> d888d721bde78eacda1c314a50a2cf74
  custom:CustomObjectIndexerAttribute: 232f87dd983dbecb2a4e21e08eb2cef8 -> 
  custom:container-demuxer-webm: 4f35f7cbe854078d1ac9338744f61a02 -> 
  custom:scripting/monoscript/fileName/ClipScript.cs: d454b9a64ca33d8936f1fee1d0b94333 -> a47e0092d1d896ccc176e69669d3233d
  custom:container-muxer-webm: aa71ff27fc2769a1b78a27578f13a17b -> 
  custom:video-decoder-webm-vp8: 9c59270c3fd7afecdb556c50c9e8de78 -> 
  custom:scripting/monoscript/fileName/MovementScript.cs: 0602eb1700489a3ab9cb01ec15ee773a -> 9a1daee93d0a505568922467e5a5e2e0
  custom:SearchIndexIgnoredProperties: e643bd26f0fe6173181afceb89e7c659 -> 
  custom:AudioImporter_EditorPlatform: 2f0ff77a95e0ac474e3e8eeba4e2f7cb -> 
  custom:video-encoder-webm-vp8: eb34c28f22e8b96e1ab97ce403110664 -> 
  custom:audio-decoder-ogg-vorbis: bf7c407c2cedff20999df2af8eb42d56 -> 
  custom:scripting/monoscript/fileName/Item.cs: c2b7fc65fe255f985743270ca947d8ec -> edfd25bbe8f561e55c7415f9c3adacfe
  custom:audio-encoder-webm-vorbis: bf7c407c2cedff20999df2af8eb42d56 -> 
  custom:scripting/precompiled-assembly-types:Assembly-CSharp: be7cd846428441ed6c71065bcd346447 -> 14f21d8c89919019ed129879e7927412
========================================================================
Received Prepare
Caller must complete domain reload
Begin MonoManager ReloadAssembly
- Loaded All Assemblies, in  0.516 seconds
Native extension for LinuxStandalone target not found
Native extension for WindowsStandalone target not found
Mono: successfully reloaded assembly
- Finished resetting the current domain, in  1.179 seconds
Domain Reload Profiling: 1694ms
	BeginReloadAssembly (199ms)
		ExecutionOrderSort (0ms)
		DisableScriptedObjects (7ms)
		BackupInstance (0ms)
		ReleaseScriptingObjects (0ms)
		CreateAndSetChildDomain (53ms)
	RebuildCommonClasses (43ms)
	RebuildNativeTypeToScriptingClass (13ms)
	initialDomainReloadingComplete (37ms)
	LoadAllAssembliesAndSetupDomain (222ms)
		LoadAssemblies (265ms)
		RebuildTransferFunctionScriptingTraits (0ms)
		AnalyzeDomain (26ms)
			TypeCache.Refresh (9ms)
				TypeCache.ScanAssembly (0ms)
			ScanForSourceGeneratedMonoScriptInfo (9ms)
			ResolveRequiredComponents (6ms)
	FinalizeReload (1180ms)
		ReleaseScriptCaches (0ms)
		RebuildScriptCaches (0ms)
		SetupLoadedEditorAssemblies (775ms)
			LogAssemblyErrors (0ms)
			InitializePlatformSupportModulesInManaged (65ms)
			SetLoadedEditorAssemblies (8ms)
			RefreshPlugins (0ms)
			BeforeProcessingInitializeOnLoad (100ms)
			ProcessInitializeOnLoadAttributes (553ms)
			ProcessInitializeOnLoadMethodAttributes (40ms)
			AfterProcessingInitializeOnLoad (9ms)
			EditorAssembliesLoaded (0ms)
		ExecutionOrderSort2 (0ms)
		AwakeInstancesAfterBackupRestoration (6ms)
Refreshing native plugins compatible for Editor in 1.15 ms, found 0 plugins.
Preloading 0 native plugins for Editor in 0.00 ms.
Unloading 3253 Unused Serialized files (Serialized files now loaded: 0)
Unloading 14 unused Assets / (28.5 KB). Loaded Objects now: 3878.
Memory consumption went from 134.5 MB to 134.4 MB.
Total: 8.834713 ms (FindLiveObjects: 1.237840 ms CreateObjectMapping: 1.065322 ms MarkObjects: 6.423309 ms  DeleteObjects: 0.105483 ms)

Prepare: number of updated asset objects reloaded= 0
AssetImportParameters requested are different than current active one (requested -> active):
  custom:container-demuxer-ogg: 62fdf1f143b41e24485cea50d1cbac27 -> 
  custom:scripting/monoscript/fileName/HandScript.cs: ab82d9b432b4ff3c2be587dcfc2ef88f -> f6d2d9607a041472806e778f6397f6ff
  custom:scripting/monoscript/fileName/GunScript.cs: 6a8d5652f919b70c5522b0348dc3dc24 -> adaec7589872e88b61019be0f1bdc549
  custom:video-decoder-ogg-theora: a1e56fd34408186e4bbccfd4996cb3dc -> 
  custom:scripting/monoscript/fileName/BulletScript.cs: 13477a3b0c98cca55096ea1dcfe934dc -> d888d721bde78eacda1c314a50a2cf74
  custom:CustomObjectIndexerAttribute: 232f87dd983dbecb2a4e21e08eb2cef8 -> 
  custom:container-demuxer-webm: 4f35f7cbe854078d1ac9338744f61a02 -> 
  custom:scripting/monoscript/fileName/ClipScript.cs: d454b9a64ca33d8936f1fee1d0b94333 -> a47e0092d1d896ccc176e69669d3233d
  custom:container-muxer-webm: aa71ff27fc2769a1b78a27578f13a17b -> 
  custom:video-decoder-webm-vp8: 9c59270c3fd7afecdb556c50c9e8de78 -> 
  custom:scripting/monoscript/fileName/MovementScript.cs: 0602eb1700489a3ab9cb01ec15ee773a -> 9a1daee93d0a505568922467e5a5e2e0
  custom:SearchIndexIgnoredProperties: e643bd26f0fe6173181afceb89e7c659 -> 
  custom:AudioImporter_EditorPlatform: 2f0ff77a95e0ac474e3e8eeba4e2f7cb -> 
  custom:video-encoder-webm-vp8: eb34c28f22e8b96e1ab97ce403110664 -> 
  custom:audio-decoder-ogg-vorbis: bf7c407c2cedff20999df2af8eb42d56 -> 
  custom:scripting/monoscript/fileName/Item.cs: c2b7fc65fe255f985743270ca947d8ec -> edfd25bbe8f561e55c7415f9c3adacfe
  custom:audio-encoder-webm-vorbis: bf7c407c2cedff20999df2af8eb42d56 -> 
  custom:scripting/precompiled-assembly-types:Assembly-CSharp: be7cd846428441ed6c71065bcd346447 -> 14f21d8c89919019ed129879e7927412
========================================================================
Received Prepare
Caller must complete domain reload
Begin MonoManager ReloadAssembly
- Loaded All Assemblies, in  0.497 seconds
Native extension for LinuxStandalone target not found
Native extension for WindowsStandalone target not found
Mono: successfully reloaded assembly
- Finished resetting the current domain, in  0.970 seconds
Domain Reload Profiling: 1467ms
	BeginReloadAssembly (161ms)
		ExecutionOrderSort (0ms)
		DisableScriptedObjects (7ms)
		BackupInstance (0ms)
		ReleaseScriptingObjects (0ms)
		CreateAndSetChildDomain (48ms)
	RebuildCommonClasses (46ms)
	RebuildNativeTypeToScriptingClass (14ms)
	initialDomainReloadingComplete (38ms)
	LoadAllAssembliesAndSetupDomain (238ms)
		LoadAssemblies (279ms)
		RebuildTransferFunctionScriptingTraits (0ms)
		AnalyzeDomain (27ms)
			TypeCache.Refresh (9ms)
				TypeCache.ScanAssembly (0ms)
			ScanForSourceGeneratedMonoScriptInfo (11ms)
			ResolveRequiredComponents (6ms)
	FinalizeReload (971ms)
		ReleaseScriptCaches (0ms)
		RebuildScriptCaches (0ms)
		SetupLoadedEditorAssemblies (559ms)
			LogAssemblyErrors (0ms)
			InitializePlatformSupportModulesInManaged (48ms)
			SetLoadedEditorAssemblies (5ms)
			RefreshPlugins (0ms)
			BeforeProcessingInitializeOnLoad (80ms)
			ProcessInitializeOnLoadAttributes (386ms)
			ProcessInitializeOnLoadMethodAttributes (33ms)
			AfterProcessingInitializeOnLoad (7ms)
			EditorAssembliesLoaded (0ms)
		ExecutionOrderSort2 (0ms)
		AwakeInstancesAfterBackupRestoration (5ms)
Refreshing native plugins compatible for Editor in 1.82 ms, found 0 plugins.
Preloading 0 native plugins for Editor in 0.00 ms.
Unloading 3253 Unused Serialized files (Serialized files now loaded: 0)
Unloading 14 unused Assets / (28.5 KB). Loaded Objects now: 3882.
Memory consumption went from 134.5 MB to 134.5 MB.
Total: 5.643758 ms (FindLiveObjects: 0.347671 ms CreateObjectMapping: 0.347296 ms MarkObjects: 4.865823 ms  DeleteObjects: 0.081297 ms)

Prepare: number of updated asset objects reloaded= 0
AssetImportParameters requested are different than current active one (requested -> active):
  custom:container-demuxer-ogg: 62fdf1f143b41e24485cea50d1cbac27 -> 
  custom:scripting/monoscript/fileName/HandScript.cs: ab82d9b432b4ff3c2be587dcfc2ef88f -> f6d2d9607a041472806e778f6397f6ff
  custom:scripting/monoscript/fileName/GunScript.cs: 6a8d5652f919b70c5522b0348dc3dc24 -> adaec7589872e88b61019be0f1bdc549
  custom:video-decoder-ogg-theora: a1e56fd34408186e4bbccfd4996cb3dc -> 
  custom:scripting/monoscript/fileName/BulletScript.cs: 13477a3b0c98cca55096ea1dcfe934dc -> d888d721bde78eacda1c314a50a2cf74
  custom:CustomObjectIndexerAttribute: 232f87dd983dbecb2a4e21e08eb2cef8 -> 
  custom:container-demuxer-webm: 4f35f7cbe854078d1ac9338744f61a02 -> 
  custom:scripting/monoscript/fileName/ClipScript.cs: d454b9a64ca33d8936f1fee1d0b94333 -> a47e0092d1d896ccc176e69669d3233d
  custom:container-muxer-webm: aa71ff27fc2769a1b78a27578f13a17b -> 
  custom:video-decoder-webm-vp8: 9c59270c3fd7afecdb556c50c9e8de78 -> 
  custom:scripting/monoscript/fileName/MovementScript.cs: 0602eb1700489a3ab9cb01ec15ee773a -> 9a1daee93d0a505568922467e5a5e2e0
  custom:SearchIndexIgnoredProperties: e643bd26f0fe6173181afceb89e7c659 -> 
  custom:AudioImporter_EditorPlatform: 2f0ff77a95e0ac474e3e8eeba4e2f7cb -> 
  custom:video-encoder-webm-vp8: eb34c28f22e8b96e1ab97ce403110664 -> 
  custom:audio-decoder-ogg-vorbis: bf7c407c2cedff20999df2af8eb42d56 -> 
  custom:scripting/monoscript/fileName/Item.cs: c2b7fc65fe255f985743270ca947d8ec -> edfd25bbe8f561e55c7415f9c3adacfe
  custom:audio-encoder-webm-vorbis: bf7c407c2cedff20999df2af8eb42d56 -> 
  custom:scripting/precompiled-assembly-types:Assembly-CSharp: be7cd846428441ed6c71065bcd346447 -> 14f21d8c89919019ed129879e7927412
========================================================================
Received Prepare
Caller must complete domain reload
Begin MonoManager ReloadAssembly
- Loaded All Assemblies, in  0.499 seconds
Native extension for LinuxStandalone target not found
Native extension for WindowsStandalone target not found
Mono: successfully reloaded assembly
- Finished resetting the current domain, in  0.945 seconds
Domain Reload Profiling: 1444ms
	BeginReloadAssembly (175ms)
		ExecutionOrderSort (0ms)
		DisableScriptedObjects (8ms)
		BackupInstance (0ms)
		ReleaseScriptingObjects (0ms)
		CreateAndSetChildDomain (55ms)
	RebuildCommonClasses (44ms)
	RebuildNativeTypeToScriptingClass (13ms)
	initialDomainReloadingComplete (37ms)
	LoadAllAssembliesAndSetupDomain (229ms)
		LoadAssemblies (268ms)
		RebuildTransferFunctionScriptingTraits (0ms)
		AnalyzeDomain (29ms)
			TypeCache.Refresh (11ms)
				TypeCache.ScanAssembly (0ms)
			ScanForSourceGeneratedMonoScriptInfo (10ms)
			ResolveRequiredComponents (6ms)
	FinalizeReload (946ms)
		ReleaseScriptCaches (0ms)
		RebuildScriptCaches (0ms)
		SetupLoadedEditorAssemblies (538ms)
			LogAssemblyErrors (0ms)
			InitializePlatformSupportModulesInManaged (48ms)
			SetLoadedEditorAssemblies (6ms)
			RefreshPlugins (0ms)
			BeforeProcessingInitializeOnLoad (77ms)
			ProcessInitializeOnLoadAttributes (360ms)
			ProcessInitializeOnLoadMethodAttributes (37ms)
			AfterProcessingInitializeOnLoad (9ms)
			EditorAssembliesLoaded (0ms)
		ExecutionOrderSort2 (0ms)
		AwakeInstancesAfterBackupRestoration (7ms)
Refreshing native plugins compatible for Editor in 1.46 ms, found 0 plugins.
Preloading 0 native plugins for Editor in 0.00 ms.
Unloading 3253 Unused Serialized files (Serialized files now loaded: 0)
Unloading 14 unused Assets / (28.6 KB). Loaded Objects now: 3886.
Memory consumption went from 134.5 MB to 134.5 MB.
Total: 5.303356 ms (FindLiveObjects: 0.301324 ms CreateObjectMapping: 0.241228 ms MarkObjects: 4.638086 ms  DeleteObjects: 0.120945 ms)

Prepare: number of updated asset objects reloaded= 0
AssetImportParameters requested are different than current active one (requested -> active):
  custom:container-demuxer-ogg: 62fdf1f143b41e24485cea50d1cbac27 -> 
  custom:scripting/monoscript/fileName/HandScript.cs: ab82d9b432b4ff3c2be587dcfc2ef88f -> f6d2d9607a041472806e778f6397f6ff
  custom:scripting/monoscript/fileName/GunScript.cs: 6a8d5652f919b70c5522b0348dc3dc24 -> adaec7589872e88b61019be0f1bdc549
  custom:video-decoder-ogg-theora: a1e56fd34408186e4bbccfd4996cb3dc -> 
  custom:scripting/monoscript/fileName/BulletScript.cs: 13477a3b0c98cca55096ea1dcfe934dc -> d888d721bde78eacda1c314a50a2cf74
  custom:CustomObjectIndexerAttribute: 232f87dd983dbecb2a4e21e08eb2cef8 -> 
  custom:container-demuxer-webm: 4f35f7cbe854078d1ac9338744f61a02 -> 
  custom:scripting/monoscript/fileName/ClipScript.cs: d454b9a64ca33d8936f1fee1d0b94333 -> a47e0092d1d896ccc176e69669d3233d
  custom:container-muxer-webm: aa71ff27fc2769a1b78a27578f13a17b -> 
  custom:video-decoder-webm-vp8: 9c59270c3fd7afecdb556c50c9e8de78 -> 
  custom:scripting/monoscript/fileName/MovementScript.cs: 0602eb1700489a3ab9cb01ec15ee773a -> 9a1daee93d0a505568922467e5a5e2e0
  custom:SearchIndexIgnoredProperties: e643bd26f0fe6173181afceb89e7c659 -> 
  custom:AudioImporter_EditorPlatform: 2f0ff77a95e0ac474e3e8eeba4e2f7cb -> 
  custom:video-encoder-webm-vp8: eb34c28f22e8b96e1ab97ce403110664 -> 
  custom:audio-decoder-ogg-vorbis: bf7c407c2cedff20999df2af8eb42d56 -> 
  custom:scripting/monoscript/fileName/Item.cs: c2b7fc65fe255f985743270ca947d8ec -> edfd25bbe8f561e55c7415f9c3adacfe
  custom:audio-encoder-webm-vorbis: bf7c407c2cedff20999df2af8eb42d56 -> 
  custom:scripting/precompiled-assembly-types:Assembly-CSharp: be7cd846428441ed6c71065bcd346447 -> 14f21d8c89919019ed129879e7927412
========================================================================
Received Prepare
Caller must complete domain reload
Begin MonoManager ReloadAssembly
- Loaded All Assemblies, in  0.468 seconds
Native extension for LinuxStandalone target not found
Native extension for WindowsStandalone target not found
Mono: successfully reloaded assembly
- Finished resetting the current domain, in  0.926 seconds
Domain Reload Profiling: 1394ms
	BeginReloadAssembly (153ms)
		ExecutionOrderSort (0ms)
		DisableScriptedObjects (7ms)
		BackupInstance (0ms)
		ReleaseScriptingObjects (0ms)
		CreateAndSetChildDomain (40ms)
	RebuildCommonClasses (45ms)
	RebuildNativeTypeToScriptingClass (13ms)
	initialDomainReloadingComplete (37ms)
	LoadAllAssembliesAndSetupDomain (220ms)
		LoadAssemblies (265ms)
		RebuildTransferFunctionScriptingTraits (0ms)
		AnalyzeDomain (25ms)
			TypeCache.Refresh (9ms)
				TypeCache.ScanAssembly (0ms)
			ScanForSourceGeneratedMonoScriptInfo (9ms)
			ResolveRequiredComponents (6ms)
	FinalizeReload (927ms)
		ReleaseScriptCaches (0ms)
		RebuildScriptCaches (0ms)
		SetupLoadedEditorAssemblies (532ms)
			LogAssemblyErrors (0ms)
			InitializePlatformSupportModulesInManaged (44ms)
			SetLoadedEditorAssemblies (6ms)
			RefreshPlugins (0ms)
			BeforeProcessingInitializeOnLoad (79ms)
			ProcessInitializeOnLoadAttributes (361ms)
			ProcessInitializeOnLoadMethodAttributes (33ms)
			AfterProcessingInitializeOnLoad (8ms)
			EditorAssembliesLoaded (0ms)
		ExecutionOrderSort2 (0ms)
		AwakeInstancesAfterBackupRestoration (8ms)
Refreshing native plugins compatible for Editor in 1.97 ms, found 0 plugins.
Preloading 0 native plugins for Editor in 0.00 ms.
Unloading 3253 Unused Serialized files (Serialized files now loaded: 0)
Unloading 14 unused Assets / (28.5 KB). Loaded Objects now: 3890.
Memory consumption went from 134.5 MB to 134.5 MB.
Total: 8.078411 ms (FindLiveObjects: 0.770072 ms CreateObjectMapping: 0.648657 ms MarkObjects: 6.574786 ms  DeleteObjects: 0.067725 ms)

Prepare: number of updated asset objects reloaded= 0
AssetImportParameters requested are different than current active one (requested -> active):
  custom:container-demuxer-ogg: 62fdf1f143b41e24485cea50d1cbac27 -> 
  custom:scripting/monoscript/fileName/HandScript.cs: ab82d9b432b4ff3c2be587dcfc2ef88f -> f6d2d9607a041472806e778f6397f6ff
  custom:scripting/monoscript/fileName/GunScript.cs: 6a8d5652f919b70c5522b0348dc3dc24 -> adaec7589872e88b61019be0f1bdc549
  custom:video-decoder-ogg-theora: a1e56fd34408186e4bbccfd4996cb3dc -> 
  custom:scripting/monoscript/fileName/BulletScript.cs: 13477a3b0c98cca55096ea1dcfe934dc -> d888d721bde78eacda1c314a50a2cf74
  custom:CustomObjectIndexerAttribute: 232f87dd983dbecb2a4e21e08eb2cef8 -> 
  custom:container-demuxer-webm: 4f35f7cbe854078d1ac9338744f61a02 -> 
  custom:scripting/monoscript/fileName/ClipScript.cs: d454b9a64ca33d8936f1fee1d0b94333 -> a47e0092d1d896ccc176e69669d3233d
  custom:container-muxer-webm: aa71ff27fc2769a1b78a27578f13a17b -> 
  custom:video-decoder-webm-vp8: 9c59270c3fd7afecdb556c50c9e8de78 -> 
  custom:scripting/monoscript/fileName/MovementScript.cs: 0602eb1700489a3ab9cb01ec15ee773a -> 9a1daee93d0a505568922467e5a5e2e0
  custom:SearchIndexIgnoredProperties: e643bd26f0fe6173181afceb89e7c659 -> 
  custom:AudioImporter_EditorPlatform: 2f0ff77a95e0ac474e3e8eeba4e2f7cb -> 
  custom:video-encoder-webm-vp8: eb34c28f22e8b96e1ab97ce403110664 -> 
  custom:audio-decoder-ogg-vorbis: bf7c407c2cedff20999df2af8eb42d56 -> 
  custom:scripting/monoscript/fileName/Item.cs: c2b7fc65fe255f985743270ca947d8ec -> edfd25bbe8f561e55c7415f9c3adacfe
  custom:audio-encoder-webm-vorbis: bf7c407c2cedff20999df2af8eb42d56 -> 
  custom:scripting/precompiled-assembly-types:Assembly-CSharp: be7cd846428441ed6c71065bcd346447 -> 14f21d8c89919019ed129879e7927412
========================================================================
Received Prepare
Caller must complete domain reload
Begin MonoManager ReloadAssembly
- Loaded All Assemblies, in  0.462 seconds
Native extension for LinuxStandalone target not found
Native extension for WindowsStandalone target not found
Mono: successfully reloaded assembly
- Finished resetting the current domain, in  0.927 seconds
Domain Reload Profiling: 1388ms
	BeginReloadAssembly (147ms)
		ExecutionOrderSort (0ms)
		DisableScriptedObjects (8ms)
		BackupInstance (0ms)
		ReleaseScriptingObjects (0ms)
		CreateAndSetChildDomain (41ms)
	RebuildCommonClasses (45ms)
	RebuildNativeTypeToScriptingClass (13ms)
	initialDomainReloadingComplete (37ms)
	LoadAllAssembliesAndSetupDomain (220ms)
		LoadAssemblies (258ms)
		RebuildTransferFunctionScriptingTraits (0ms)
		AnalyzeDomain (27ms)
			TypeCache.Refresh (10ms)
				TypeCache.ScanAssembly (0ms)
			ScanForSourceGeneratedMonoScriptInfo (8ms)
			ResolveRequiredComponents (7ms)
	FinalizeReload (928ms)
		ReleaseScriptCaches (0ms)
		RebuildScriptCaches (0ms)
		SetupLoadedEditorAssemblies (525ms)
			LogAssemblyErrors (0ms)
			InitializePlatformSupportModulesInManaged (44ms)
			SetLoadedEditorAssemblies (6ms)
			RefreshPlugins (0ms)
			BeforeProcessingInitializeOnLoad (77ms)
			ProcessInitializeOnLoadAttributes (355ms)
			ProcessInitializeOnLoadMethodAttributes (36ms)
			AfterProcessingInitializeOnLoad (7ms)
			EditorAssembliesLoaded (0ms)
		ExecutionOrderSort2 (0ms)
		AwakeInstancesAfterBackupRestoration (7ms)
Refreshing native plugins compatible for Editor in 1.48 ms, found 0 plugins.
Preloading 0 native plugins for Editor in 0.00 ms.
Unloading 3253 Unused Serialized files (Serialized files now loaded: 0)
Unloading 14 unused Assets / (28.5 KB). Loaded Objects now: 3894.
Memory consumption went from 134.5 MB to 134.5 MB.
Total: 6.213157 ms (FindLiveObjects: 0.397776 ms CreateObjectMapping: 0.326247 ms MarkObjects: 5.420552 ms  DeleteObjects: 0.066912 ms)

Prepare: number of updated asset objects reloaded= 0
AssetImportParameters requested are different than current active one (requested -> active):
  custom:container-demuxer-ogg: 62fdf1f143b41e24485cea50d1cbac27 -> 
  custom:scripting/monoscript/fileName/HandScript.cs: ab82d9b432b4ff3c2be587dcfc2ef88f -> f6d2d9607a041472806e778f6397f6ff
  custom:scripting/monoscript/fileName/GunScript.cs: 6a8d5652f919b70c5522b0348dc3dc24 -> adaec7589872e88b61019be0f1bdc549
  custom:video-decoder-ogg-theora: a1e56fd34408186e4bbccfd4996cb3dc -> 
  custom:scripting/monoscript/fileName/BulletScript.cs: 13477a3b0c98cca55096ea1dcfe934dc -> d888d721bde78eacda1c314a50a2cf74
  custom:CustomObjectIndexerAttribute: 232f87dd983dbecb2a4e21e08eb2cef8 -> 
  custom:container-demuxer-webm: 4f35f7cbe854078d1ac9338744f61a02 -> 
  custom:scripting/monoscript/fileName/ClipScript.cs: d454b9a64ca33d8936f1fee1d0b94333 -> a47e0092d1d896ccc176e69669d3233d
  custom:container-muxer-webm: aa71ff27fc2769a1b78a27578f13a17b -> 
  custom:video-decoder-webm-vp8: 9c59270c3fd7afecdb556c50c9e8de78 -> 
  custom:scripting/monoscript/fileName/MovementScript.cs: 0602eb1700489a3ab9cb01ec15ee773a -> 9a1daee93d0a505568922467e5a5e2e0
  custom:SearchIndexIgnoredProperties: e643bd26f0fe6173181afceb89e7c659 -> 
  custom:AudioImporter_EditorPlatform: 2f0ff77a95e0ac474e3e8eeba4e2f7cb -> 
  custom:video-encoder-webm-vp8: eb34c28f22e8b96e1ab97ce403110664 -> 
  custom:audio-decoder-ogg-vorbis: bf7c407c2cedff20999df2af8eb42d56 -> 
  custom:scripting/monoscript/fileName/Item.cs: c2b7fc65fe255f985743270ca947d8ec -> edfd25bbe8f561e55c7415f9c3adacfe
  custom:audio-encoder-webm-vorbis: bf7c407c2cedff20999df2af8eb42d56 -> 
  custom:scripting/precompiled-assembly-types:Assembly-CSharp: be7cd846428441ed6c71065bcd346447 -> 14f21d8c89919019ed129879e7927412
========================================================================
Received Prepare
Caller must complete domain reload
Begin MonoManager ReloadAssembly
- Loaded All Assemblies, in  0.520 seconds
Native extension for LinuxStandalone target not found
Native extension for WindowsStandalone target not found
Mono: successfully reloaded assembly
- Finished resetting the current domain, in  0.919 seconds
Domain Reload Profiling: 1438ms
	BeginReloadAssembly (173ms)
		ExecutionOrderSort (0ms)
		DisableScriptedObjects (7ms)
		BackupInstance (0ms)
		ReleaseScriptingObjects (0ms)
		CreateAndSetChildDomain (43ms)
	RebuildCommonClasses (68ms)
	RebuildNativeTypeToScriptingClass (14ms)
	initialDomainReloadingComplete (38ms)
	LoadAllAssembliesAndSetupDomain (226ms)
		LoadAssemblies (288ms)
		RebuildTransferFunctionScriptingTraits (0ms)
		AnalyzeDomain (27ms)
			TypeCache.Refresh (10ms)
				TypeCache.ScanAssembly (0ms)
			ScanForSourceGeneratedMonoScriptInfo (8ms)
			ResolveRequiredComponents (8ms)
	FinalizeReload (919ms)
		ReleaseScriptCaches (0ms)
		RebuildScriptCaches (0ms)
		SetupLoadedEditorAssemblies (505ms)
			LogAssemblyErrors (0ms)
			InitializePlatformSupportModulesInManaged (46ms)
			SetLoadedEditorAssemblies (6ms)
			RefreshPlugins (0ms)
			BeforeProcessingInitializeOnLoad (81ms)
			ProcessInitializeOnLoadAttributes (336ms)
			ProcessInitializeOnLoadMethodAttributes (29ms)
			AfterProcessingInitializeOnLoad (7ms)
			EditorAssembliesLoaded (0ms)
		ExecutionOrderSort2 (0ms)
		AwakeInstancesAfterBackupRestoration (5ms)
Refreshing native plugins compatible for Editor in 1.08 ms, found 0 plugins.
Preloading 0 native plugins for Editor in 0.00 ms.
Unloading 3253 Unused Serialized files (Serialized files now loaded: 0)
Unloading 14 unused Assets / (28.5 KB). Loaded Objects now: 3898.
Memory consumption went from 134.5 MB to 134.5 MB.
Total: 4.537419 ms (FindLiveObjects: 0.329587 ms CreateObjectMapping: 0.270498 ms MarkObjects: 3.877593 ms  DeleteObjects: 0.058598 ms)

Prepare: number of updated asset objects reloaded= 0
AssetImportParameters requested are different than current active one (requested -> active):
  custom:container-demuxer-ogg: 62fdf1f143b41e24485cea50d1cbac27 -> 
  custom:scripting/monoscript/fileName/HandScript.cs: ab82d9b432b4ff3c2be587dcfc2ef88f -> f6d2d9607a041472806e778f6397f6ff
  custom:scripting/monoscript/fileName/GunScript.cs: 6a8d5652f919b70c5522b0348dc3dc24 -> adaec7589872e88b61019be0f1bdc549
  custom:video-decoder-ogg-theora: a1e56fd34408186e4bbccfd4996cb3dc -> 
  custom:scripting/monoscript/fileName/BulletScript.cs: 13477a3b0c98cca55096ea1dcfe934dc -> d888d721bde78eacda1c314a50a2cf74
  custom:CustomObjectIndexerAttribute: 232f87dd983dbecb2a4e21e08eb2cef8 -> 
  custom:container-demuxer-webm: 4f35f7cbe854078d1ac9338744f61a02 -> 
  custom:scripting/monoscript/fileName/ClipScript.cs: d454b9a64ca33d8936f1fee1d0b94333 -> a47e0092d1d896ccc176e69669d3233d
  custom:container-muxer-webm: aa71ff27fc2769a1b78a27578f13a17b -> 
  custom:video-decoder-webm-vp8: 9c59270c3fd7afecdb556c50c9e8de78 -> 
  custom:scripting/monoscript/fileName/MovementScript.cs: 0602eb1700489a3ab9cb01ec15ee773a -> 9a1daee93d0a505568922467e5a5e2e0
  custom:SearchIndexIgnoredProperties: e643bd26f0fe6173181afceb89e7c659 -> 
  custom:AudioImporter_EditorPlatform: 2f0ff77a95e0ac474e3e8eeba4e2f7cb -> 
  custom:video-encoder-webm-vp8: eb34c28f22e8b96e1ab97ce403110664 -> 
  custom:audio-decoder-ogg-vorbis: bf7c407c2cedff20999df2af8eb42d56 -> 
  custom:scripting/monoscript/fileName/Item.cs: c2b7fc65fe255f985743270ca947d8ec -> edfd25bbe8f561e55c7415f9c3adacfe
  custom:audio-encoder-webm-vorbis: bf7c407c2cedff20999df2af8eb42d56 -> 
  custom:scripting/precompiled-assembly-types:Assembly-CSharp: be7cd846428441ed6c71065bcd346447 -> 14f21d8c89919019ed129879e7927412
========================================================================
Received Prepare
Caller must complete domain reload
Begin MonoManager ReloadAssembly
- Loaded All Assemblies, in  0.476 seconds
Native extension for LinuxStandalone target not found
Native extension for WindowsStandalone target not found
Mono: successfully reloaded assembly
- Finished resetting the current domain, in  1.111 seconds
Domain Reload Profiling: 1586ms
	BeginReloadAssembly (150ms)
		ExecutionOrderSort (0ms)
		DisableScriptedObjects (6ms)
		BackupInstance (0ms)
		ReleaseScriptingObjects (0ms)
		CreateAndSetChildDomain (42ms)
	RebuildCommonClasses (45ms)
	RebuildNativeTypeToScriptingClass (13ms)
	initialDomainReloadingComplete (38ms)
	LoadAllAssembliesAndSetupDomain (229ms)
		LoadAssemblies (273ms)
		RebuildTransferFunctionScriptingTraits (0ms)
		AnalyzeDomain (26ms)
			TypeCache.Refresh (10ms)
				TypeCache.ScanAssembly (0ms)
			ScanForSourceGeneratedMonoScriptInfo (8ms)
			ResolveRequiredComponents (6ms)
	FinalizeReload (1111ms)
		ReleaseScriptCaches (0ms)
		RebuildScriptCaches (0ms)
		SetupLoadedEditorAssemblies (688ms)
			LogAssemblyErrors (0ms)
			InitializePlatformSupportModulesInManaged (61ms)
			SetLoadedEditorAssemblies (6ms)
			RefreshPlugins (0ms)
			BeforeProcessingInitializeOnLoad (104ms)
			ProcessInitializeOnLoadAttributes (446ms)
			ProcessInitializeOnLoadMethodAttributes (59ms)
			AfterProcessingInitializeOnLoad (12ms)
			EditorAssembliesLoaded (0ms)
		ExecutionOrderSort2 (0ms)
		AwakeInstancesAfterBackupRestoration (8ms)
Refreshing native plugins compatible for Editor in 2.35 ms, found 0 plugins.
Preloading 0 native plugins for Editor in 0.00 ms.
Unloading 3253 Unused Serialized files (Serialized files now loaded: 0)
Unloading 14 unused Assets / (28.6 KB). Loaded Objects now: 3902.
Memory consumption went from 134.5 MB to 134.5 MB.
Total: 4.527210 ms (FindLiveObjects: 0.311462 ms CreateObjectMapping: 0.262559 ms MarkObjects: 3.860955 ms  DeleteObjects: 0.090258 ms)

Prepare: number of updated asset objects reloaded= 0
AssetImportParameters requested are different than current active one (requested -> active):
  custom:container-demuxer-ogg: 62fdf1f143b41e24485cea50d1cbac27 -> 
  custom:scripting/monoscript/fileName/HandScript.cs: ab82d9b432b4ff3c2be587dcfc2ef88f -> f6d2d9607a041472806e778f6397f6ff
  custom:scripting/monoscript/fileName/GunScript.cs: 6a8d5652f919b70c5522b0348dc3dc24 -> adaec7589872e88b61019be0f1bdc549
  custom:video-decoder-ogg-theora: a1e56fd34408186e4bbccfd4996cb3dc -> 
  custom:scripting/monoscript/fileName/BulletScript.cs: 13477a3b0c98cca55096ea1dcfe934dc -> d888d721bde78eacda1c314a50a2cf74
  custom:CustomObjectIndexerAttribute: 232f87dd983dbecb2a4e21e08eb2cef8 -> 
  custom:container-demuxer-webm: 4f35f7cbe854078d1ac9338744f61a02 -> 
  custom:scripting/monoscript/fileName/ClipScript.cs: d454b9a64ca33d8936f1fee1d0b94333 -> a47e0092d1d896ccc176e69669d3233d
  custom:container-muxer-webm: aa71ff27fc2769a1b78a27578f13a17b -> 
  custom:video-decoder-webm-vp8: 9c59270c3fd7afecdb556c50c9e8de78 -> 
  custom:scripting/monoscript/fileName/MovementScript.cs: 0602eb1700489a3ab9cb01ec15ee773a -> 9a1daee93d0a505568922467e5a5e2e0
  custom:SearchIndexIgnoredProperties: e643bd26f0fe6173181afceb89e7c659 -> 
  custom:AudioImporter_EditorPlatform: 2f0ff77a95e0ac474e3e8eeba4e2f7cb -> 
  custom:video-encoder-webm-vp8: eb34c28f22e8b96e1ab97ce403110664 -> 
  custom:audio-decoder-ogg-vorbis: bf7c407c2cedff20999df2af8eb42d56 -> 
  custom:scripting/monoscript/fileName/Item.cs: c2b7fc65fe255f985743270ca947d8ec -> edfd25bbe8f561e55c7415f9c3adacfe
  custom:audio-encoder-webm-vorbis: bf7c407c2cedff20999df2af8eb42d56 -> 
  custom:scripting/precompiled-assembly-types:Assembly-CSharp: be7cd846428441ed6c71065bcd346447 -> 14f21d8c89919019ed129879e7927412
========================================================================
Received Prepare
Caller must complete domain reload
Begin MonoManager ReloadAssembly
- Loaded All Assemblies, in  0.459 seconds
Native extension for LinuxStandalone target not found
Native extension for WindowsStandalone target not found
Mono: successfully reloaded assembly
- Finished resetting the current domain, in  1.119 seconds
Domain Reload Profiling: 1577ms
	BeginReloadAssembly (147ms)
		ExecutionOrderSort (0ms)
		DisableScriptedObjects (6ms)
		BackupInstance (0ms)
		ReleaseScriptingObjects (0ms)
		CreateAndSetChildDomain (42ms)
	RebuildCommonClasses (44ms)
	RebuildNativeTypeToScriptingClass (13ms)
	initialDomainReloadingComplete (38ms)
	LoadAllAssembliesAndSetupDomain (216ms)
		LoadAssemblies (257ms)
		RebuildTransferFunctionScriptingTraits (0ms)
		AnalyzeDomain (25ms)
			TypeCache.Refresh (9ms)
				TypeCache.ScanAssembly (0ms)
			ScanForSourceGeneratedMonoScriptInfo (8ms)
			ResolveRequiredComponents (6ms)
	FinalizeReload (1119ms)
		ReleaseScriptCaches (0ms)
		RebuildScriptCaches (0ms)
		SetupLoadedEditorAssemblies (704ms)
			LogAssemblyErrors (0ms)
			InitializePlatformSupportModulesInManaged (50ms)
			SetLoadedEditorAssemblies (10ms)
			RefreshPlugins (0ms)
			BeforeProcessingInitializeOnLoad (132ms)
			ProcessInitializeOnLoadAttributes (465ms)
			ProcessInitializeOnLoadMethodAttributes (39ms)
			AfterProcessingInitializeOnLoad (8ms)
			EditorAssembliesLoaded (1ms)
		ExecutionOrderSort2 (0ms)
		AwakeInstancesAfterBackupRestoration (7ms)
Refreshing native plugins compatible for Editor in 1.62 ms, found 0 plugins.
Preloading 0 native plugins for Editor in 0.00 ms.
Unloading 3253 Unused Serialized files (Serialized files now loaded: 0)
Unloading 14 unused Assets / (28.6 KB). Loaded Objects now: 3906.
Memory consumption went from 134.5 MB to 134.5 MB.
Total: 6.019762 ms (FindLiveObjects: 0.380892 ms CreateObjectMapping: 0.430048 ms MarkObjects: 5.123144 ms  DeleteObjects: 0.083827 ms)

Prepare: number of updated asset objects reloaded= 0
AssetImportParameters requested are different than current active one (requested -> active):
  custom:container-demuxer-ogg: 62fdf1f143b41e24485cea50d1cbac27 -> 
  custom:scripting/monoscript/fileName/HandScript.cs: ab82d9b432b4ff3c2be587dcfc2ef88f -> f6d2d9607a041472806e778f6397f6ff
  custom:scripting/monoscript/fileName/GunScript.cs: 6a8d5652f919b70c5522b0348dc3dc24 -> adaec7589872e88b61019be0f1bdc549
  custom:video-decoder-ogg-theora: a1e56fd34408186e4bbccfd4996cb3dc -> 
  custom:scripting/monoscript/fileName/BulletScript.cs: 13477a3b0c98cca55096ea1dcfe934dc -> d888d721bde78eacda1c314a50a2cf74
  custom:CustomObjectIndexerAttribute: 232f87dd983dbecb2a4e21e08eb2cef8 -> 
  custom:container-demuxer-webm: 4f35f7cbe854078d1ac9338744f61a02 -> 
  custom:scripting/monoscript/fileName/ClipScript.cs: d454b9a64ca33d8936f1fee1d0b94333 -> a47e0092d1d896ccc176e69669d3233d
  custom:container-muxer-webm: aa71ff27fc2769a1b78a27578f13a17b -> 
  custom:video-decoder-webm-vp8: 9c59270c3fd7afecdb556c50c9e8de78 -> 
  custom:scripting/monoscript/fileName/MovementScript.cs: 0602eb1700489a3ab9cb01ec15ee773a -> 9a1daee93d0a505568922467e5a5e2e0
  custom:SearchIndexIgnoredProperties: e643bd26f0fe6173181afceb89e7c659 -> 
  custom:AudioImporter_EditorPlatform: 2f0ff77a95e0ac474e3e8eeba4e2f7cb -> 
  custom:video-encoder-webm-vp8: eb34c28f22e8b96e1ab97ce403110664 -> 
  custom:audio-decoder-ogg-vorbis: bf7c407c2cedff20999df2af8eb42d56 -> 
  custom:scripting/monoscript/fileName/Item.cs: c2b7fc65fe255f985743270ca947d8ec -> edfd25bbe8f561e55c7415f9c3adacfe
  custom:audio-encoder-webm-vorbis: bf7c407c2cedff20999df2af8eb42d56 -> 
  custom:scripting/precompiled-assembly-types:Assembly-CSharp: be7cd846428441ed6c71065bcd346447 -> 14f21d8c89919019ed129879e7927412
========================================================================
Received Prepare
Caller must complete domain reload
Begin MonoManager ReloadAssembly
- Loaded All Assemblies, in  0.534 seconds
Native extension for LinuxStandalone target not found
Native extension for WindowsStandalone target not found
Mono: successfully reloaded assembly
- Finished resetting the current domain, in  1.109 seconds
Domain Reload Profiling: 1643ms
	BeginReloadAssembly (146ms)
		ExecutionOrderSort (0ms)
		DisableScriptedObjects (6ms)
		BackupInstance (0ms)
		ReleaseScriptingObjects (0ms)
		CreateAndSetChildDomain (42ms)
	RebuildCommonClasses (42ms)
	RebuildNativeTypeToScriptingClass (14ms)
	initialDomainReloadingComplete (37ms)
	LoadAllAssembliesAndSetupDomain (294ms)
		LoadAssemblies (324ms)
		RebuildTransferFunctionScriptingTraits (0ms)
		AnalyzeDomain (35ms)
			TypeCache.Refresh (11ms)
				TypeCache.ScanAssembly (0ms)
			ScanForSourceGeneratedMonoScriptInfo (13ms)
			ResolveRequiredComponents (10ms)
	FinalizeReload (1110ms)
		ReleaseScriptCaches (0ms)
		RebuildScriptCaches (0ms)
		SetupLoadedEditorAssemblies (655ms)
			LogAssemblyErrors (0ms)
			InitializePlatformSupportModulesInManaged (62ms)
			SetLoadedEditorAssemblies (8ms)
			RefreshPlugins (0ms)
			BeforeProcessingInitializeOnLoad (102ms)
			ProcessInitializeOnLoadAttributes (422ms)
			ProcessInitializeOnLoadMethodAttributes (53ms)
			AfterProcessingInitializeOnLoad (8ms)
			EditorAssembliesLoaded (0ms)
		ExecutionOrderSort2 (0ms)
		AwakeInstancesAfterBackupRestoration (7ms)
Refreshing native plugins compatible for Editor in 1.17 ms, found 0 plugins.
Preloading 0 native plugins for Editor in 0.00 ms.
Unloading 3253 Unused Serialized files (Serialized files now loaded: 0)
Unloading 14 unused Assets / (28.6 KB). Loaded Objects now: 3910.
Memory consumption went from 134.5 MB to 134.5 MB.
Total: 3.873336 ms (FindLiveObjects: 0.331204 ms CreateObjectMapping: 0.233204 ms MarkObjects: 3.245503 ms  DeleteObjects: 0.062098 ms)

Prepare: number of updated asset objects reloaded= 0
AssetImportParameters requested are different than current active one (requested -> active):
  custom:container-demuxer-ogg: 62fdf1f143b41e24485cea50d1cbac27 -> 
  custom:scripting/monoscript/fileName/HandScript.cs: ab82d9b432b4ff3c2be587dcfc2ef88f -> f6d2d9607a041472806e778f6397f6ff
  custom:scripting/monoscript/fileName/GunScript.cs: 6a8d5652f919b70c5522b0348dc3dc24 -> adaec7589872e88b61019be0f1bdc549
  custom:video-decoder-ogg-theora: a1e56fd34408186e4bbccfd4996cb3dc -> 
  custom:scripting/monoscript/fileName/BulletScript.cs: 13477a3b0c98cca55096ea1dcfe934dc -> d888d721bde78eacda1c314a50a2cf74
  custom:CustomObjectIndexerAttribute: 232f87dd983dbecb2a4e21e08eb2cef8 -> 
  custom:container-demuxer-webm: 4f35f7cbe854078d1ac9338744f61a02 -> 
  custom:scripting/monoscript/fileName/ClipScript.cs: d454b9a64ca33d8936f1fee1d0b94333 -> a47e0092d1d896ccc176e69669d3233d
  custom:container-muxer-webm: aa71ff27fc2769a1b78a27578f13a17b -> 
  custom:video-decoder-webm-vp8: 9c59270c3fd7afecdb556c50c9e8de78 -> 
  custom:scripting/monoscript/fileName/MovementScript.cs: 0602eb1700489a3ab9cb01ec15ee773a -> 9a1daee93d0a505568922467e5a5e2e0
  custom:SearchIndexIgnoredProperties: e643bd26f0fe6173181afceb89e7c659 -> 
  custom:AudioImporter_EditorPlatform: 2f0ff77a95e0ac474e3e8eeba4e2f7cb -> 
  custom:video-encoder-webm-vp8: eb34c28f22e8b96e1ab97ce403110664 -> 
  custom:audio-decoder-ogg-vorbis: bf7c407c2cedff20999df2af8eb42d56 -> 
  custom:scripting/monoscript/fileName/Item.cs: c2b7fc65fe255f985743270ca947d8ec -> edfd25bbe8f561e55c7415f9c3adacfe
  custom:audio-encoder-webm-vorbis: bf7c407c2cedff20999df2af8eb42d56 -> 
  custom:scripting/precompiled-assembly-types:Assembly-CSharp: be7cd846428441ed6c71065bcd346447 -> 14f21d8c89919019ed129879e7927412
========================================================================
Received Prepare
Caller must complete domain reload
Begin MonoManager ReloadAssembly
- Loaded All Assemblies, in  0.522 seconds
Native extension for LinuxStandalone target not found
Native extension for WindowsStandalone target not found
Mono: successfully reloaded assembly
- Finished resetting the current domain, in  1.283 seconds
Domain Reload Profiling: 1805ms
	BeginReloadAssembly (174ms)
		ExecutionOrderSort (0ms)
		DisableScriptedObjects (7ms)
		BackupInstance (0ms)
		ReleaseScriptingObjects (0ms)
		CreateAndSetChildDomain (54ms)
	RebuildCommonClasses (47ms)
	RebuildNativeTypeToScriptingClass (14ms)
	initialDomainReloadingComplete (40ms)
	LoadAllAssembliesAndSetupDomain (246ms)
		LoadAssemblies (293ms)
		RebuildTransferFunctionScriptingTraits (0ms)
		AnalyzeDomain (30ms)
			TypeCache.Refresh (10ms)
				TypeCache.ScanAssembly (0ms)
			ScanForSourceGeneratedMonoScriptInfo (11ms)
			ResolveRequiredComponents (8ms)
	FinalizeReload (1284ms)
		ReleaseScriptCaches (0ms)
		RebuildScriptCaches (0ms)
		SetupLoadedEditorAssemblies (767ms)
			LogAssemblyErrors (0ms)
			InitializePlatformSupportModulesInManaged (61ms)
			SetLoadedEditorAssemblies (9ms)
			RefreshPlugins (0ms)
			BeforeProcessingInitializeOnLoad (129ms)
			ProcessInitializeOnLoadAttributes (493ms)
			ProcessInitializeOnLoadMethodAttributes (63ms)
			AfterProcessingInitializeOnLoad (12ms)
			EditorAssembliesLoaded (0ms)
		ExecutionOrderSort2 (0ms)
		AwakeInstancesAfterBackupRestoration (9ms)
Refreshing native plugins compatible for Editor in 1.94 ms, found 0 plugins.
Preloading 0 native plugins for Editor in 0.00 ms.
Unloading 3253 Unused Serialized files (Serialized files now loaded: 0)
Unloading 14 unused Assets / (28.6 KB). Loaded Objects now: 3914.
Memory consumption went from 134.5 MB to 134.5 MB.
Total: 6.415006 ms (FindLiveObjects: 0.348139 ms CreateObjectMapping: 0.323055 ms MarkObjects: 5.677163 ms  DeleteObjects: 0.065235 ms)

Prepare: number of updated asset objects reloaded= 0
AssetImportParameters requested are different than current active one (requested -> active):
  custom:container-demuxer-ogg: 62fdf1f143b41e24485cea50d1cbac27 -> 
  custom:scripting/monoscript/fileName/HandScript.cs: ab82d9b432b4ff3c2be587dcfc2ef88f -> f6d2d9607a041472806e778f6397f6ff
  custom:scripting/monoscript/fileName/GunScript.cs: 6a8d5652f919b70c5522b0348dc3dc24 -> adaec7589872e88b61019be0f1bdc549
  custom:video-decoder-ogg-theora: a1e56fd34408186e4bbccfd4996cb3dc -> 
  custom:scripting/monoscript/fileName/BulletScript.cs: 13477a3b0c98cca55096ea1dcfe934dc -> d888d721bde78eacda1c314a50a2cf74
  custom:CustomObjectIndexerAttribute: 232f87dd983dbecb2a4e21e08eb2cef8 -> 
  custom:container-demuxer-webm: 4f35f7cbe854078d1ac9338744f61a02 -> 
  custom:scripting/monoscript/fileName/ClipScript.cs: d454b9a64ca33d8936f1fee1d0b94333 -> a47e0092d1d896ccc176e69669d3233d
  custom:container-muxer-webm: aa71ff27fc2769a1b78a27578f13a17b -> 
  custom:video-decoder-webm-vp8: 9c59270c3fd7afecdb556c50c9e8de78 -> 
  custom:scripting/monoscript/fileName/MovementScript.cs: 0602eb1700489a3ab9cb01ec15ee773a -> 9a1daee93d0a505568922467e5a5e2e0
  custom:SearchIndexIgnoredProperties: e643bd26f0fe6173181afceb89e7c659 -> 
  custom:AudioImporter_EditorPlatform: 2f0ff77a95e0ac474e3e8eeba4e2f7cb -> 
  custom:video-encoder-webm-vp8: eb34c28f22e8b96e1ab97ce403110664 -> 
  custom:audio-decoder-ogg-vorbis: bf7c407c2cedff20999df2af8eb42d56 -> 
  custom:scripting/monoscript/fileName/Item.cs: c2b7fc65fe255f985743270ca947d8ec -> edfd25bbe8f561e55c7415f9c3adacfe
  custom:audio-encoder-webm-vorbis: bf7c407c2cedff20999df2af8eb42d56 -> 
  custom:scripting/precompiled-assembly-types:Assembly-CSharp: be7cd846428441ed6c71065bcd346447 -> 14f21d8c89919019ed129879e7927412
========================================================================
Received Prepare
Caller must complete domain reload
Begin MonoManager ReloadAssembly
- Loaded All Assemblies, in  0.461 seconds
Native extension for LinuxStandalone target not found
Native extension for WindowsStandalone target not found
Mono: successfully reloaded assembly
- Finished resetting the current domain, in  1.103 seconds
Domain Reload Profiling: 1565ms
	BeginReloadAssembly (147ms)
		ExecutionOrderSort (0ms)
		DisableScriptedObjects (6ms)
		BackupInstance (0ms)
		ReleaseScriptingObjects (0ms)
		CreateAndSetChildDomain (43ms)
	RebuildCommonClasses (45ms)
	RebuildNativeTypeToScriptingClass (13ms)
	initialDomainReloadingComplete (37ms)
	LoadAllAssembliesAndSetupDomain (218ms)
		LoadAssemblies (258ms)
		RebuildTransferFunctionScriptingTraits (0ms)
		AnalyzeDomain (25ms)
			TypeCache.Refresh (9ms)
				TypeCache.ScanAssembly (0ms)
			ScanForSourceGeneratedMonoScriptInfo (9ms)
			ResolveRequiredComponents (6ms)
	FinalizeReload (1105ms)
		ReleaseScriptCaches (0ms)
		RebuildScriptCaches (0ms)
		SetupLoadedEditorAssemblies (681ms)
			LogAssemblyErrors (0ms)
			InitializePlatformSupportModulesInManaged (51ms)
			SetLoadedEditorAssemblies (8ms)
			RefreshPlugins (0ms)
			BeforeProcessingInitializeOnLoad (97ms)
			ProcessInitializeOnLoadAttributes (477ms)
			ProcessInitializeOnLoadMethodAttributes (40ms)
			AfterProcessingInitializeOnLoad (8ms)
			EditorAssembliesLoaded (0ms)
		ExecutionOrderSort2 (0ms)
		AwakeInstancesAfterBackupRestoration (7ms)
Refreshing native plugins compatible for Editor in 1.18 ms, found 0 plugins.
Preloading 0 native plugins for Editor in 0.00 ms.
Unloading 3253 Unused Serialized files (Serialized files now loaded: 0)
Unloading 14 unused Assets / (28.5 KB). Loaded Objects now: 3918.
Memory consumption went from 134.5 MB to 134.5 MB.
Total: 6.107363 ms (FindLiveObjects: 0.386659 ms CreateObjectMapping: 0.887693 ms MarkObjects: 4.764959 ms  DeleteObjects: 0.066306 ms)

Prepare: number of updated asset objects reloaded= 0
AssetImportParameters requested are different than current active one (requested -> active):
  custom:container-demuxer-ogg: 62fdf1f143b41e24485cea50d1cbac27 -> 
  custom:scripting/monoscript/fileName/HandScript.cs: ab82d9b432b4ff3c2be587dcfc2ef88f -> f6d2d9607a041472806e778f6397f6ff
  custom:scripting/monoscript/fileName/GunScript.cs: 6a8d5652f919b70c5522b0348dc3dc24 -> adaec7589872e88b61019be0f1bdc549
  custom:video-decoder-ogg-theora: a1e56fd34408186e4bbccfd4996cb3dc -> 
  custom:scripting/monoscript/fileName/BulletScript.cs: 13477a3b0c98cca55096ea1dcfe934dc -> d888d721bde78eacda1c314a50a2cf74
  custom:CustomObjectIndexerAttribute: 232f87dd983dbecb2a4e21e08eb2cef8 -> 
  custom:container-demuxer-webm: 4f35f7cbe854078d1ac9338744f61a02 -> 
  custom:scripting/monoscript/fileName/ClipScript.cs: d454b9a64ca33d8936f1fee1d0b94333 -> a47e0092d1d896ccc176e69669d3233d
  custom:container-muxer-webm: aa71ff27fc2769a1b78a27578f13a17b -> 
  custom:video-decoder-webm-vp8: 9c59270c3fd7afecdb556c50c9e8de78 -> 
  custom:scripting/monoscript/fileName/MovementScript.cs: 0602eb1700489a3ab9cb01ec15ee773a -> 9a1daee93d0a505568922467e5a5e2e0
  custom:SearchIndexIgnoredProperties: e643bd26f0fe6173181afceb89e7c659 -> 
  custom:AudioImporter_EditorPlatform: 2f0ff77a95e0ac474e3e8eeba4e2f7cb -> 
  custom:video-encoder-webm-vp8: eb34c28f22e8b96e1ab97ce403110664 -> 
  custom:audio-decoder-ogg-vorbis: bf7c407c2cedff20999df2af8eb42d56 -> 
  custom:scripting/monoscript/fileName/Item.cs: c2b7fc65fe255f985743270ca947d8ec -> edfd25bbe8f561e55c7415f9c3adacfe
  custom:audio-encoder-webm-vorbis: bf7c407c2cedff20999df2af8eb42d56 -> 
  custom:scripting/precompiled-assembly-types:Assembly-CSharp: be7cd846428441ed6c71065bcd346447 -> 14f21d8c89919019ed129879e7927412
========================================================================
Received Prepare
Caller must complete domain reload
Begin MonoManager ReloadAssembly
- Loaded All Assemblies, in  0.506 seconds
Native extension for LinuxStandalone target not found
Native extension for WindowsStandalone target not found
Mono: successfully reloaded assembly
- Finished resetting the current domain, in  1.205 seconds
Domain Reload Profiling: 1711ms
	BeginReloadAssembly (156ms)
		ExecutionOrderSort (0ms)
		DisableScriptedObjects (7ms)
		BackupInstance (0ms)
		ReleaseScriptingObjects (0ms)
		CreateAndSetChildDomain (47ms)
	RebuildCommonClasses (44ms)
	RebuildNativeTypeToScriptingClass (13ms)
	initialDomainReloadingComplete (39ms)
	LoadAllAssembliesAndSetupDomain (253ms)
		LoadAssemblies (294ms)
		RebuildTransferFunctionScriptingTraits (0ms)
		AnalyzeDomain (27ms)
			TypeCache.Refresh (9ms)
				TypeCache.ScanAssembly (0ms)
			ScanForSourceGeneratedMonoScriptInfo (9ms)
			ResolveRequiredComponents (7ms)
	FinalizeReload (1206ms)
		ReleaseScriptCaches (0ms)
		RebuildScriptCaches (0ms)
		SetupLoadedEditorAssemblies (735ms)
			LogAssemblyErrors (0ms)
			InitializePlatformSupportModulesInManaged (62ms)
			SetLoadedEditorAssemblies (6ms)
			RefreshPlugins (0ms)
			BeforeProcessingInitializeOnLoad (104ms)
			ProcessInitializeOnLoadAttributes (494ms)
			ProcessInitializeOnLoadMethodAttributes (58ms)
			AfterProcessingInitializeOnLoad (10ms)
			EditorAssembliesLoaded (0ms)
		ExecutionOrderSort2 (0ms)
		AwakeInstancesAfterBackupRestoration (10ms)
Refreshing native plugins compatible for Editor in 2.09 ms, found 0 plugins.
Preloading 0 native plugins for Editor in 0.00 ms.
Unloading 3253 Unused Serialized files (Serialized files now loaded: 0)
Unloading 14 unused Assets / (28.5 KB). Loaded Objects now: 3922.
Memory consumption went from 134.5 MB to 134.5 MB.
Total: 5.186725 ms (FindLiveObjects: 0.361414 ms CreateObjectMapping: 0.343090 ms MarkObjects: 4.401187 ms  DeleteObjects: 0.078994 ms)

Prepare: number of updated asset objects reloaded= 0
AssetImportParameters requested are different than current active one (requested -> active):
  custom:container-demuxer-ogg: 62fdf1f143b41e24485cea50d1cbac27 -> 
  custom:scripting/monoscript/fileName/HandScript.cs: ab82d9b432b4ff3c2be587dcfc2ef88f -> f6d2d9607a041472806e778f6397f6ff
  custom:scripting/monoscript/fileName/GunScript.cs: 6a8d5652f919b70c5522b0348dc3dc24 -> adaec7589872e88b61019be0f1bdc549
  custom:video-decoder-ogg-theora: a1e56fd34408186e4bbccfd4996cb3dc -> 
  custom:scripting/monoscript/fileName/BulletScript.cs: 13477a3b0c98cca55096ea1dcfe934dc -> d888d721bde78eacda1c314a50a2cf74
  custom:CustomObjectIndexerAttribute: 232f87dd983dbecb2a4e21e08eb2cef8 -> 
  custom:container-demuxer-webm: 4f35f7cbe854078d1ac9338744f61a02 -> 
  custom:scripting/monoscript/fileName/ClipScript.cs: d454b9a64ca33d8936f1fee1d0b94333 -> a47e0092d1d896ccc176e69669d3233d
  custom:container-muxer-webm: aa71ff27fc2769a1b78a27578f13a17b -> 
  custom:video-decoder-webm-vp8: 9c59270c3fd7afecdb556c50c9e8de78 -> 
  custom:scripting/monoscript/fileName/MovementScript.cs: 0602eb1700489a3ab9cb01ec15ee773a -> 9a1daee93d0a505568922467e5a5e2e0
  custom:SearchIndexIgnoredProperties: e643bd26f0fe6173181afceb89e7c659 -> 
  custom:AudioImporter_EditorPlatform: 2f0ff77a95e0ac474e3e8eeba4e2f7cb -> 
  custom:video-encoder-webm-vp8: eb34c28f22e8b96e1ab97ce403110664 -> 
  custom:audio-decoder-ogg-vorbis: bf7c407c2cedff20999df2af8eb42d56 -> 
  custom:scripting/monoscript/fileName/Item.cs: c2b7fc65fe255f985743270ca947d8ec -> edfd25bbe8f561e55c7415f9c3adacfe
  custom:audio-encoder-webm-vorbis: bf7c407c2cedff20999df2af8eb42d56 -> 
  custom:scripting/precompiled-assembly-types:Assembly-CSharp: be7cd846428441ed6c71065bcd346447 -> 14f21d8c89919019ed129879e7927412
========================================================================
Received Prepare
Caller must complete domain reload
Begin MonoManager ReloadAssembly
- Loaded All Assemblies, in  0.466 seconds
Native extension for LinuxStandalone target not found
Native extension for WindowsStandalone target not found
Mono: successfully reloaded assembly
- Finished resetting the current domain, in  1.086 seconds
Domain Reload Profiling: 1552ms
	BeginReloadAssembly (147ms)
		ExecutionOrderSort (0ms)
		DisableScriptedObjects (6ms)
		BackupInstance (0ms)
		ReleaseScriptingObjects (0ms)
		CreateAndSetChildDomain (43ms)
	RebuildCommonClasses (47ms)
	RebuildNativeTypeToScriptingClass (13ms)
	initialDomainReloadingComplete (39ms)
	LoadAllAssembliesAndSetupDomain (220ms)
		LoadAssemblies (258ms)
		RebuildTransferFunctionScriptingTraits (0ms)
		AnalyzeDomain (27ms)
			TypeCache.Refresh (10ms)
				TypeCache.ScanAssembly (0ms)
			ScanForSourceGeneratedMonoScriptInfo (8ms)
			ResolveRequiredComponents (7ms)
	FinalizeReload (1086ms)
		ReleaseScriptCaches (0ms)
		RebuildScriptCaches (0ms)
		SetupLoadedEditorAssemblies (663ms)
			LogAssemblyErrors (0ms)
			InitializePlatformSupportModulesInManaged (64ms)
			SetLoadedEditorAssemblies (9ms)
			RefreshPlugins (0ms)
			BeforeProcessingInitializeOnLoad (99ms)
			ProcessInitializeOnLoadAttributes (441ms)
			ProcessInitializeOnLoadMethodAttributes (41ms)
			AfterProcessingInitializeOnLoad (8ms)
			EditorAssembliesLoaded (0ms)
		ExecutionOrderSort2 (0ms)
		AwakeInstancesAfterBackupRestoration (6ms)
Refreshing native plugins compatible for Editor in 1.91 ms, found 0 plugins.
Preloading 0 native plugins for Editor in 0.00 ms.
Unloading 3253 Unused Serialized files (Serialized files now loaded: 0)
Unloading 14 unused Assets / (28.6 KB). Loaded Objects now: 3926.
Memory consumption went from 134.5 MB to 134.5 MB.
Total: 6.139340 ms (FindLiveObjects: 0.349501 ms CreateObjectMapping: 0.245129 ms MarkObjects: 5.476946 ms  DeleteObjects: 0.066284 ms)

Prepare: number of updated asset objects reloaded= 0
AssetImportParameters requested are different than current active one (requested -> active):
  custom:container-demuxer-ogg: 62fdf1f143b41e24485cea50d1cbac27 -> 
  custom:scripting/monoscript/fileName/HandScript.cs: ab82d9b432b4ff3c2be587dcfc2ef88f -> f6d2d9607a041472806e778f6397f6ff
  custom:scripting/monoscript/fileName/GunScript.cs: 6a8d5652f919b70c5522b0348dc3dc24 -> adaec7589872e88b61019be0f1bdc549
  custom:video-decoder-ogg-theora: a1e56fd34408186e4bbccfd4996cb3dc -> 
  custom:scripting/monoscript/fileName/BulletScript.cs: 13477a3b0c98cca55096ea1dcfe934dc -> d888d721bde78eacda1c314a50a2cf74
  custom:CustomObjectIndexerAttribute: 232f87dd983dbecb2a4e21e08eb2cef8 -> 
  custom:container-demuxer-webm: 4f35f7cbe854078d1ac9338744f61a02 -> 
  custom:scripting/monoscript/fileName/ClipScript.cs: d454b9a64ca33d8936f1fee1d0b94333 -> a47e0092d1d896ccc176e69669d3233d
  custom:container-muxer-webm: aa71ff27fc2769a1b78a27578f13a17b -> 
  custom:video-decoder-webm-vp8: 9c59270c3fd7afecdb556c50c9e8de78 -> 
  custom:scripting/monoscript/fileName/MovementScript.cs: 0602eb1700489a3ab9cb01ec15ee773a -> 9a1daee93d0a505568922467e5a5e2e0
  custom:SearchIndexIgnoredProperties: e643bd26f0fe6173181afceb89e7c659 -> 
  custom:AudioImporter_EditorPlatform: 2f0ff77a95e0ac474e3e8eeba4e2f7cb -> 
  custom:video-encoder-webm-vp8: eb34c28f22e8b96e1ab97ce403110664 -> 
  custom:audio-decoder-ogg-vorbis: bf7c407c2cedff20999df2af8eb42d56 -> 
  custom:scripting/monoscript/fileName/Item.cs: c2b7fc65fe255f985743270ca947d8ec -> edfd25bbe8f561e55c7415f9c3adacfe
  custom:audio-encoder-webm-vorbis: bf7c407c2cedff20999df2af8eb42d56 -> 
  custom:scripting/precompiled-assembly-types:Assembly-CSharp: be7cd846428441ed6c71065bcd346447 -> 14f21d8c89919019ed129879e7927412
========================================================================
Received Prepare
Caller must complete domain reload
Begin MonoManager ReloadAssembly
- Loaded All Assemblies, in  0.476 seconds
Native extension for LinuxStandalone target not found
Native extension for WindowsStandalone target not found
Mono: successfully reloaded assembly
- Finished resetting the current domain, in  1.192 seconds
Domain Reload Profiling: 1669ms
	BeginReloadAssembly (154ms)
		ExecutionOrderSort (0ms)
		DisableScriptedObjects (7ms)
		BackupInstance (0ms)
		ReleaseScriptingObjects (0ms)
		CreateAndSetChildDomain (44ms)
	RebuildCommonClasses (44ms)
	RebuildNativeTypeToScriptingClass (13ms)
	initialDomainReloadingComplete (39ms)
	LoadAllAssembliesAndSetupDomain (226ms)
		LoadAssemblies (267ms)
		RebuildTransferFunctionScriptingTraits (0ms)
		AnalyzeDomain (27ms)
			TypeCache.Refresh (10ms)
				TypeCache.ScanAssembly (0ms)
			ScanForSourceGeneratedMonoScriptInfo (9ms)
			ResolveRequiredComponents (7ms)
	FinalizeReload (1193ms)
		ReleaseScriptCaches (0ms)
		RebuildScriptCaches (0ms)
		SetupLoadedEditorAssemblies (726ms)
			LogAssemblyErrors (0ms)
			InitializePlatformSupportModulesInManaged (64ms)
			SetLoadedEditorAssemblies (7ms)
			RefreshPlugins (0ms)
			BeforeProcessingInitializeOnLoad (110ms)
			ProcessInitializeOnLoadAttributes (488ms)
			ProcessInitializeOnLoadMethodAttributes (44ms)
			AfterProcessingInitializeOnLoad (12ms)
			EditorAssembliesLoaded (0ms)
		ExecutionOrderSort2 (0ms)
		AwakeInstancesAfterBackupRestoration (8ms)
Refreshing native plugins compatible for Editor in 1.25 ms, found 0 plugins.
Preloading 0 native plugins for Editor in 0.00 ms.
Unloading 3253 Unused Serialized files (Serialized files now loaded: 0)
Unloading 14 unused Assets / (28.5 KB). Loaded Objects now: 3930.
Memory consumption went from 134.5 MB to 134.5 MB.
Total: 5.364589 ms (FindLiveObjects: 0.453885 ms CreateObjectMapping: 0.561158 ms MarkObjects: 4.270159 ms  DeleteObjects: 0.077884 ms)

Prepare: number of updated asset objects reloaded= 0
AssetImportParameters requested are different than current active one (requested -> active):
  custom:container-demuxer-ogg: 62fdf1f143b41e24485cea50d1cbac27 -> 
  custom:scripting/monoscript/fileName/HandScript.cs: ab82d9b432b4ff3c2be587dcfc2ef88f -> f6d2d9607a041472806e778f6397f6ff
  custom:scripting/monoscript/fileName/GunScript.cs: 6a8d5652f919b70c5522b0348dc3dc24 -> adaec7589872e88b61019be0f1bdc549
  custom:video-decoder-ogg-theora: a1e56fd34408186e4bbccfd4996cb3dc -> 
  custom:scripting/monoscript/fileName/BulletScript.cs: 13477a3b0c98cca55096ea1dcfe934dc -> d888d721bde78eacda1c314a50a2cf74
  custom:CustomObjectIndexerAttribute: 232f87dd983dbecb2a4e21e08eb2cef8 -> 
  custom:container-demuxer-webm: 4f35f7cbe854078d1ac9338744f61a02 -> 
  custom:scripting/monoscript/fileName/ClipScript.cs: d454b9a64ca33d8936f1fee1d0b94333 -> a47e0092d1d896ccc176e69669d3233d
  custom:container-muxer-webm: aa71ff27fc2769a1b78a27578f13a17b -> 
  custom:video-decoder-webm-vp8: 9c59270c3fd7afecdb556c50c9e8de78 -> 
  custom:scripting/monoscript/fileName/MovementScript.cs: 0602eb1700489a3ab9cb01ec15ee773a -> 9a1daee93d0a505568922467e5a5e2e0
  custom:SearchIndexIgnoredProperties: e643bd26f0fe6173181afceb89e7c659 -> 
  custom:AudioImporter_EditorPlatform: 2f0ff77a95e0ac474e3e8eeba4e2f7cb -> 
  custom:video-encoder-webm-vp8: eb34c28f22e8b96e1ab97ce403110664 -> 
  custom:audio-decoder-ogg-vorbis: bf7c407c2cedff20999df2af8eb42d56 -> 
  custom:scripting/monoscript/fileName/Item.cs: c2b7fc65fe255f985743270ca947d8ec -> edfd25bbe8f561e55c7415f9c3adacfe
  custom:audio-encoder-webm-vorbis: bf7c407c2cedff20999df2af8eb42d56 -> 
  custom:scripting/precompiled-assembly-types:Assembly-CSharp: be7cd846428441ed6c71065bcd346447 -> 14f21d8c89919019ed129879e7927412
========================================================================
Received Prepare
Caller must complete domain reload
Begin MonoManager ReloadAssembly
- Loaded All Assemblies, in  0.474 seconds
Native extension for LinuxStandalone target not found
Native extension for WindowsStandalone target not found
Mono: successfully reloaded assembly
- Finished resetting the current domain, in  1.161 seconds
Domain Reload Profiling: 1635ms
	BeginReloadAssembly (149ms)
		ExecutionOrderSort (0ms)
		DisableScriptedObjects (6ms)
		BackupInstance (0ms)
		ReleaseScriptingObjects (0ms)
		CreateAndSetChildDomain (44ms)
	RebuildCommonClasses (45ms)
	RebuildNativeTypeToScriptingClass (13ms)
	initialDomainReloadingComplete (37ms)
	LoadAllAssembliesAndSetupDomain (227ms)
		LoadAssemblies (267ms)
		RebuildTransferFunctionScriptingTraits (0ms)
		AnalyzeDomain (26ms)
			TypeCache.Refresh (10ms)
				TypeCache.ScanAssembly (0ms)
			ScanForSourceGeneratedMonoScriptInfo (9ms)
			ResolveRequiredComponents (6ms)
	FinalizeReload (1162ms)
		ReleaseScriptCaches (0ms)
		RebuildScriptCaches (0ms)
		SetupLoadedEditorAssemblies (699ms)
			LogAssemblyErrors (0ms)
			InitializePlatformSupportModulesInManaged (59ms)
			SetLoadedEditorAssemblies (11ms)
			RefreshPlugins (0ms)
			BeforeProcessingInitializeOnLoad (108ms)
			ProcessInitializeOnLoadAttributes (480ms)
			ProcessInitializeOnLoadMethodAttributes (32ms)
			AfterProcessingInitializeOnLoad (7ms)
			EditorAssembliesLoaded (0ms)
		ExecutionOrderSort2 (0ms)
		AwakeInstancesAfterBackupRestoration (5ms)
Refreshing native plugins compatible for Editor in 1.22 ms, found 0 plugins.
Preloading 0 native plugins for Editor in 0.00 ms.
Unloading 3253 Unused Serialized files (Serialized files now loaded: 0)
Unloading 14 unused Assets / (28.5 KB). Loaded Objects now: 3934.
Memory consumption went from 134.5 MB to 134.5 MB.
Total: 6.898488 ms (FindLiveObjects: 0.343620 ms CreateObjectMapping: 0.253481 ms MarkObjects: 6.213256 ms  DeleteObjects: 0.086817 ms)

Prepare: number of updated asset objects reloaded= 0
AssetImportParameters requested are different than current active one (requested -> active):
  custom:container-demuxer-ogg: 62fdf1f143b41e24485cea50d1cbac27 -> 
  custom:scripting/monoscript/fileName/HandScript.cs: ab82d9b432b4ff3c2be587dcfc2ef88f -> f6d2d9607a041472806e778f6397f6ff
  custom:scripting/monoscript/fileName/GunScript.cs: 6a8d5652f919b70c5522b0348dc3dc24 -> adaec7589872e88b61019be0f1bdc549
  custom:video-decoder-ogg-theora: a1e56fd34408186e4bbccfd4996cb3dc -> 
  custom:scripting/monoscript/fileName/BulletScript.cs: 13477a3b0c98cca55096ea1dcfe934dc -> d888d721bde78eacda1c314a50a2cf74
  custom:CustomObjectIndexerAttribute: 232f87dd983dbecb2a4e21e08eb2cef8 -> 
  custom:container-demuxer-webm: 4f35f7cbe854078d1ac9338744f61a02 -> 
  custom:scripting/monoscript/fileName/ClipScript.cs: d454b9a64ca33d8936f1fee1d0b94333 -> a47e0092d1d896ccc176e69669d3233d
  custom:container-muxer-webm: aa71ff27fc2769a1b78a27578f13a17b -> 
  custom:video-decoder-webm-vp8: 9c59270c3fd7afecdb556c50c9e8de78 -> 
  custom:scripting/monoscript/fileName/MovementScript.cs: 0602eb1700489a3ab9cb01ec15ee773a -> 9a1daee93d0a505568922467e5a5e2e0
  custom:SearchIndexIgnoredProperties: e643bd26f0fe6173181afceb89e7c659 -> 
  custom:AudioImporter_EditorPlatform: 2f0ff77a95e0ac474e3e8eeba4e2f7cb -> 
  custom:video-encoder-webm-vp8: eb34c28f22e8b96e1ab97ce403110664 -> 
  custom:audio-decoder-ogg-vorbis: bf7c407c2cedff20999df2af8eb42d56 -> 
  custom:scripting/monoscript/fileName/Item.cs: c2b7fc65fe255f985743270ca947d8ec -> edfd25bbe8f561e55c7415f9c3adacfe
  custom:audio-encoder-webm-vorbis: bf7c407c2cedff20999df2af8eb42d56 -> 
  custom:scripting/precompiled-assembly-types:Assembly-CSharp: be7cd846428441ed6c71065bcd346447 -> 14f21d8c89919019ed129879e7927412
========================================================================
Received Prepare
Caller must complete domain reload
Begin MonoManager ReloadAssembly
- Loaded All Assemblies, in  0.478 seconds
Native extension for LinuxStandalone target not found
Native extension for WindowsStandalone target not found
Mono: successfully reloaded assembly
- Finished resetting the current domain, in  1.086 seconds
Domain Reload Profiling: 1563ms
	BeginReloadAssembly (157ms)
		ExecutionOrderSort (0ms)
		DisableScriptedObjects (7ms)
		BackupInstance (0ms)
		ReleaseScriptingObjects (0ms)
		CreateAndSetChildDomain (45ms)
	RebuildCommonClasses (46ms)
	RebuildNativeTypeToScriptingClass (13ms)
	initialDomainReloadingComplete (38ms)
	LoadAllAssembliesAndSetupDomain (221ms)
		LoadAssemblies (267ms)
		RebuildTransferFunctionScriptingTraits (0ms)
		AnalyzeDomain (26ms)
			TypeCache.Refresh (10ms)
				TypeCache.ScanAssembly (0ms)
			ScanForSourceGeneratedMonoScriptInfo (8ms)
			ResolveRequiredComponents (7ms)
	FinalizeReload (1086ms)
		ReleaseScriptCaches (0ms)
		RebuildScriptCaches (0ms)
		SetupLoadedEditorAssemblies (667ms)
			LogAssemblyErrors (0ms)
			InitializePlatformSupportModulesInManaged (50ms)
			SetLoadedEditorAssemblies (6ms)
			RefreshPlugins (0ms)
			BeforeProcessingInitializeOnLoad (102ms)
			ProcessInitializeOnLoadAttributes (453ms)
			ProcessInitializeOnLoadMethodAttributes (46ms)
			AfterProcessingInitializeOnLoad (10ms)
			EditorAssembliesLoaded (0ms)
		ExecutionOrderSort2 (0ms)
		AwakeInstancesAfterBackupRestoration (9ms)
Refreshing native plugins compatible for Editor in 1.74 ms, found 0 plugins.
Preloading 0 native plugins for Editor in 0.00 ms.
Unloading 3253 Unused Serialized files (Serialized files now loaded: 0)
Unloading 14 unused Assets / (28.5 KB). Loaded Objects now: 3938.
Memory consumption went from 134.5 MB to 134.5 MB.
Total: 7.999205 ms (FindLiveObjects: 0.463706 ms CreateObjectMapping: 0.669252 ms MarkObjects: 6.743165 ms  DeleteObjects: 0.119658 ms)

Prepare: number of updated asset objects reloaded= 0
AssetImportParameters requested are different than current active one (requested -> active):
  custom:container-demuxer-ogg: 62fdf1f143b41e24485cea50d1cbac27 -> 
  custom:scripting/monoscript/fileName/HandScript.cs: ab82d9b432b4ff3c2be587dcfc2ef88f -> f6d2d9607a041472806e778f6397f6ff
  custom:scripting/monoscript/fileName/GunScript.cs: 6a8d5652f919b70c5522b0348dc3dc24 -> adaec7589872e88b61019be0f1bdc549
  custom:video-decoder-ogg-theora: a1e56fd34408186e4bbccfd4996cb3dc -> 
  custom:scripting/monoscript/fileName/BulletScript.cs: 13477a3b0c98cca55096ea1dcfe934dc -> d888d721bde78eacda1c314a50a2cf74
  custom:CustomObjectIndexerAttribute: 232f87dd983dbecb2a4e21e08eb2cef8 -> 
  custom:container-demuxer-webm: 4f35f7cbe854078d1ac9338744f61a02 -> 
  custom:scripting/monoscript/fileName/ClipScript.cs: d454b9a64ca33d8936f1fee1d0b94333 -> a47e0092d1d896ccc176e69669d3233d
  custom:container-muxer-webm: aa71ff27fc2769a1b78a27578f13a17b -> 
  custom:video-decoder-webm-vp8: 9c59270c3fd7afecdb556c50c9e8de78 -> 
  custom:scripting/monoscript/fileName/MovementScript.cs: 0602eb1700489a3ab9cb01ec15ee773a -> 9a1daee93d0a505568922467e5a5e2e0
  custom:SearchIndexIgnoredProperties: e643bd26f0fe6173181afceb89e7c659 -> 
  custom:AudioImporter_EditorPlatform: 2f0ff77a95e0ac474e3e8eeba4e2f7cb -> 
  custom:video-encoder-webm-vp8: eb34c28f22e8b96e1ab97ce403110664 -> 
  custom:audio-decoder-ogg-vorbis: bf7c407c2cedff20999df2af8eb42d56 -> 
  custom:scripting/monoscript/fileName/Item.cs: c2b7fc65fe255f985743270ca947d8ec -> edfd25bbe8f561e55c7415f9c3adacfe
  custom:audio-encoder-webm-vorbis: bf7c407c2cedff20999df2af8eb42d56 -> 
  custom:scripting/precompiled-assembly-types:Assembly-CSharp: be7cd846428441ed6c71065bcd346447 -> 14f21d8c89919019ed129879e7927412
========================================================================
Received Prepare
Caller must complete domain reload
Begin MonoManager ReloadAssembly
- Loaded All Assemblies, in  0.475 seconds
Native extension for LinuxStandalone target not found
Native extension for WindowsStandalone target not found
Mono: successfully reloaded assembly
- Finished resetting the current domain, in  1.119 seconds
Domain Reload Profiling: 1593ms
	BeginReloadAssembly (149ms)
		ExecutionOrderSort (0ms)
		DisableScriptedObjects (7ms)
		BackupInstance (0ms)
		ReleaseScriptingObjects (0ms)
		CreateAndSetChildDomain (44ms)
	RebuildCommonClasses (47ms)
	RebuildNativeTypeToScriptingClass (13ms)
	initialDomainReloadingComplete (37ms)
	LoadAllAssembliesAndSetupDomain (227ms)
		LoadAssemblies (265ms)
		RebuildTransferFunctionScriptingTraits (0ms)
		AnalyzeDomain (27ms)
			TypeCache.Refresh (10ms)
				TypeCache.ScanAssembly (0ms)
			ScanForSourceGeneratedMonoScriptInfo (9ms)
			ResolveRequiredComponents (7ms)
	FinalizeReload (1120ms)
		ReleaseScriptCaches (0ms)
		RebuildScriptCaches (0ms)
		SetupLoadedEditorAssemblies (708ms)
			LogAssemblyErrors (0ms)
			InitializePlatformSupportModulesInManaged (50ms)
			SetLoadedEditorAssemblies (8ms)
			RefreshPlugins (0ms)
			BeforeProcessingInitializeOnLoad (104ms)
			ProcessInitializeOnLoadAttributes (498ms)
			ProcessInitializeOnLoadMethodAttributes (38ms)
			AfterProcessingInitializeOnLoad (10ms)
			EditorAssembliesLoaded (1ms)
		ExecutionOrderSort2 (0ms)
		AwakeInstancesAfterBackupRestoration (9ms)
Refreshing native plugins compatible for Editor in 1.10 ms, found 0 plugins.
Preloading 0 native plugins for Editor in 0.00 ms.
Unloading 3253 Unused Serialized files (Serialized files now loaded: 0)
Unloading 14 unused Assets / (28.6 KB). Loaded Objects now: 3942.
Memory consumption went from 134.5 MB to 134.5 MB.
Total: 7.231115 ms (FindLiveObjects: 0.366076 ms CreateObjectMapping: 0.285314 ms MarkObjects: 6.498166 ms  DeleteObjects: 0.079663 ms)

Prepare: number of updated asset objects reloaded= 0
AssetImportParameters requested are different than current active one (requested -> active):
  custom:container-demuxer-ogg: 62fdf1f143b41e24485cea50d1cbac27 -> 
  custom:scripting/monoscript/fileName/HandScript.cs: ab82d9b432b4ff3c2be587dcfc2ef88f -> f6d2d9607a041472806e778f6397f6ff
  custom:scripting/monoscript/fileName/GunScript.cs: 6a8d5652f919b70c5522b0348dc3dc24 -> adaec7589872e88b61019be0f1bdc549
  custom:video-decoder-ogg-theora: a1e56fd34408186e4bbccfd4996cb3dc -> 
  custom:scripting/monoscript/fileName/BulletScript.cs: 13477a3b0c98cca55096ea1dcfe934dc -> d888d721bde78eacda1c314a50a2cf74
  custom:CustomObjectIndexerAttribute: 232f87dd983dbecb2a4e21e08eb2cef8 -> 
  custom:container-demuxer-webm: 4f35f7cbe854078d1ac9338744f61a02 -> 
  custom:scripting/monoscript/fileName/ClipScript.cs: d454b9a64ca33d8936f1fee1d0b94333 -> a47e0092d1d896ccc176e69669d3233d
  custom:container-muxer-webm: aa71ff27fc2769a1b78a27578f13a17b -> 
  custom:video-decoder-webm-vp8: 9c59270c3fd7afecdb556c50c9e8de78 -> 
  custom:scripting/monoscript/fileName/MovementScript.cs: 0602eb1700489a3ab9cb01ec15ee773a -> 9a1daee93d0a505568922467e5a5e2e0
  custom:SearchIndexIgnoredProperties: e643bd26f0fe6173181afceb89e7c659 -> 
  custom:AudioImporter_EditorPlatform: 2f0ff77a95e0ac474e3e8eeba4e2f7cb -> 
  custom:video-encoder-webm-vp8: eb34c28f22e8b96e1ab97ce403110664 -> 
  custom:audio-decoder-ogg-vorbis: bf7c407c2cedff20999df2af8eb42d56 -> 
  custom:scripting/monoscript/fileName/Item.cs: c2b7fc65fe255f985743270ca947d8ec -> edfd25bbe8f561e55c7415f9c3adacfe
  custom:audio-encoder-webm-vorbis: bf7c407c2cedff20999df2af8eb42d56 -> 
  custom:scripting/precompiled-assembly-types:Assembly-CSharp: be7cd846428441ed6c71065bcd346447 -> 14f21d8c89919019ed129879e7927412
========================================================================
Received Prepare
Caller must complete domain reload
Begin MonoManager ReloadAssembly
- Loaded All Assemblies, in  0.479 seconds
Native extension for LinuxStandalone target not found
Native extension for WindowsStandalone target not found
Mono: successfully reloaded assembly
- Finished resetting the current domain, in  0.972 seconds
Domain Reload Profiling: 1450ms
	BeginReloadAssembly (148ms)
		ExecutionOrderSort (0ms)
		DisableScriptedObjects (7ms)
		BackupInstance (0ms)
		ReleaseScriptingObjects (0ms)
		CreateAndSetChildDomain (44ms)
	RebuildCommonClasses (45ms)
	RebuildNativeTypeToScriptingClass (13ms)
	initialDomainReloadingComplete (39ms)
	LoadAllAssembliesAndSetupDomain (233ms)
		LoadAssemblies (270ms)
		RebuildTransferFunctionScriptingTraits (0ms)
		AnalyzeDomain (28ms)
			TypeCache.Refresh (10ms)
				TypeCache.ScanAssembly (0ms)
			ScanForSourceGeneratedMonoScriptInfo (9ms)
			ResolveRequiredComponents (7ms)
	FinalizeReload (972ms)
		ReleaseScriptCaches (0ms)
		RebuildScriptCaches (0ms)
		SetupLoadedEditorAssemblies (554ms)
			LogAssemblyErrors (0ms)
			InitializePlatformSupportModulesInManaged (47ms)
			SetLoadedEditorAssemblies (6ms)
			RefreshPlugins (0ms)
			BeforeProcessingInitializeOnLoad (85ms)
			ProcessInitializeOnLoadAttributes (376ms)
			ProcessInitializeOnLoadMethodAttributes (33ms)
			AfterProcessingInitializeOnLoad (7ms)
			EditorAssembliesLoaded (0ms)
		ExecutionOrderSort2 (0ms)
		AwakeInstancesAfterBackupRestoration (6ms)
Refreshing native plugins compatible for Editor in 1.15 ms, found 0 plugins.
Preloading 0 native plugins for Editor in 0.00 ms.
Unloading 3253 Unused Serialized files (Serialized files now loaded: 0)
Unloading 14 unused Assets / (28.5 KB). Loaded Objects now: 3946.
Memory consumption went from 134.5 MB to 134.5 MB.
Total: 5.124426 ms (FindLiveObjects: 0.309391 ms CreateObjectMapping: 0.287604 ms MarkObjects: 4.441024 ms  DeleteObjects: 0.085057 ms)

Prepare: number of updated asset objects reloaded= 0
AssetImportParameters requested are different than current active one (requested -> active):
  custom:container-demuxer-ogg: 62fdf1f143b41e24485cea50d1cbac27 -> 
  custom:scripting/monoscript/fileName/HandScript.cs: ab82d9b432b4ff3c2be587dcfc2ef88f -> f6d2d9607a041472806e778f6397f6ff
  custom:scripting/monoscript/fileName/GunScript.cs: 6a8d5652f919b70c5522b0348dc3dc24 -> adaec7589872e88b61019be0f1bdc549
  custom:video-decoder-ogg-theora: a1e56fd34408186e4bbccfd4996cb3dc -> 
  custom:scripting/monoscript/fileName/BulletScript.cs: 13477a3b0c98cca55096ea1dcfe934dc -> d888d721bde78eacda1c314a50a2cf74
  custom:CustomObjectIndexerAttribute: 232f87dd983dbecb2a4e21e08eb2cef8 -> 
  custom:container-demuxer-webm: 4f35f7cbe854078d1ac9338744f61a02 -> 
  custom:scripting/monoscript/fileName/ClipScript.cs: d454b9a64ca33d8936f1fee1d0b94333 -> a47e0092d1d896ccc176e69669d3233d
  custom:container-muxer-webm: aa71ff27fc2769a1b78a27578f13a17b -> 
  custom:video-decoder-webm-vp8: 9c59270c3fd7afecdb556c50c9e8de78 -> 
  custom:scripting/monoscript/fileName/MovementScript.cs: 0602eb1700489a3ab9cb01ec15ee773a -> 9a1daee93d0a505568922467e5a5e2e0
  custom:SearchIndexIgnoredProperties: e643bd26f0fe6173181afceb89e7c659 -> 
  custom:AudioImporter_EditorPlatform: 2f0ff77a95e0ac474e3e8eeba4e2f7cb -> 
  custom:video-encoder-webm-vp8: eb34c28f22e8b96e1ab97ce403110664 -> 
  custom:audio-decoder-ogg-vorbis: bf7c407c2cedff20999df2af8eb42d56 -> 
  custom:scripting/monoscript/fileName/Item.cs: c2b7fc65fe255f985743270ca947d8ec -> edfd25bbe8f561e55c7415f9c3adacfe
  custom:audio-encoder-webm-vorbis: bf7c407c2cedff20999df2af8eb42d56 -> 
  custom:scripting/precompiled-assembly-types:Assembly-CSharp: be7cd846428441ed6c71065bcd346447 -> 14f21d8c89919019ed129879e7927412
========================================================================
Received Prepare
Caller must complete domain reload
Begin MonoManager ReloadAssembly
- Loaded All Assemblies, in  0.518 seconds
Native extension for LinuxStandalone target not found
Native extension for WindowsStandalone target not found
Mono: successfully reloaded assembly
- Finished resetting the current domain, in  0.966 seconds
Domain Reload Profiling: 1483ms
	BeginReloadAssembly (162ms)
		ExecutionOrderSort (0ms)
		DisableScriptedObjects (7ms)
		BackupInstance (0ms)
		ReleaseScriptingObjects (0ms)
		CreateAndSetChildDomain (50ms)
	RebuildCommonClasses (47ms)
	RebuildNativeTypeToScriptingClass (13ms)
	initialDomainReloadingComplete (38ms)
	LoadAllAssembliesAndSetupDomain (257ms)
		LoadAssemblies (303ms)
		RebuildTransferFunctionScriptingTraits (0ms)
		AnalyzeDomain (25ms)
			TypeCache.Refresh (9ms)
				TypeCache.ScanAssembly (0ms)
			ScanForSourceGeneratedMonoScriptInfo (9ms)
			ResolveRequiredComponents (6ms)
	FinalizeReload (966ms)
		ReleaseScriptCaches (0ms)
		RebuildScriptCaches (0ms)
		SetupLoadedEditorAssemblies (577ms)
			LogAssemblyErrors (0ms)
			InitializePlatformSupportModulesInManaged (48ms)
			SetLoadedEditorAssemblies (6ms)
			RefreshPlugins (0ms)
			BeforeProcessingInitializeOnLoad (83ms)
			ProcessInitializeOnLoadAttributes (398ms)
			ProcessInitializeOnLoadMethodAttributes (34ms)
			AfterProcessingInitializeOnLoad (7ms)
			EditorAssembliesLoaded (0ms)
		ExecutionOrderSort2 (0ms)
		AwakeInstancesAfterBackupRestoration (6ms)
Refreshing native plugins compatible for Editor in 1.07 ms, found 0 plugins.
Preloading 0 native plugins for Editor in 0.00 ms.
Unloading 3253 Unused Serialized files (Serialized files now loaded: 0)
Unloading 14 unused Assets / (28.6 KB). Loaded Objects now: 3950.
Memory consumption went from 134.5 MB to 134.5 MB.
Total: 4.733606 ms (FindLiveObjects: 0.328275 ms CreateObjectMapping: 0.273540 ms MarkObjects: 4.069059 ms  DeleteObjects: 0.060973 ms)

Prepare: number of updated asset objects reloaded= 0
AssetImportParameters requested are different than current active one (requested -> active):
  custom:container-demuxer-ogg: 62fdf1f143b41e24485cea50d1cbac27 -> 
  custom:scripting/monoscript/fileName/HandScript.cs: ab82d9b432b4ff3c2be587dcfc2ef88f -> f6d2d9607a041472806e778f6397f6ff
  custom:scripting/monoscript/fileName/GunScript.cs: 6a8d5652f919b70c5522b0348dc3dc24 -> adaec7589872e88b61019be0f1bdc549
  custom:video-decoder-ogg-theora: a1e56fd34408186e4bbccfd4996cb3dc -> 
  custom:scripting/monoscript/fileName/BulletScript.cs: 13477a3b0c98cca55096ea1dcfe934dc -> d888d721bde78eacda1c314a50a2cf74
  custom:CustomObjectIndexerAttribute: 232f87dd983dbecb2a4e21e08eb2cef8 -> 
  custom:container-demuxer-webm: 4f35f7cbe854078d1ac9338744f61a02 -> 
  custom:scripting/monoscript/fileName/ClipScript.cs: d454b9a64ca33d8936f1fee1d0b94333 -> a47e0092d1d896ccc176e69669d3233d
  custom:container-muxer-webm: aa71ff27fc2769a1b78a27578f13a17b -> 
  custom:video-decoder-webm-vp8: 9c59270c3fd7afecdb556c50c9e8de78 -> 
  custom:scripting/monoscript/fileName/MovementScript.cs: 0602eb1700489a3ab9cb01ec15ee773a -> 9a1daee93d0a505568922467e5a5e2e0
  custom:SearchIndexIgnoredProperties: e643bd26f0fe6173181afceb89e7c659 -> 
  custom:AudioImporter_EditorPlatform: 2f0ff77a95e0ac474e3e8eeba4e2f7cb -> 
  custom:video-encoder-webm-vp8: eb34c28f22e8b96e1ab97ce403110664 -> 
  custom:audio-decoder-ogg-vorbis: bf7c407c2cedff20999df2af8eb42d56 -> 
  custom:scripting/monoscript/fileName/Item.cs: c2b7fc65fe255f985743270ca947d8ec -> edfd25bbe8f561e55c7415f9c3adacfe
  custom:audio-encoder-webm-vorbis: bf7c407c2cedff20999df2af8eb42d56 -> 
  custom:scripting/precompiled-assembly-types:Assembly-CSharp: be7cd846428441ed6c71065bcd346447 -> 14f21d8c89919019ed129879e7927412
========================================================================
Received Prepare
Caller must complete domain reload
Begin MonoManager ReloadAssembly
- Loaded All Assemblies, in  0.486 seconds
Native extension for LinuxStandalone target not found
Native extension for WindowsStandalone target not found
Mono: successfully reloaded assembly
- Finished resetting the current domain, in  0.923 seconds
Domain Reload Profiling: 1408ms
	BeginReloadAssembly (152ms)
		ExecutionOrderSort (0ms)
		DisableScriptedObjects (6ms)
		BackupInstance (0ms)
		ReleaseScriptingObjects (0ms)
		CreateAndSetChildDomain (45ms)
	RebuildCommonClasses (43ms)
	RebuildNativeTypeToScriptingClass (15ms)
	initialDomainReloadingComplete (40ms)
	LoadAllAssembliesAndSetupDomain (234ms)
		LoadAssemblies (275ms)
		RebuildTransferFunctionScriptingTraits (0ms)
		AnalyzeDomain (26ms)
			TypeCache.Refresh (9ms)
				TypeCache.ScanAssembly (0ms)
			ScanForSourceGeneratedMonoScriptInfo (8ms)
			ResolveRequiredComponents (7ms)
	FinalizeReload (923ms)
		ReleaseScriptCaches (0ms)
		RebuildScriptCaches (0ms)
		SetupLoadedEditorAssemblies (506ms)
			LogAssemblyErrors (0ms)
			InitializePlatformSupportModulesInManaged (50ms)
			SetLoadedEditorAssemblies (6ms)
			RefreshPlugins (0ms)
			BeforeProcessingInitializeOnLoad (83ms)
			ProcessInitializeOnLoadAttributes (331ms)
			ProcessInitializeOnLoadMethodAttributes (30ms)
			AfterProcessingInitializeOnLoad (7ms)
			EditorAssembliesLoaded (0ms)
		ExecutionOrderSort2 (0ms)
		AwakeInstancesAfterBackupRestoration (6ms)
Refreshing native plugins compatible for Editor in 1.67 ms, found 0 plugins.
Preloading 0 native plugins for Editor in 0.00 ms.
Unloading 3253 Unused Serialized files (Serialized files now loaded: 0)
Unloading 14 unused Assets / (28.5 KB). Loaded Objects now: 3954.
Memory consumption went from 134.5 MB to 134.5 MB.
Total: 6.133421 ms (FindLiveObjects: 0.299356 ms CreateObjectMapping: 0.266798 ms MarkObjects: 5.481290 ms  DeleteObjects: 0.084462 ms)

Prepare: number of updated asset objects reloaded= 0
AssetImportParameters requested are different than current active one (requested -> active):
  custom:container-demuxer-ogg: 62fdf1f143b41e24485cea50d1cbac27 -> 
  custom:scripting/monoscript/fileName/HandScript.cs: ab82d9b432b4ff3c2be587dcfc2ef88f -> f6d2d9607a041472806e778f6397f6ff
  custom:scripting/monoscript/fileName/GunScript.cs: 6a8d5652f919b70c5522b0348dc3dc24 -> adaec7589872e88b61019be0f1bdc549
  custom:video-decoder-ogg-theora: a1e56fd34408186e4bbccfd4996cb3dc -> 
  custom:scripting/monoscript/fileName/BulletScript.cs: 13477a3b0c98cca55096ea1dcfe934dc -> d888d721bde78eacda1c314a50a2cf74
  custom:CustomObjectIndexerAttribute: 232f87dd983dbecb2a4e21e08eb2cef8 -> 
  custom:container-demuxer-webm: 4f35f7cbe854078d1ac9338744f61a02 -> 
  custom:scripting/monoscript/fileName/ClipScript.cs: d454b9a64ca33d8936f1fee1d0b94333 -> a47e0092d1d896ccc176e69669d3233d
  custom:container-muxer-webm: aa71ff27fc2769a1b78a27578f13a17b -> 
  custom:video-decoder-webm-vp8: 9c59270c3fd7afecdb556c50c9e8de78 -> 
  custom:scripting/monoscript/fileName/MovementScript.cs: 0602eb1700489a3ab9cb01ec15ee773a -> 9a1daee93d0a505568922467e5a5e2e0
  custom:SearchIndexIgnoredProperties: e643bd26f0fe6173181afceb89e7c659 -> 
  custom:AudioImporter_EditorPlatform: 2f0ff77a95e0ac474e3e8eeba4e2f7cb -> 
  custom:video-encoder-webm-vp8: eb34c28f22e8b96e1ab97ce403110664 -> 
  custom:audio-decoder-ogg-vorbis: bf7c407c2cedff20999df2af8eb42d56 -> 
  custom:scripting/monoscript/fileName/Item.cs: c2b7fc65fe255f985743270ca947d8ec -> edfd25bbe8f561e55c7415f9c3adacfe
  custom:audio-encoder-webm-vorbis: bf7c407c2cedff20999df2af8eb42d56 -> 
  custom:scripting/precompiled-assembly-types:Assembly-CSharp: be7cd846428441ed6c71065bcd346447 -> 14f21d8c89919019ed129879e7927412
========================================================================
Received Prepare
Caller must complete domain reload
Begin MonoManager ReloadAssembly
- Loaded All Assemblies, in  0.494 seconds
Native extension for LinuxStandalone target not found
Native extension for WindowsStandalone target not found
Mono: successfully reloaded assembly
- Finished resetting the current domain, in  0.998 seconds
Domain Reload Profiling: 1492ms
	BeginReloadAssembly (165ms)
		ExecutionOrderSort (0ms)
		DisableScriptedObjects (10ms)
		BackupInstance (0ms)
		ReleaseScriptingObjects (0ms)
		CreateAndSetChildDomain (51ms)
	RebuildCommonClasses (46ms)
	RebuildNativeTypeToScriptingClass (13ms)
	initialDomainReloadingComplete (38ms)
	LoadAllAssembliesAndSetupDomain (232ms)
		LoadAssemblies (268ms)
		RebuildTransferFunctionScriptingTraits (0ms)
		AnalyzeDomain (30ms)
			TypeCache.Refresh (10ms)
				TypeCache.ScanAssembly (0ms)
			ScanForSourceGeneratedMonoScriptInfo (10ms)
			ResolveRequiredComponents (9ms)
	FinalizeReload (999ms)
		ReleaseScriptCaches (0ms)
		RebuildScriptCaches (0ms)
		SetupLoadedEditorAssemblies (519ms)
			LogAssemblyErrors (0ms)
			InitializePlatformSupportModulesInManaged (45ms)
			SetLoadedEditorAssemblies (6ms)
			RefreshPlugins (0ms)
			BeforeProcessingInitializeOnLoad (84ms)
			ProcessInitializeOnLoadAttributes (344ms)
			ProcessInitializeOnLoadMethodAttributes (32ms)
			AfterProcessingInitializeOnLoad (7ms)
			EditorAssembliesLoaded (0ms)
		ExecutionOrderSort2 (0ms)
		AwakeInstancesAfterBackupRestoration (6ms)
Refreshing native plugins compatible for Editor in 1.13 ms, found 0 plugins.
Preloading 0 native plugins for Editor in 0.00 ms.
Unloading 3253 Unused Serialized files (Serialized files now loaded: 0)
Unloading 14 unused Assets / (28.6 KB). Loaded Objects now: 3958.
Memory consumption went from 134.5 MB to 134.5 MB.
Total: 4.083983 ms (FindLiveObjects: 0.306515 ms CreateObjectMapping: 0.264948 ms MarkObjects: 3.449462 ms  DeleteObjects: 0.061472 ms)

Prepare: number of updated asset objects reloaded= 0
AssetImportParameters requested are different than current active one (requested -> active):
  custom:container-demuxer-ogg: 62fdf1f143b41e24485cea50d1cbac27 -> 
  custom:scripting/monoscript/fileName/HandScript.cs: ab82d9b432b4ff3c2be587dcfc2ef88f -> f6d2d9607a041472806e778f6397f6ff
  custom:scripting/monoscript/fileName/GunScript.cs: 6a8d5652f919b70c5522b0348dc3dc24 -> adaec7589872e88b61019be0f1bdc549
  custom:video-decoder-ogg-theora: a1e56fd34408186e4bbccfd4996cb3dc -> 
  custom:scripting/monoscript/fileName/BulletScript.cs: 13477a3b0c98cca55096ea1dcfe934dc -> d888d721bde78eacda1c314a50a2cf74
  custom:CustomObjectIndexerAttribute: 232f87dd983dbecb2a4e21e08eb2cef8 -> 
  custom:container-demuxer-webm: 4f35f7cbe854078d1ac9338744f61a02 -> 
  custom:scripting/monoscript/fileName/ClipScript.cs: d454b9a64ca33d8936f1fee1d0b94333 -> a47e0092d1d896ccc176e69669d3233d
  custom:container-muxer-webm: aa71ff27fc2769a1b78a27578f13a17b -> 
  custom:video-decoder-webm-vp8: 9c59270c3fd7afecdb556c50c9e8de78 -> 
  custom:scripting/monoscript/fileName/MovementScript.cs: 0602eb1700489a3ab9cb01ec15ee773a -> 9a1daee93d0a505568922467e5a5e2e0
  custom:SearchIndexIgnoredProperties: e643bd26f0fe6173181afceb89e7c659 -> 
  custom:AudioImporter_EditorPlatform: 2f0ff77a95e0ac474e3e8eeba4e2f7cb -> 
  custom:video-encoder-webm-vp8: eb34c28f22e8b96e1ab97ce403110664 -> 
  custom:audio-decoder-ogg-vorbis: bf7c407c2cedff20999df2af8eb42d56 -> 
  custom:scripting/monoscript/fileName/Item.cs: c2b7fc65fe255f985743270ca947d8ec -> edfd25bbe8f561e55c7415f9c3adacfe
  custom:audio-encoder-webm-vorbis: bf7c407c2cedff20999df2af8eb42d56 -> 
  custom:scripting/precompiled-assembly-types:Assembly-CSharp: 49e6c1e388f3b0c5149ffcf1dd74b342 -> 14f21d8c89919019ed129879e7927412
========================================================================
Received Import Request.
  Time since last request: 4266.279752 seconds.
  path: Assets/Models/FurniturePack
  artifactKey: Guid(3ee6a14461989f8ec9f5ee8461a9c391) Importer(815301076,1909f56bfc062723c751e8b465ee728b)
Start importing Assets/Models/FurniturePack using Guid(3ee6a14461989f8ec9f5ee8461a9c391) Importer(815301076,1909f56bfc062723c751e8b465ee728b) [PhysX] Initialized MultithreadedTaskDispatcher with 8 workers.
 -> (artifact id: 'f412d6d96c4655bf0b9457312e0fb5c0') in 0.002376 seconds
Number of updated asset objects reloaded before import = 0
Number of asset objects unloaded after import = 0
========================================================================
Received Import Request.
  Time since last request: 0.725949 seconds.
  path: Assets/Models/FurniturePack/Low Poly Furniture
  artifactKey: Guid(4a286ce835b135aaab1a9709945786d6) Importer(815301076,1909f56bfc062723c751e8b465ee728b)
Start importing Assets/Models/FurniturePack/Low Poly Furniture using Guid(4a286ce835b135aaab1a9709945786d6) Importer(815301076,1909f56bfc062723c751e8b465ee728b) [PhysX] Initialized MultithreadedTaskDispatcher with 8 workers.
 -> (artifact id: 'cece9836b2f8aa0afda9a73ff1f321ce') in 0.000894 seconds
Number of updated asset objects reloaded before import = 0
Number of asset objects unloaded after import = 0
========================================================================
Received Import Request.
  Time since last request: 3.822296 seconds.
  path: Assets/Models/FurniturePack/Low Poly Furniture/Miscellaneous
  artifactKey: Guid(2f5bf03420198acdc93030c34387b941) Importer(815301076,1909f56bfc062723c751e8b465ee728b)
Start importing Assets/Models/FurniturePack/Low Poly Furniture/Miscellaneous using Guid(2f5bf03420198acdc93030c34387b941) Importer(815301076,1909f56bfc062723c751e8b465ee728b) [PhysX] Initialized MultithreadedTaskDispatcher with 8 workers.
 -> (artifact id: '9b9c21483fd1f2a9bb20a2c675f12f4f') in 0.001327 seconds
Number of updated asset objects reloaded before import = 0
Number of asset objects unloaded after import = 0
========================================================================
Received Import Request.
  Time since last request: 0.103695 seconds.
  path: Assets/Models/FurniturePack/Low Poly Furniture/Miscellaneous/Alarm Clock.fbx
  artifactKey: Guid(07ff50a23bb5db2bb95b286972527195) Importer(815301076,1909f56bfc062723c751e8b465ee728b)
Start importing Assets/Models/FurniturePack/Low Poly Furniture/Miscellaneous/Alarm Clock.fbx using Guid(07ff50a23bb5db2bb95b286972527195) Importer(815301076,1909f56bfc062723c751e8b465ee728b) [PhysX] Initialized MultithreadedTaskDispatcher with 8 workers.
[PhysX] Initialized MultithreadedTaskDispatcher with 8 workers.
[PhysX] Initialized MultithreadedTaskDispatcher with 8 workers.
[PhysX] Initialized MultithreadedTaskDispatcher with 8 workers.
[PhysX] Initialized MultithreadedTaskDispatcher with 8 workers.
 -> (artifact id: '227f76590f88e72e3e8b40d6da97ba62') in 0.130669 seconds
Number of updated asset objects reloaded before import = 0
Number of asset objects unloaded after import = 9
========================================================================
Received Import Request.
  Time since last request: 0.000017 seconds.
  path: Assets/Models/FurniturePack/Low Poly Furniture/Miscellaneous/Radiator B.fbx
  artifactKey: Guid(124527d2d53f749b280b685bfca2cb74) Importer(815301076,1909f56bfc062723c751e8b465ee728b)
Start importing Assets/Models/FurniturePack/Low Poly Furniture/Miscellaneous/Radiator B.fbx using Guid(124527d2d53f749b280b685bfca2cb74) Importer(815301076,1909f56bfc062723c751e8b465ee728b) [PhysX] Initialized MultithreadedTaskDispatcher with 8 workers.
[PhysX] Initialized MultithreadedTaskDispatcher with 8 workers.
[PhysX] Initialized MultithreadedTaskDispatcher with 8 workers.
[PhysX] Initialized MultithreadedTaskDispatcher with 8 workers.
[PhysX] Initialized MultithreadedTaskDispatcher with 8 workers.
 -> (artifact id: '177f718f9222f3c8bf0e7ee61ac7ea94') in 0.027073 seconds
Number of updated asset objects reloaded before import = 0
Number of asset objects unloaded after import = 9
========================================================================
Received Import Request.
  Time since last request: 0.000040 seconds.
  path: Assets/Models/FurniturePack/Low Poly Furniture/Miscellaneous/Books B.fbx
  artifactKey: Guid(b744695c4f8bd713f9a3abb2f0b88204) Importer(815301076,1909f56bfc062723c751e8b465ee728b)
Start importing Assets/Models/FurniturePack/Low Poly Furniture/Miscellaneous/Books B.fbx using Guid(b744695c4f8bd713f9a3abb2f0b88204) Importer(815301076,1909f56bfc062723c751e8b465ee728b) [PhysX] Initialized MultithreadedTaskDispatcher with 8 workers.
[PhysX] Initialized MultithreadedTaskDispatcher with 8 workers.
[PhysX] Initialized MultithreadedTaskDispatcher with 8 workers.
[PhysX] Initialized MultithreadedTaskDispatcher with 8 workers.
[PhysX] Initialized MultithreadedTaskDispatcher with 8 workers.
[PhysX] Initialized MultithreadedTaskDispatcher with 8 workers.
[PhysX] Initialized MultithreadedTaskDispatcher with 8 workers.
 -> (artifact id: '16a62725006157c74a24d33277279785') in 0.041176 seconds
Number of updated asset objects reloaded before import = 0
Number of asset objects unloaded after import = 11
========================================================================
Received Import Request.
  Time since last request: 0.000045 seconds.
  path: Assets/Models/FurniturePack/Low Poly Furniture/Miscellaneous/Speaker.fbx
  artifactKey: Guid(4e479a2ceec3a929c87a92be88d14381) Importer(815301076,1909f56bfc062723c751e8b465ee728b)
Start importing Assets/Models/FurniturePack/Low Poly Furniture/Miscellaneous/Speaker.fbx using Guid(4e479a2ceec3a929c87a92be88d14381) Importer(815301076,1909f56bfc062723c751e8b465ee728b) [PhysX] Initialized MultithreadedTaskDispatcher with 8 workers.
[PhysX] Initialized MultithreadedTaskDispatcher with 8 workers.
[PhysX] Initialized MultithreadedTaskDispatcher with 8 workers.
[PhysX] Initialized MultithreadedTaskDispatcher with 8 workers.
[PhysX] Initialized MultithreadedTaskDispatcher with 8 workers.
[PhysX] Initialized MultithreadedTaskDispatcher with 8 workers.
 -> (artifact id: 'f2d313204e788f53276f5ee3f8475755') in 0.024761 seconds
Number of updated asset objects reloaded before import = 0
Number of asset objects unloaded after import = 10
========================================================================
Received Import Request.
  Time since last request: 0.000033 seconds.
  path: Assets/Models/FurniturePack/Low Poly Furniture/Miscellaneous/Socket.fbx
  artifactKey: Guid(bdbb9d4cc6358f292b3d157f82907abc) Importer(815301076,1909f56bfc062723c751e8b465ee728b)
Start importing Assets/Models/FurniturePack/Low Poly Furniture/Miscellaneous/Socket.fbx using Guid(bdbb9d4cc6358f292b3d157f82907abc) Importer(815301076,1909f56bfc062723c751e8b465ee728b) [PhysX] Initialized MultithreadedTaskDispatcher with 8 workers.
[PhysX] Initialized MultithreadedTaskDispatcher with 8 workers.
[PhysX] Initialized MultithreadedTaskDispatcher with 8 workers.
[PhysX] Initialized MultithreadedTaskDispatcher with 8 workers.
[PhysX] Initialized MultithreadedTaskDispatcher with 8 workers.
 -> (artifact id: '26d5e62d90d3667a308baa6fade2ec87') in 0.024502 seconds
Number of updated asset objects reloaded before import = 0
Number of asset objects unloaded after import = 9
========================================================================
Received Import Request.
  Time since last request: 0.000024 seconds.
  path: Assets/Models/FurniturePack/Low Poly Furniture/Miscellaneous/Mug.fbx
  artifactKey: Guid(dfa6b1948e52f34a4ad94c4cda0d9bbe) Importer(815301076,1909f56bfc062723c751e8b465ee728b)
Start importing Assets/Models/FurniturePack/Low Poly Furniture/Miscellaneous/Mug.fbx using Guid(dfa6b1948e52f34a4ad94c4cda0d9bbe) Importer(815301076,1909f56bfc062723c751e8b465ee728b) [PhysX] Initialized MultithreadedTaskDispatcher with 8 workers.
[PhysX] Initialized MultithreadedTaskDispatcher with 8 workers.
[PhysX] Initialized MultithreadedTaskDispatcher with 8 workers.
[PhysX] Initialized MultithreadedTaskDispatcher with 8 workers.
 -> (artifact id: '0fefa643d2c5403f5b84c6ae9f404541') in 0.018862 seconds
Number of updated asset objects reloaded before import = 0
Number of asset objects unloaded after import = 8
========================================================================
Received Import Request.
  Time since last request: 0.000029 seconds.
  path: Assets/Models/FurniturePack/Low Poly Furniture/Miscellaneous/Ladder.fbx
  artifactKey: Guid(51b57b4c2c0322310949dc23115ded8f) Importer(815301076,1909f56bfc062723c751e8b465ee728b)
Start importing Assets/Models/FurniturePack/Low Poly Furniture/Miscellaneous/Ladder.fbx using Guid(51b57b4c2c0322310949dc23115ded8f) Importer(815301076,1909f56bfc062723c751e8b465ee728b) [PhysX] Initialized MultithreadedTaskDispatcher with 8 workers.
[PhysX] Initialized MultithreadedTaskDispatcher with 8 workers.
[PhysX] Initialized MultithreadedTaskDispatcher with 8 workers.
[PhysX] Initialized MultithreadedTaskDispatcher with 8 workers.
 -> (artifact id: '342c56db912f6ff8adab4d442d6b5378') in 0.017930 seconds
Number of updated asset objects reloaded before import = 0
Number of asset objects unloaded after import = 8
========================================================================
Received Import Request.
  Time since last request: 0.000020 seconds.
  path: Assets/Models/FurniturePack/Low Poly Furniture/Miscellaneous/Ceiling Fan.fbx
  artifactKey: Guid(86aef519ebcc9b75dbda912feb9acb44) Importer(815301076,1909f56bfc062723c751e8b465ee728b)
Start importing Assets/Models/FurniturePack/Low Poly Furniture/Miscellaneous/Ceiling Fan.fbx using Guid(86aef519ebcc9b75dbda912feb9acb44) Importer(815301076,1909f56bfc062723c751e8b465ee728b) [PhysX] Initialized MultithreadedTaskDispatcher with 8 workers.
[PhysX] Initialized MultithreadedTaskDispatcher with 8 workers.
[PhysX] Initialized MultithreadedTaskDispatcher with 8 workers.
[PhysX] Initialized MultithreadedTaskDispatcher with 8 workers.
 -> (artifact id: '4f0526088a01bf4b132da734ed632194') in 0.021741 seconds
Number of updated asset objects reloaded before import = 0
Number of asset objects unloaded after import = 8
========================================================================
Received Import Request.
  Time since last request: 0.000024 seconds.
  path: Assets/Models/FurniturePack/Low Poly Furniture/Miscellaneous/Fan.fbx
  artifactKey: Guid(afb9a46b9566e64eab343122ff7392aa) Importer(815301076,1909f56bfc062723c751e8b465ee728b)
Start importing Assets/Models/FurniturePack/Low Poly Furniture/Miscellaneous/Fan.fbx using Guid(afb9a46b9566e64eab343122ff7392aa) Importer(815301076,1909f56bfc062723c751e8b465ee728b) [PhysX] Initialized MultithreadedTaskDispatcher with 8 workers.
[PhysX] Initialized MultithreadedTaskDispatcher with 8 workers.
[PhysX] Initialized MultithreadedTaskDispatcher with 8 workers.
[PhysX] Initialized MultithreadedTaskDispatcher with 8 workers.
[PhysX] Initialized MultithreadedTaskDispatcher with 8 workers.
 -> (artifact id: '0aa7dba8785fbb28640c1c04080b0407') in 0.022016 seconds
Number of updated asset objects reloaded before import = 0
Number of asset objects unloaded after import = 9
========================================================================
Received Import Request.
  Time since last request: 0.000025 seconds.
  path: Assets/Models/FurniturePack/Low Poly Furniture/Miscellaneous/Glass.fbx
  artifactKey: Guid(b0cfe5847f7059fdca3812768b6d4548) Importer(815301076,1909f56bfc062723c751e8b465ee728b)
Start importing Assets/Models/FurniturePack/Low Poly Furniture/Miscellaneous/Glass.fbx using Guid(b0cfe5847f7059fdca3812768b6d4548) Importer(815301076,1909f56bfc062723c751e8b465ee728b) [PhysX] Initialized MultithreadedTaskDispatcher with 8 workers.
[PhysX] Initialized MultithreadedTaskDispatcher with 8 workers.
[PhysX] Initialized MultithreadedTaskDispatcher with 8 workers.
[PhysX] Initialized MultithreadedTaskDispatcher with 8 workers.
 -> (artifact id: '83a144bcbaaab4fd18d542b68efffb65') in 0.018992 seconds
Number of updated asset objects reloaded before import = 0
Number of asset objects unloaded after import = 8
========================================================================
Received Import Request.
  Time since last request: 0.000019 seconds.
  path: Assets/Models/FurniturePack/Low Poly Furniture/Miscellaneous/Plant B.fbx
  artifactKey: Guid(68e9de79128d574eaa24408e9242153d) Importer(815301076,1909f56bfc062723c751e8b465ee728b)
Start importing Assets/Models/FurniturePack/Low Poly Furniture/Miscellaneous/Plant B.fbx using Guid(68e9de79128d574eaa24408e9242153d) Importer(815301076,1909f56bfc062723c751e8b465ee728b) [PhysX] Initialized MultithreadedTaskDispatcher with 8 workers.
[PhysX] Initialized MultithreadedTaskDispatcher with 8 workers.
[PhysX] Initialized MultithreadedTaskDispatcher with 8 workers.
[PhysX] Initialized MultithreadedTaskDispatcher with 8 workers.
[PhysX] Initialized MultithreadedTaskDispatcher with 8 workers.
[PhysX] Initialized MultithreadedTaskDispatcher with 8 workers.
 -> (artifact id: '6e8ad7fefb7e56cb89094bfbfd0a5b4f') in 0.037089 seconds
Number of updated asset objects reloaded before import = 0
Number of asset objects unloaded after import = 10
========================================================================
Received Import Request.
  Time since last request: 0.000059 seconds.
  path: Assets/Models/FurniturePack/Low Poly Furniture/Miscellaneous/Plate.fbx
  artifactKey: Guid(b6983b82c88ed426db5e498aa6ceeb2f) Importer(815301076,1909f56bfc062723c751e8b465ee728b)
Start importing Assets/Models/FurniturePack/Low Poly Furniture/Miscellaneous/Plate.fbx using Guid(b6983b82c88ed426db5e498aa6ceeb2f) Importer(815301076,1909f56bfc062723c751e8b465ee728b) [PhysX] Initialized MultithreadedTaskDispatcher with 8 workers.
[PhysX] Initialized MultithreadedTaskDispatcher with 8 workers.
[PhysX] Initialized MultithreadedTaskDispatcher with 8 workers.
[PhysX] Initialized MultithreadedTaskDispatcher with 8 workers.
 -> (artifact id: 'ab63927f01ecc75fd668f7e7025acf91') in 0.017381 seconds
Number of updated asset objects reloaded before import = 0
Number of asset objects unloaded after import = 8
========================================================================
Received Import Request.
  Time since last request: 0.000034 seconds.
  path: Assets/Models/FurniturePack/Low Poly Furniture/Miscellaneous/Vent.fbx
  artifactKey: Guid(3eb17c7c6848ece7087ec0ff7f5b842c) Importer(815301076,1909f56bfc062723c751e8b465ee728b)
Start importing Assets/Models/FurniturePack/Low Poly Furniture/Miscellaneous/Vent.fbx using Guid(3eb17c7c6848ece7087ec0ff7f5b842c) Importer(815301076,1909f56bfc062723c751e8b465ee728b) [PhysX] Initialized MultithreadedTaskDispatcher with 8 workers.
[PhysX] Initialized MultithreadedTaskDispatcher with 8 workers.
[PhysX] Initialized MultithreadedTaskDispatcher with 8 workers.
[PhysX] Initialized MultithreadedTaskDispatcher with 8 workers.
 -> (artifact id: '88fe2b77ed07f882938c8a0e2b5d2414') in 0.018384 seconds
Number of updated asset objects reloaded before import = 0
Number of asset objects unloaded after import = 8
========================================================================
Received Import Request.
  Time since last request: 0.000032 seconds.
  path: Assets/Models/FurniturePack/Low Poly Furniture/Miscellaneous/Plant A.fbx
  artifactKey: Guid(0a831c0a5e79457debb002c06d5a04e3) Importer(815301076,1909f56bfc062723c751e8b465ee728b)
Start importing Assets/Models/FurniturePack/Low Poly Furniture/Miscellaneous/Plant A.fbx using Guid(0a831c0a5e79457debb002c06d5a04e3) Importer(815301076,1909f56bfc062723c751e8b465ee728b) [PhysX] Initialized MultithreadedTaskDispatcher with 8 workers.
[PhysX] Initialized MultithreadedTaskDispatcher with 8 workers.
[PhysX] Initialized MultithreadedTaskDispatcher with 8 workers.
[PhysX] Initialized MultithreadedTaskDispatcher with 8 workers.
[PhysX] Initialized MultithreadedTaskDispatcher with 8 workers.
[PhysX] Initialized MultithreadedTaskDispatcher with 8 workers.
[PhysX] Initialized MultithreadedTaskDispatcher with 8 workers.
 -> (artifact id: 'c3318bb8567bc9dbc83d316f699ea10f') in 0.045052 seconds
Number of updated asset objects reloaded before import = 0
Number of asset objects unloaded after import = 11
========================================================================
Received Import Request.
  Time since last request: 0.000094 seconds.
  path: Assets/Models/FurniturePack/Low Poly Furniture/Miscellaneous/Books A.fbx
  artifactKey: Guid(fd41e0e56cbc14afd91b1579a2d101be) Importer(815301076,1909f56bfc062723c751e8b465ee728b)
Start importing Assets/Models/FurniturePack/Low Poly Furniture/Miscellaneous/Books A.fbx using Guid(fd41e0e56cbc14afd91b1579a2d101be) Importer(815301076,1909f56bfc062723c751e8b465ee728b) [PhysX] Initialized MultithreadedTaskDispatcher with 8 workers.
[PhysX] Initialized MultithreadedTaskDispatcher with 8 workers.
[PhysX] Initialized MultithreadedTaskDispatcher with 8 workers.
[PhysX] Initialized MultithreadedTaskDispatcher with 8 workers.
[PhysX] Initialized MultithreadedTaskDispatcher with 8 workers.
[PhysX] Initialized MultithreadedTaskDispatcher with 8 workers.
[PhysX] Initialized MultithreadedTaskDispatcher with 8 workers.
 -> (artifact id: '07287beb8bb51672d725488a80739384') in 0.034241 seconds
Number of updated asset objects reloaded before import = 0
Number of asset objects unloaded after import = 11
========================================================================
Received Import Request.
  Time since last request: 0.000037 seconds.
  path: Assets/Models/FurniturePack/Low Poly Furniture/Miscellaneous/Mirror B.fbx
  artifactKey: Guid(60006e329b744ff4cb7d4264697beea5) Importer(815301076,1909f56bfc062723c751e8b465ee728b)
Start importing Assets/Models/FurniturePack/Low Poly Furniture/Miscellaneous/Mirror B.fbx using Guid(60006e329b744ff4cb7d4264697beea5) Importer(815301076,1909f56bfc062723c751e8b465ee728b) [PhysX] Initialized MultithreadedTaskDispatcher with 8 workers.
[PhysX] Initialized MultithreadedTaskDispatcher with 8 workers.
[PhysX] Initialized MultithreadedTaskDispatcher with 8 workers.
[PhysX] Initialized MultithreadedTaskDispatcher with 8 workers.
[PhysX] Initialized MultithreadedTaskDispatcher with 8 workers.
 -> (artifact id: '3f9a2d3d6eeebef2707810c455b82327') in 0.027564 seconds
Number of updated asset objects reloaded before import = 0
Number of asset objects unloaded after import = 9
========================================================================
Received Import Request.
  Time since last request: 145.247604 seconds.
  path: Assets/Models/ConstructionPack/Low Poly Construction
  artifactKey: Guid(c28998e9e433a455896a66e9a91e1583) Importer(815301076,1909f56bfc062723c751e8b465ee728b)
Start importing Assets/Models/ConstructionPack/Low Poly Construction using Guid(c28998e9e433a455896a66e9a91e1583) Importer(815301076,1909f56bfc062723c751e8b465ee728b) [PhysX] Initialized MultithreadedTaskDispatcher with 8 workers.
 -> (artifact id: '8442c80d4030bb54551b7f70cd2f9a2c') in 0.000867 seconds
Number of updated asset objects reloaded before import = 0
Number of asset objects unloaded after import = 0
========================================================================
Received Import Request.
  Time since last request: 0.061712 seconds.
  path: Assets/Models/ConstructionPack/Low Poly Construction/Barrel A.fbx
  artifactKey: Guid(4465bcae018df1eeda7f0e54af39a02f) Importer(815301076,1909f56bfc062723c751e8b465ee728b)
Start importing Assets/Models/ConstructionPack/Low Poly Construction/Barrel A.fbx using Guid(4465bcae018df1eeda7f0e54af39a02f) Importer(815301076,1909f56bfc062723c751e8b465ee728b) [PhysX] Initialized MultithreadedTaskDispatcher with 8 workers.
[PhysX] Initialized MultithreadedTaskDispatcher with 8 workers.
[PhysX] Initialized MultithreadedTaskDispatcher with 8 workers.
[PhysX] Initialized MultithreadedTaskDispatcher with 8 workers.
[PhysX] Initialized MultithreadedTaskDispatcher with 8 workers.
[PhysX] Initialized MultithreadedTaskDispatcher with 8 workers.
 -> (artifact id: 'b444c8a193c0e32d8adce66fefd16950') in 0.023860 seconds
Number of updated asset objects reloaded before import = 0
Number of asset objects unloaded after import = 10
========================================================================
Received Import Request.
  Time since last request: 0.000027 seconds.
  path: Assets/Models/ConstructionPack/Low Poly Construction/Bin.fbx
  artifactKey: Guid(268864e6248a613059f7c6c85c1d557d) Importer(815301076,1909f56bfc062723c751e8b465ee728b)
Start importing Assets/Models/ConstructionPack/Low Poly Construction/Bin.fbx using Guid(268864e6248a613059f7c6c85c1d557d) Importer(815301076,1909f56bfc062723c751e8b465ee728b) [PhysX] Initialized MultithreadedTaskDispatcher with 8 workers.
[PhysX] Initialized MultithreadedTaskDispatcher with 8 workers.
[PhysX] Initialized MultithreadedTaskDispatcher with 8 workers.
[PhysX] Initialized MultithreadedTaskDispatcher with 8 workers.
 -> (artifact id: '073c40d3fb1d27ecb6dfaf4029c8c769') in 0.015615 seconds
Number of updated asset objects reloaded before import = 0
Number of asset objects unloaded after import = 8
========================================================================
Received Import Request.
  Time since last request: 0.000030 seconds.
  path: Assets/Models/ConstructionPack/Low Poly Construction/Bucket.fbx
  artifactKey: Guid(53eb66f3c9de03f8a91847723e8beb05) Importer(815301076,1909f56bfc062723c751e8b465ee728b)
Start importing Assets/Models/ConstructionPack/Low Poly Construction/Bucket.fbx using Guid(53eb66f3c9de03f8a91847723e8beb05) Importer(815301076,1909f56bfc062723c751e8b465ee728b) [PhysX] Initialized MultithreadedTaskDispatcher with 8 workers.
[PhysX] Initialized MultithreadedTaskDispatcher with 8 workers.
[PhysX] Initialized MultithreadedTaskDispatcher with 8 workers.
[PhysX] Initialized MultithreadedTaskDispatcher with 8 workers.
[PhysX] Initialized MultithreadedTaskDispatcher with 8 workers.
 -> (artifact id: 'db71642d0f523a21c3dfc0a5bbd44116') in 0.023346 seconds
Number of updated asset objects reloaded before import = 0
Number of asset objects unloaded after import = 9
========================================================================
Received Import Request.
  Time since last request: 0.000037 seconds.
  path: Assets/Models/ConstructionPack/Low Poly Construction/Spool A.fbx
  artifactKey: Guid(e15dc89d7ecb04c35affdf1ddcc97a8a) Importer(815301076,1909f56bfc062723c751e8b465ee728b)
Start importing Assets/Models/ConstructionPack/Low Poly Construction/Spool A.fbx using Guid(e15dc89d7ecb04c35affdf1ddcc97a8a) Importer(815301076,1909f56bfc062723c751e8b465ee728b) [PhysX] Initialized MultithreadedTaskDispatcher with 8 workers.
[PhysX] Initialized MultithreadedTaskDispatcher with 8 workers.
[PhysX] Initialized MultithreadedTaskDispatcher with 8 workers.
[PhysX] Initialized MultithreadedTaskDispatcher with 8 workers.
[PhysX] Initialized MultithreadedTaskDispatcher with 8 workers.
 -> (artifact id: '7c9becc35302e9cab4702259b404e5b1') in 0.024459 seconds
Number of updated asset objects reloaded before import = 0
Number of asset objects unloaded after import = 9
========================================================================
Received Import Request.
  Time since last request: 0.000022 seconds.
  path: Assets/Models/ConstructionPack/Low Poly Construction/Toilet B.fbx
  artifactKey: Guid(e330a93e812e0f82a9c1a411458c7faa) Importer(815301076,1909f56bfc062723c751e8b465ee728b)
Start importing Assets/Models/ConstructionPack/Low Poly Construction/Toilet B.fbx using Guid(e330a93e812e0f82a9c1a411458c7faa) Importer(815301076,1909f56bfc062723c751e8b465ee728b) [PhysX] Initialized MultithreadedTaskDispatcher with 8 workers.
[PhysX] Initialized MultithreadedTaskDispatcher with 8 workers.
[PhysX] Initialized MultithreadedTaskDispatcher with 8 workers.
[PhysX] Initialized MultithreadedTaskDispatcher with 8 workers.
[PhysX] Initialized MultithreadedTaskDispatcher with 8 workers.
[PhysX] Initialized MultithreadedTaskDispatcher with 8 workers.
 -> (artifact id: '789d38ae7f62cad10fe8924d98876265') in 0.037083 seconds
Number of updated asset objects reloaded before import = 0
Number of asset objects unloaded after import = 10
========================================================================
Received Import Request.
  Time since last request: 0.000029 seconds.
  path: Assets/Models/ConstructionPack/Low Poly Construction/Hammer.fbx
  artifactKey: Guid(0d72c7465827c2bcc822b338aec484ae) Importer(815301076,1909f56bfc062723c751e8b465ee728b)
Start importing Assets/Models/ConstructionPack/Low Poly Construction/Hammer.fbx using Guid(0d72c7465827c2bcc822b338aec484ae) Importer(815301076,1909f56bfc062723c751e8b465ee728b) [PhysX] Initialized MultithreadedTaskDispatcher with 8 workers.
[PhysX] Initialized MultithreadedTaskDispatcher with 8 workers.
[PhysX] Initialized MultithreadedTaskDispatcher with 8 workers.
[PhysX] Initialized MultithreadedTaskDispatcher with 8 workers.
[PhysX] Initialized MultithreadedTaskDispatcher with 8 workers.
 -> (artifact id: '72090939b0804f2d02a2e78edfb0f012') in 0.028476 seconds
Number of updated asset objects reloaded before import = 0
Number of asset objects unloaded after import = 9
========================================================================
Received Import Request.
  Time since last request: 0.000027 seconds.
  path: Assets/Models/ConstructionPack/Low Poly Construction/Container.fbx
  artifactKey: Guid(e698431e28eae7e249311b3448717be7) Importer(815301076,1909f56bfc062723c751e8b465ee728b)
Start importing Assets/Models/ConstructionPack/Low Poly Construction/Container.fbx using Guid(e698431e28eae7e249311b3448717be7) Importer(815301076,1909f56bfc062723c751e8b465ee728b) [PhysX] Initialized MultithreadedTaskDispatcher with 8 workers.
[PhysX] Initialized MultithreadedTaskDispatcher with 8 workers.
[PhysX] Initialized MultithreadedTaskDispatcher with 8 workers.
[PhysX] Initialized MultithreadedTaskDispatcher with 8 workers.
[PhysX] Initialized MultithreadedTaskDispatcher with 8 workers.
 -> (artifact id: 'ff5630d1ef96c43861c3f0b569016c5a') in 0.022422 seconds
Number of updated asset objects reloaded before import = 0
Number of asset objects unloaded after import = 9
========================================================================
Received Import Request.
  Time since last request: 0.000020 seconds.
  path: Assets/Models/ConstructionPack/Low Poly Construction/Fuel Tank.fbx
  artifactKey: Guid(62034b758f6e0727cba8fcb7c56bd435) Importer(815301076,1909f56bfc062723c751e8b465ee728b)
Start importing Assets/Models/ConstructionPack/Low Poly Construction/Fuel Tank.fbx using Guid(62034b758f6e0727cba8fcb7c56bd435) Importer(815301076,1909f56bfc062723c751e8b465ee728b) [PhysX] Initialized MultithreadedTaskDispatcher with 8 workers.
[PhysX] Initialized MultithreadedTaskDispatcher with 8 workers.
[PhysX] Initialized MultithreadedTaskDispatcher with 8 workers.
[PhysX] Initialized MultithreadedTaskDispatcher with 8 workers.
[PhysX] Initialized MultithreadedTaskDispatcher with 8 workers.
[PhysX] Initialized MultithreadedTaskDispatcher with 8 workers.
 -> (artifact id: '1ffdba98a54d51ced7f28747ef5e66f9') in 0.021972 seconds
Number of updated asset objects reloaded before import = 0
Number of asset objects unloaded after import = 10
========================================================================
Received Import Request.
  Time since last request: 0.000024 seconds.
  path: Assets/Models/ConstructionPack/Low Poly Construction/Radio.fbx
  artifactKey: Guid(67072b1b161c0377e9104ad02ee35042) Importer(815301076,1909f56bfc062723c751e8b465ee728b)
Start importing Assets/Models/ConstructionPack/Low Poly Construction/Radio.fbx using Guid(67072b1b161c0377e9104ad02ee35042) Importer(815301076,1909f56bfc062723c751e8b465ee728b) [PhysX] Initialized MultithreadedTaskDispatcher with 8 workers.
[PhysX] Initialized MultithreadedTaskDispatcher with 8 workers.
[PhysX] Initialized MultithreadedTaskDispatcher with 8 workers.
[PhysX] Initialized MultithreadedTaskDispatcher with 8 workers.
[PhysX] Initialized MultithreadedTaskDispatcher with 8 workers.
[PhysX] Initialized MultithreadedTaskDispatcher with 8 workers.
 -> (artifact id: '8e46aeb96f10d5dc5621dae3077f7986') in 0.030868 seconds
Number of updated asset objects reloaded before import = 0
Number of asset objects unloaded after import = 10
========================================================================
Received Import Request.
  Time since last request: 0.000024 seconds.
  path: Assets/Models/ConstructionPack/Low Poly Construction/Ladder A.fbx
  artifactKey: Guid(a79d25d02c81fe850b674855503be263) Importer(815301076,1909f56bfc062723c751e8b465ee728b)
Start importing Assets/Models/ConstructionPack/Low Poly Construction/Ladder A.fbx using Guid(a79d25d02c81fe850b674855503be263) Importer(815301076,1909f56bfc062723c751e8b465ee728b) [PhysX] Initialized MultithreadedTaskDispatcher with 8 workers.
[PhysX] Initialized MultithreadedTaskDispatcher with 8 workers.
[PhysX] Initialized MultithreadedTaskDispatcher with 8 workers.
[PhysX] Initialized MultithreadedTaskDispatcher with 8 workers.
[PhysX] Initialized MultithreadedTaskDispatcher with 8 workers.
 -> (artifact id: '6a74a9db90f4685c3a53e7d877b81e80') in 0.031103 seconds
Number of updated asset objects reloaded before import = 0
Number of asset objects unloaded after import = 9
========================================================================
Received Import Request.
  Time since last request: 0.000039 seconds.
  path: Assets/Models/ConstructionPack/Low Poly Construction/Ladder B.fbx
  artifactKey: Guid(3b52c2dacd1152d8eb3c66bfc41f398b) Importer(815301076,1909f56bfc062723c751e8b465ee728b)
Start importing Assets/Models/ConstructionPack/Low Poly Construction/Ladder B.fbx using Guid(3b52c2dacd1152d8eb3c66bfc41f398b) Importer(815301076,1909f56bfc062723c751e8b465ee728b) [PhysX] Initialized MultithreadedTaskDispatcher with 8 workers.
[PhysX] Initialized MultithreadedTaskDispatcher with 8 workers.
[PhysX] Initialized MultithreadedTaskDispatcher with 8 workers.
[PhysX] Initialized MultithreadedTaskDispatcher with 8 workers.
[PhysX] Initialized MultithreadedTaskDispatcher with 8 workers.
 -> (artifact id: 'ce28a1bd3e33aeb2b6cf935d6ccc83e4') in 0.026540 seconds
Number of updated asset objects reloaded before import = 0
Number of asset objects unloaded after import = 9
========================================================================
Received Import Request.
  Time since last request: 0.000085 seconds.
  path: Assets/Models/ConstructionPack/Low Poly Construction/Brick A.fbx
  artifactKey: Guid(a402e15cf0825ea419f396875bf51a19) Importer(815301076,1909f56bfc062723c751e8b465ee728b)
Start importing Assets/Models/ConstructionPack/Low Poly Construction/Brick A.fbx using Guid(a402e15cf0825ea419f396875bf51a19) Importer(815301076,1909f56bfc062723c751e8b465ee728b) [PhysX] Initialized MultithreadedTaskDispatcher with 8 workers.
[PhysX] Initialized MultithreadedTaskDispatcher with 8 workers.
[PhysX] Initialized MultithreadedTaskDispatcher with 8 workers.
[PhysX] Initialized MultithreadedTaskDispatcher with 8 workers.
 -> (artifact id: '93726df7dc93d4ac1b5af381e9639510') in 0.016281 seconds
Number of updated asset objects reloaded before import = 0
Number of asset objects unloaded after import = 8
========================================================================
Received Import Request.
  Time since last request: 0.000022 seconds.
  path: Assets/Models/ConstructionPack/Low Poly Construction/Steel B.fbx
  artifactKey: Guid(93b7e4133e793c98eb4e096a8e82baac) Importer(815301076,1909f56bfc062723c751e8b465ee728b)
Start importing Assets/Models/ConstructionPack/Low Poly Construction/Steel B.fbx using Guid(93b7e4133e793c98eb4e096a8e82baac) Importer(815301076,1909f56bfc062723c751e8b465ee728b) [PhysX] Initialized MultithreadedTaskDispatcher with 8 workers.
[PhysX] Initialized MultithreadedTaskDispatcher with 8 workers.
[PhysX] Initialized MultithreadedTaskDispatcher with 8 workers.
[PhysX] Initialized MultithreadedTaskDispatcher with 8 workers.
 -> (artifact id: '4e9da6d1dcab89126490af77dd9f185e') in 0.020745 seconds
Number of updated asset objects reloaded before import = 0
Number of asset objects unloaded after import = 8
========================================================================
Received Import Request.
  Time since last request: 0.000019 seconds.
  path: Assets/Models/ConstructionPack/Low Poly Construction/Rake.fbx
  artifactKey: Guid(4dbc6160eb93cd7faac7b5addebb4a7d) Importer(815301076,1909f56bfc062723c751e8b465ee728b)
Start importing Assets/Models/ConstructionPack/Low Poly Construction/Rake.fbx using Guid(4dbc6160eb93cd7faac7b5addebb4a7d) Importer(815301076,1909f56bfc062723c751e8b465ee728b) [PhysX] Initialized MultithreadedTaskDispatcher with 8 workers.
[PhysX] Initialized MultithreadedTaskDispatcher with 8 workers.
[PhysX] Initialized MultithreadedTaskDispatcher with 8 workers.
[PhysX] Initialized MultithreadedTaskDispatcher with 8 workers.
[PhysX] Initialized MultithreadedTaskDispatcher with 8 workers.
 -> (artifact id: '489a181ee81dbdc1c7054706aaed2cc0') in 0.024904 seconds
Number of updated asset objects reloaded before import = 0
Number of asset objects unloaded after import = 9
========================================================================
Received Import Request.
  Time since last request: 0.000037 seconds.
  path: Assets/Models/ConstructionPack/Low Poly Construction/Gas Tanks B.fbx
  artifactKey: Guid(dfb7378b39fab1f07b070d077cd26fc3) Importer(815301076,1909f56bfc062723c751e8b465ee728b)
Start importing Assets/Models/ConstructionPack/Low Poly Construction/Gas Tanks B.fbx using Guid(dfb7378b39fab1f07b070d077cd26fc3) Importer(815301076,1909f56bfc062723c751e8b465ee728b) [PhysX] Initialized MultithreadedTaskDispatcher with 8 workers.
[PhysX] Initialized MultithreadedTaskDispatcher with 8 workers.
[PhysX] Initialized MultithreadedTaskDispatcher with 8 workers.
[PhysX] Initialized MultithreadedTaskDispatcher with 8 workers.
[PhysX] Initialized MultithreadedTaskDispatcher with 8 workers.
 -> (artifact id: '3d18ec45f4773a31534683c1e7034d97') in 0.026397 seconds
Number of updated asset objects reloaded before import = 0
Number of asset objects unloaded after import = 9
========================================================================
Received Import Request.
  Time since last request: 0.000022 seconds.
  path: Assets/Models/ConstructionPack/Low Poly Construction/Cement Bag A.fbx
  artifactKey: Guid(7d3332a52096772578a4c81d5f980547) Importer(815301076,1909f56bfc062723c751e8b465ee728b)
Start importing Assets/Models/ConstructionPack/Low Poly Construction/Cement Bag A.fbx using Guid(7d3332a52096772578a4c81d5f980547) Importer(815301076,1909f56bfc062723c751e8b465ee728b) [PhysX] Initialized MultithreadedTaskDispatcher with 8 workers.
[PhysX] Initialized MultithreadedTaskDispatcher with 8 workers.
[PhysX] Initialized MultithreadedTaskDispatcher with 8 workers.
[PhysX] Initialized MultithreadedTaskDispatcher with 8 workers.
[PhysX] Initialized MultithreadedTaskDispatcher with 8 workers.
 -> (artifact id: '724ca516daae8e08f2bd026cfd319ad6') in 0.031087 seconds
Number of updated asset objects reloaded before import = 0
Number of asset objects unloaded after import = 9
========================================================================
Received Import Request.
  Time since last request: 0.000020 seconds.
  path: Assets/Models/ConstructionPack/Low Poly Construction/Spanner A.fbx
  artifactKey: Guid(3591530116f1c1bd794c0779f3a5ea8c) Importer(815301076,1909f56bfc062723c751e8b465ee728b)
Start importing Assets/Models/ConstructionPack/Low Poly Construction/Spanner A.fbx using Guid(3591530116f1c1bd794c0779f3a5ea8c) Importer(815301076,1909f56bfc062723c751e8b465ee728b) [PhysX] Initialized MultithreadedTaskDispatcher with 8 workers.
[PhysX] Initialized MultithreadedTaskDispatcher with 8 workers.
[PhysX] Initialized MultithreadedTaskDispatcher with 8 workers.
[PhysX] Initialized MultithreadedTaskDispatcher with 8 workers.
 -> (artifact id: 'beb89a5f89a16bc2c3a6432b54ac7f4c') in 0.023366 seconds
Number of updated asset objects reloaded before import = 0
Number of asset objects unloaded after import = 8
========================================================================
Received Import Request.
  Time since last request: 0.000019 seconds.
  path: Assets/Models/ConstructionPack/Low Poly Construction/Pipe Holder B.fbx
  artifactKey: Guid(e33d71fe2c302cc4fa8f7d0be3429985) Importer(815301076,1909f56bfc062723c751e8b465ee728b)
Start importing Assets/Models/ConstructionPack/Low Poly Construction/Pipe Holder B.fbx using Guid(e33d71fe2c302cc4fa8f7d0be3429985) Importer(815301076,1909f56bfc062723c751e8b465ee728b) [PhysX] Initialized MultithreadedTaskDispatcher with 8 workers.
[PhysX] Initialized MultithreadedTaskDispatcher with 8 workers.
[PhysX] Initialized MultithreadedTaskDispatcher with 8 workers.
[PhysX] Initialized MultithreadedTaskDispatcher with 8 workers.
[PhysX] Initialized MultithreadedTaskDispatcher with 8 workers.
[PhysX] Initialized MultithreadedTaskDispatcher with 8 workers.
 -> (artifact id: '79a29c1cc47b6c27f0f068a4ffb46ada') in 0.031441 seconds
Number of updated asset objects reloaded before import = 0
Number of asset objects unloaded after import = 10
========================================================================
Received Import Request.
  Time since last request: 0.000018 seconds.
  path: Assets/Models/ConstructionPack/Low Poly Construction/Plank B.fbx
  artifactKey: Guid(369fe96fd7349519aaa34a52cbea79b4) Importer(815301076,1909f56bfc062723c751e8b465ee728b)
Start importing Assets/Models/ConstructionPack/Low Poly Construction/Plank B.fbx using Guid(369fe96fd7349519aaa34a52cbea79b4) Importer(815301076,1909f56bfc062723c751e8b465ee728b) [PhysX] Initialized MultithreadedTaskDispatcher with 8 workers.
[PhysX] Initialized MultithreadedTaskDispatcher with 8 workers.
[PhysX] Initialized MultithreadedTaskDispatcher with 8 workers.
[PhysX] Initialized MultithreadedTaskDispatcher with 8 workers.
 -> (artifact id: 'a34989e9976b40fc0eca6c84d97565cc') in 0.017318 seconds
Number of updated asset objects reloaded before import = 0
Number of asset objects unloaded after import = 8
========================================================================
Received Import Request.
  Time since last request: 0.000021 seconds.
  path: Assets/Models/ConstructionPack/Low Poly Construction/Saw.fbx
  artifactKey: Guid(6a28c576a365b51779cc2e0757a6b628) Importer(815301076,1909f56bfc062723c751e8b465ee728b)
Start importing Assets/Models/ConstructionPack/Low Poly Construction/Saw.fbx using Guid(6a28c576a365b51779cc2e0757a6b628) Importer(815301076,1909f56bfc062723c751e8b465ee728b) [PhysX] Initialized MultithreadedTaskDispatcher with 8 workers.
[PhysX] Initialized MultithreadedTaskDispatcher with 8 workers.
[PhysX] Initialized MultithreadedTaskDispatcher with 8 workers.
[PhysX] Initialized MultithreadedTaskDispatcher with 8 workers.
[PhysX] Initialized MultithreadedTaskDispatcher with 8 workers.
 -> (artifact id: '94553e74067410f0d33e7c6dc7fa73e5') in 0.026541 seconds
Number of updated asset objects reloaded before import = 0
Number of asset objects unloaded after import = 9
========================================================================
Received Import Request.
  Time since last request: 0.000029 seconds.
  path: Assets/Models/ConstructionPack/Low Poly Construction/Pillar B.fbx
  artifactKey: Guid(d742e151058ad167fa382d291ff69465) Importer(815301076,1909f56bfc062723c751e8b465ee728b)
Start importing Assets/Models/ConstructionPack/Low Poly Construction/Pillar B.fbx using Guid(d742e151058ad167fa382d291ff69465) Importer(815301076,1909f56bfc062723c751e8b465ee728b) [PhysX] Initialized MultithreadedTaskDispatcher with 8 workers.
[PhysX] Initialized MultithreadedTaskDispatcher with 8 workers.
[PhysX] Initialized MultithreadedTaskDispatcher with 8 workers.
[PhysX] Initialized MultithreadedTaskDispatcher with 8 workers.
 -> (artifact id: '1e7367641efe9b2e0e2b5281f739954c') in 0.016699 seconds
Number of updated asset objects reloaded before import = 0
Number of asset objects unloaded after import = 8
========================================================================
Received Import Request.
  Time since last request: 0.000034 seconds.
  path: Assets/Models/ConstructionPack/Low Poly Construction/Box A.fbx
  artifactKey: Guid(29486527d85ec9c0c8d4d376f17c3946) Importer(815301076,1909f56bfc062723c751e8b465ee728b)
Start importing Assets/Models/ConstructionPack/Low Poly Construction/Box A.fbx using Guid(29486527d85ec9c0c8d4d376f17c3946) Importer(815301076,1909f56bfc062723c751e8b465ee728b) [PhysX] Initialized MultithreadedTaskDispatcher with 8 workers.
[PhysX] Initialized MultithreadedTaskDispatcher with 8 workers.
[PhysX] Initialized MultithreadedTaskDispatcher with 8 workers.
[PhysX] Initialized MultithreadedTaskDispatcher with 8 workers.
 -> (artifact id: '583a35866e02d586bee427bf836f5834') in 0.021942 seconds
Number of updated asset objects reloaded before import = 0
Number of asset objects unloaded after import = 8
========================================================================
Received Import Request.
  Time since last request: 0.000020 seconds.
  path: Assets/Models/ConstructionPack/Low Poly Construction/Box C.fbx
  artifactKey: Guid(512c321a28470dc02a0bd3fd766729a7) Importer(815301076,1909f56bfc062723c751e8b465ee728b)
Start importing Assets/Models/ConstructionPack/Low Poly Construction/Box C.fbx using Guid(512c321a28470dc02a0bd3fd766729a7) Importer(815301076,1909f56bfc062723c751e8b465ee728b) [PhysX] Initialized MultithreadedTaskDispatcher with 8 workers.
[PhysX] Initialized MultithreadedTaskDispatcher with 8 workers.
[PhysX] Initialized MultithreadedTaskDispatcher with 8 workers.
[PhysX] Initialized MultithreadedTaskDispatcher with 8 workers.
[PhysX] Initialized MultithreadedTaskDispatcher with 8 workers.
 -> (artifact id: 'e36e0b4a9c48ccf3589ebd077557ab72') in 0.031110 seconds
Number of updated asset objects reloaded before import = 0
Number of asset objects unloaded after import = 9
========================================================================
Received Import Request.
  Time since last request: 0.000043 seconds.
  path: Assets/Models/ConstructionPack/Low Poly Construction/Cement Mixer.fbx
  artifactKey: Guid(4dee99fd3199576c2be65913a10788f4) Importer(815301076,1909f56bfc062723c751e8b465ee728b)
Start importing Assets/Models/ConstructionPack/Low Poly Construction/Cement Mixer.fbx using Guid(4dee99fd3199576c2be65913a10788f4) Importer(815301076,1909f56bfc062723c751e8b465ee728b) [PhysX] Initialized MultithreadedTaskDispatcher with 8 workers.
[PhysX] Initialized MultithreadedTaskDispatcher with 8 workers.
[PhysX] Initialized MultithreadedTaskDispatcher with 8 workers.
[PhysX] Initialized MultithreadedTaskDispatcher with 8 workers.
[PhysX] Initialized MultithreadedTaskDispatcher with 8 workers.
[PhysX] Initialized MultithreadedTaskDispatcher with 8 workers.
 -> (artifact id: 'd71d06d26e10b0745e0460135740e3ed') in 0.032720 seconds
Number of updated asset objects reloaded before import = 0
Number of asset objects unloaded after import = 10
========================================================================
Received Import Request.
  Time since last request: 0.000019 seconds.
  path: Assets/Models/ConstructionPack/Low Poly Construction/Bolts.fbx
  artifactKey: Guid(5d65a0d8e8ba8eb31bbe794df13d53da) Importer(815301076,1909f56bfc062723c751e8b465ee728b)
Start importing Assets/Models/ConstructionPack/Low Poly Construction/Bolts.fbx using Guid(5d65a0d8e8ba8eb31bbe794df13d53da) Importer(815301076,1909f56bfc062723c751e8b465ee728b) [PhysX] Initialized MultithreadedTaskDispatcher with 8 workers.
[PhysX] Initialized MultithreadedTaskDispatcher with 8 workers.
[PhysX] Initialized MultithreadedTaskDispatcher with 8 workers.
[PhysX] Initialized MultithreadedTaskDispatcher with 8 workers.
[PhysX] Initialized MultithreadedTaskDispatcher with 8 workers.
[PhysX] Initialized MultithreadedTaskDispatcher with 8 workers.
 -> (artifact id: '3dbfcb8ae647260fda9a52076cbb892c') in 0.023933 seconds
Number of updated asset objects reloaded before import = 0
Number of asset objects unloaded after import = 10
========================================================================
Received Import Request.
  Time since last request: 0.000028 seconds.
  path: Assets/Models/ConstructionPack/Low Poly Construction/Screwdriver.fbx
  artifactKey: Guid(bbd772e648a28dccdba57b77b4382267) Importer(815301076,1909f56bfc062723c751e8b465ee728b)
Start importing Assets/Models/ConstructionPack/Low Poly Construction/Screwdriver.fbx using Guid(bbd772e648a28dccdba57b77b4382267) Importer(815301076,1909f56bfc062723c751e8b465ee728b) [PhysX] Initialized MultithreadedTaskDispatcher with 8 workers.
[PhysX] Initialized MultithreadedTaskDispatcher with 8 workers.
[PhysX] Initialized MultithreadedTaskDispatcher with 8 workers.
[PhysX] Initialized MultithreadedTaskDispatcher with 8 workers.
[PhysX] Initialized MultithreadedTaskDispatcher with 8 workers.
[PhysX] Initialized MultithreadedTaskDispatcher with 8 workers.
 -> (artifact id: '538a71b152752e5a9ebefb566d8fc404') in 0.028630 seconds
Number of updated asset objects reloaded before import = 0
Number of asset objects unloaded after import = 10
========================================================================
Received Import Request.
  Time since last request: 0.000026 seconds.
  path: Assets/Models/ConstructionPack/Low Poly Construction/Sledgehammer.fbx
  artifactKey: Guid(a07250c02d6745865b845666b855d253) Importer(815301076,1909f56bfc062723c751e8b465ee728b)
Start importing Assets/Models/ConstructionPack/Low Poly Construction/Sledgehammer.fbx using Guid(a07250c02d6745865b845666b855d253) Importer(815301076,1909f56bfc062723c751e8b465ee728b) [PhysX] Initialized MultithreadedTaskDispatcher with 8 workers.
[PhysX] Initialized MultithreadedTaskDispatcher with 8 workers.
[PhysX] Initialized MultithreadedTaskDispatcher with 8 workers.
[PhysX] Initialized MultithreadedTaskDispatcher with 8 workers.
[PhysX] Initialized MultithreadedTaskDispatcher with 8 workers.
 -> (artifact id: '0336f2e803f77f4498b83ec5a198d7a0') in 0.025438 seconds
Number of updated asset objects reloaded before import = 0
Number of asset objects unloaded after import = 9
========================================================================
Received Import Request.
  Time since last request: 0.000023 seconds.
  path: Assets/Models/ConstructionPack/Low Poly Construction/Fence A.fbx
  artifactKey: Guid(68fecc45c1f5d2f939a7e314cbdb4b54) Importer(815301076,1909f56bfc062723c751e8b465ee728b)
Start importing Assets/Models/ConstructionPack/Low Poly Construction/Fence A.fbx using Guid(68fecc45c1f5d2f939a7e314cbdb4b54) Importer(815301076,1909f56bfc062723c751e8b465ee728b) [PhysX] Initialized MultithreadedTaskDispatcher with 8 workers.
[PhysX] Initialized MultithreadedTaskDispatcher with 8 workers.
[PhysX] Initialized MultithreadedTaskDispatcher with 8 workers.
[PhysX] Initialized MultithreadedTaskDispatcher with 8 workers.
[PhysX] Initialized MultithreadedTaskDispatcher with 8 workers.
 -> (artifact id: 'b19f5587e5b099efade2694967f87cde') in 0.022783 seconds
Number of updated asset objects reloaded before import = 0
Number of asset objects unloaded after import = 9
========================================================================
Received Import Request.
  Time since last request: 0.000295 seconds.
  path: Assets/Models/ConstructionPack/Low Poly Construction/Cement Bag B.fbx
  artifactKey: Guid(321bea73da1f87ed790431d61e37cfd9) Importer(815301076,1909f56bfc062723c751e8b465ee728b)
Start importing Assets/Models/ConstructionPack/Low Poly Construction/Cement Bag B.fbx using Guid(321bea73da1f87ed790431d61e37cfd9) Importer(815301076,1909f56bfc062723c751e8b465ee728b) [PhysX] Initialized MultithreadedTaskDispatcher with 8 workers.
[PhysX] Initialized MultithreadedTaskDispatcher with 8 workers.
[PhysX] Initialized MultithreadedTaskDispatcher with 8 workers.
[PhysX] Initialized MultithreadedTaskDispatcher with 8 workers.
[PhysX] Initialized MultithreadedTaskDispatcher with 8 workers.
[PhysX] Initialized MultithreadedTaskDispatcher with 8 workers.
[PhysX] Initialized MultithreadedTaskDispatcher with 8 workers.
 -> (artifact id: '5c4d21a8f24dee0addf371167e42049b') in 0.037206 seconds
Number of updated asset objects reloaded before import = 0
Number of asset objects unloaded after import = 11
========================================================================
Received Import Request.
  Time since last request: 0.000028 seconds.
  path: Assets/Models/ConstructionPack/Low Poly Construction/Fence B.fbx
  artifactKey: Guid(35ad736763eb71385a0a9413d22a0f1d) Importer(815301076,1909f56bfc062723c751e8b465ee728b)
Start importing Assets/Models/ConstructionPack/Low Poly Construction/Fence B.fbx using Guid(35ad736763eb71385a0a9413d22a0f1d) Importer(815301076,1909f56bfc062723c751e8b465ee728b) [PhysX] Initialized MultithreadedTaskDispatcher with 8 workers.
[PhysX] Initialized MultithreadedTaskDispatcher with 8 workers.
[PhysX] Initialized MultithreadedTaskDispatcher with 8 workers.
[PhysX] Initialized MultithreadedTaskDispatcher with 8 workers.
 -> (artifact id: '6faeb86dead745900db175f9e0a7b2df') in 0.015423 seconds
Number of updated asset objects reloaded before import = 0
Number of asset objects unloaded after import = 8
========================================================================
Received Import Request.
  Time since last request: 0.000037 seconds.
  path: Assets/Models/ConstructionPack/Low Poly Construction/Barrier A.fbx
  artifactKey: Guid(6981ba8efd0a9faddb00b444eb92752e) Importer(815301076,1909f56bfc062723c751e8b465ee728b)
Start importing Assets/Models/ConstructionPack/Low Poly Construction/Barrier A.fbx using Guid(6981ba8efd0a9faddb00b444eb92752e) Importer(815301076,1909f56bfc062723c751e8b465ee728b) [PhysX] Initialized MultithreadedTaskDispatcher with 8 workers.
[PhysX] Initialized MultithreadedTaskDispatcher with 8 workers.
[PhysX] Initialized MultithreadedTaskDispatcher with 8 workers.
[PhysX] Initialized MultithreadedTaskDispatcher with 8 workers.
 -> (artifact id: '552893555fd288cf3409e71b377857b1') in 0.026509 seconds
Number of updated asset objects reloaded before import = 0
Number of asset objects unloaded after import = 8
========================================================================
Received Import Request.
  Time since last request: 0.000021 seconds.
  path: Assets/Models/ConstructionPack/Low Poly Construction/Mallet.fbx
  artifactKey: Guid(9968fd611c0f7fad88895ee6acc960ec) Importer(815301076,1909f56bfc062723c751e8b465ee728b)
Start importing Assets/Models/ConstructionPack/Low Poly Construction/Mallet.fbx using Guid(9968fd611c0f7fad88895ee6acc960ec) Importer(815301076,1909f56bfc062723c751e8b465ee728b) [PhysX] Initialized MultithreadedTaskDispatcher with 8 workers.
[PhysX] Initialized MultithreadedTaskDispatcher with 8 workers.
[PhysX] Initialized MultithreadedTaskDispatcher with 8 workers.
[PhysX] Initialized MultithreadedTaskDispatcher with 8 workers.
[PhysX] Initialized MultithreadedTaskDispatcher with 8 workers.
 -> (artifact id: '9598c936b303c94ce5df1e0fa624ef99') in 0.033982 seconds
Number of updated asset objects reloaded before import = 0
Number of asset objects unloaded after import = 9
========================================================================
Received Import Request.
  Time since last request: 0.000023 seconds.
  path: Assets/Models/ConstructionPack/Low Poly Construction/Drill.fbx
  artifactKey: Guid(d324f5ab3980e6bb1937755698902c41) Importer(815301076,1909f56bfc062723c751e8b465ee728b)
Start importing Assets/Models/ConstructionPack/Low Poly Construction/Drill.fbx using Guid(d324f5ab3980e6bb1937755698902c41) Importer(815301076,1909f56bfc062723c751e8b465ee728b) [PhysX] Initialized MultithreadedTaskDispatcher with 8 workers.
[PhysX] Initialized MultithreadedTaskDispatcher with 8 workers.
[PhysX] Initialized MultithreadedTaskDispatcher with 8 workers.
[PhysX] Initialized MultithreadedTaskDispatcher with 8 workers.
[PhysX] Initialized MultithreadedTaskDispatcher with 8 workers.
[PhysX] Initialized MultithreadedTaskDispatcher with 8 workers.
 -> (artifact id: 'e229871638b90d75338a4e3991ecb610') in 0.055976 seconds
Number of updated asset objects reloaded before import = 0
Number of asset objects unloaded after import = 10
========================================================================
Received Import Request.
  Time since last request: 0.000037 seconds.
  path: Assets/Models/ConstructionPack/Low Poly Construction/Level.fbx
  artifactKey: Guid(1e682ddb31804ace285ce82c41ae31f3) Importer(815301076,1909f56bfc062723c751e8b465ee728b)
Start importing Assets/Models/ConstructionPack/Low Poly Construction/Level.fbx using Guid(1e682ddb31804ace285ce82c41ae31f3) Importer(815301076,1909f56bfc062723c751e8b465ee728b) [PhysX] Initialized MultithreadedTaskDispatcher with 8 workers.
[PhysX] Initialized MultithreadedTaskDispatcher with 8 workers.
[PhysX] Initialized MultithreadedTaskDispatcher with 8 workers.
[PhysX] Initialized MultithreadedTaskDispatcher with 8 workers.
[PhysX] Initialized MultithreadedTaskDispatcher with 8 workers.
[PhysX] Initialized MultithreadedTaskDispatcher with 8 workers.
 -> (artifact id: '1f682c5e825183ab1edc4ed291fc14b5') in 0.027229 seconds
Number of updated asset objects reloaded before import = 0
Number of asset objects unloaded after import = 10
========================================================================
Received Import Request.
  Time since last request: 0.000033 seconds.
  path: Assets/Models/ConstructionPack/Low Poly Construction/Plank A.fbx
  artifactKey: Guid(032864909cc46c55e92ddda5f25b4fbc) Importer(815301076,1909f56bfc062723c751e8b465ee728b)
Start importing Assets/Models/ConstructionPack/Low Poly Construction/Plank A.fbx using Guid(032864909cc46c55e92ddda5f25b4fbc) Importer(815301076,1909f56bfc062723c751e8b465ee728b) [PhysX] Initialized MultithreadedTaskDispatcher with 8 workers.
[PhysX] Initialized MultithreadedTaskDispatcher with 8 workers.
[PhysX] Initialized MultithreadedTaskDispatcher with 8 workers.
[PhysX] Initialized MultithreadedTaskDispatcher with 8 workers.
 -> (artifact id: '8e016c8016e0b23f6219004bb1a68f67') in 0.020213 seconds
Number of updated asset objects reloaded before import = 0
Number of asset objects unloaded after import = 8
========================================================================
Received Import Request.
  Time since last request: 0.000025 seconds.
  path: Assets/Models/ConstructionPack/Low Poly Construction/Clipboard.fbx
  artifactKey: Guid(e6a3b8245b9e16473995c7802cdb6ad5) Importer(815301076,1909f56bfc062723c751e8b465ee728b)
Start importing Assets/Models/ConstructionPack/Low Poly Construction/Clipboard.fbx using Guid(e6a3b8245b9e16473995c7802cdb6ad5) Importer(815301076,1909f56bfc062723c751e8b465ee728b) [PhysX] Initialized MultithreadedTaskDispatcher with 8 workers.
[PhysX] Initialized MultithreadedTaskDispatcher with 8 workers.
[PhysX] Initialized MultithreadedTaskDispatcher with 8 workers.
[PhysX] Initialized MultithreadedTaskDispatcher with 8 workers.
[PhysX] Initialized MultithreadedTaskDispatcher with 8 workers.
[PhysX] Initialized MultithreadedTaskDispatcher with 8 workers.
 -> (artifact id: 'e074812f359e87c75d7e2748c8945b74') in 0.030544 seconds
Number of updated asset objects reloaded before import = 0
Number of asset objects unloaded after import = 10
========================================================================
Received Import Request.
  Time since last request: 0.000029 seconds.
  path: Assets/Models/ConstructionPack/Low Poly Construction/Pillar A.fbx
  artifactKey: Guid(43e4837806ee31cf2be9ad035a982105) Importer(815301076,1909f56bfc062723c751e8b465ee728b)
Start importing Assets/Models/ConstructionPack/Low Poly Construction/Pillar A.fbx using Guid(43e4837806ee31cf2be9ad035a982105) Importer(815301076,1909f56bfc062723c751e8b465ee728b) [PhysX] Initialized MultithreadedTaskDispatcher with 8 workers.
[PhysX] Initialized MultithreadedTaskDispatcher with 8 workers.
[PhysX] Initialized MultithreadedTaskDispatcher with 8 workers.
[PhysX] Initialized MultithreadedTaskDispatcher with 8 workers.
 -> (artifact id: 'cc506eab67f190afa59f508e9ec021a1') in 0.023298 seconds
Number of updated asset objects reloaded before import = 0
Number of asset objects unloaded after import = 8
========================================================================
Received Import Request.
  Time since last request: 0.000031 seconds.
  path: Assets/Models/ConstructionPack/Low Poly Construction/Ladder C.fbx
  artifactKey: Guid(05a5e5476fe0051d19c56ec1017d8db3) Importer(815301076,1909f56bfc062723c751e8b465ee728b)
Start importing Assets/Models/ConstructionPack/Low Poly Construction/Ladder C.fbx using Guid(05a5e5476fe0051d19c56ec1017d8db3) Importer(815301076,1909f56bfc062723c751e8b465ee728b) [PhysX] Initialized MultithreadedTaskDispatcher with 8 workers.
[PhysX] Initialized MultithreadedTaskDispatcher with 8 workers.
[PhysX] Initialized MultithreadedTaskDispatcher with 8 workers.
[PhysX] Initialized MultithreadedTaskDispatcher with 8 workers.
 -> (artifact id: '15058e0bd5dc0adf2c6221441aeaad2a') in 0.017163 seconds
Number of updated asset objects reloaded before import = 0
Number of asset objects unloaded after import = 8
========================================================================
Received Import Request.
  Time since last request: 0.000036 seconds.
  path: Assets/Models/ConstructionPack/Low Poly Construction/Toilet A.fbx
  artifactKey: Guid(495700079041103c4a8564b077865409) Importer(815301076,1909f56bfc062723c751e8b465ee728b)
Start importing Assets/Models/ConstructionPack/Low Poly Construction/Toilet A.fbx using Guid(495700079041103c4a8564b077865409) Importer(815301076,1909f56bfc062723c751e8b465ee728b) [PhysX] Initialized MultithreadedTaskDispatcher with 8 workers.
[PhysX] Initialized MultithreadedTaskDispatcher with 8 workers.
[PhysX] Initialized MultithreadedTaskDispatcher with 8 workers.
[PhysX] Initialized MultithreadedTaskDispatcher with 8 workers.
[PhysX] Initialized MultithreadedTaskDispatcher with 8 workers.
[PhysX] Initialized MultithreadedTaskDispatcher with 8 workers.
 -> (artifact id: 'afcc1b0e285661c0fa60aa6e81530994') in 0.031102 seconds
Number of updated asset objects reloaded before import = 0
Number of asset objects unloaded after import = 10
========================================================================
Received Import Request.
  Time since last request: 0.000028 seconds.
  path: Assets/Models/ConstructionPack/Low Poly Construction/Headphones.fbx
  artifactKey: Guid(4d4bf8f6afb5f97c78c28ed9ccc0f653) Importer(815301076,1909f56bfc062723c751e8b465ee728b)
Start importing Assets/Models/ConstructionPack/Low Poly Construction/Headphones.fbx using Guid(4d4bf8f6afb5f97c78c28ed9ccc0f653) Importer(815301076,1909f56bfc062723c751e8b465ee728b) [PhysX] Initialized MultithreadedTaskDispatcher with 8 workers.
[PhysX] Initialized MultithreadedTaskDispatcher with 8 workers.
[PhysX] Initialized MultithreadedTaskDispatcher with 8 workers.
[PhysX] Initialized MultithreadedTaskDispatcher with 8 workers.
[PhysX] Initialized MultithreadedTaskDispatcher with 8 workers.
 -> (artifact id: '5bc30968576526a58f55b288fdd8f4a9') in 0.024922 seconds
Number of updated asset objects reloaded before import = 0
Number of asset objects unloaded after import = 9
========================================================================
Received Import Request.
  Time since last request: 0.000023 seconds.
  path: Assets/Models/ConstructionPack/Low Poly Construction/Wood Stand.fbx
  artifactKey: Guid(b8fabf118a7d36977a215385efe40458) Importer(815301076,1909f56bfc062723c751e8b465ee728b)
Start importing Assets/Models/ConstructionPack/Low Poly Construction/Wood Stand.fbx using Guid(b8fabf118a7d36977a215385efe40458) Importer(815301076,1909f56bfc062723c751e8b465ee728b) [PhysX] Initialized MultithreadedTaskDispatcher with 8 workers.
[PhysX] Initialized MultithreadedTaskDispatcher with 8 workers.
[PhysX] Initialized MultithreadedTaskDispatcher with 8 workers.
[PhysX] Initialized MultithreadedTaskDispatcher with 8 workers.
[PhysX] Initialized MultithreadedTaskDispatcher with 8 workers.
 -> (artifact id: '0bc31175f1ed40e2e63028a7739d1c88') in 0.025239 seconds
Number of updated asset objects reloaded before import = 0
Number of asset objects unloaded after import = 9
========================================================================
Received Import Request.
  Time since last request: 0.000020 seconds.
  path: Assets/Models/ConstructionPack/Low Poly Construction/Pipe A.fbx
  artifactKey: Guid(9849092b3a5f4592d94cd9f283016b23) Importer(815301076,1909f56bfc062723c751e8b465ee728b)
Start importing Assets/Models/ConstructionPack/Low Poly Construction/Pipe A.fbx using Guid(9849092b3a5f4592d94cd9f283016b23) Importer(815301076,1909f56bfc062723c751e8b465ee728b) [PhysX] Initialized MultithreadedTaskDispatcher with 8 workers.
[PhysX] Initialized MultithreadedTaskDispatcher with 8 workers.
[PhysX] Initialized MultithreadedTaskDispatcher with 8 workers.
[PhysX] Initialized MultithreadedTaskDispatcher with 8 workers.
 -> (artifact id: 'b2cb95defd8db89318ffdf0a8b1adcca') in 0.022323 seconds
Number of updated asset objects reloaded before import = 0
Number of asset objects unloaded after import = 8
========================================================================
Received Import Request.
  Time since last request: 65.621928 seconds.
  path: Assets/Prefabs/Penetrator.prefab
  artifactKey: Guid(f9ea8778b63c653a8b2221995b3aaa5d) Importer(815301076,1909f56bfc062723c751e8b465ee728b)
Start importing Assets/Prefabs/Penetrator.prefab using Guid(f9ea8778b63c653a8b2221995b3aaa5d) Importer(815301076,1909f56bfc062723c751e8b465ee728b) [PhysX] Initialized MultithreadedTaskDispatcher with 8 workers.
[PhysX] Initialized MultithreadedTaskDispatcher with 8 workers.
 -> (artifact id: 'a3510a0c1cda3392ef363cfb1b80f7e8') in 0.035020 seconds
Number of updated asset objects reloaded before import = 0
Number of asset objects unloaded after import = 46
========================================================================
Received Prepare
Caller must complete domain reload
Begin MonoManager ReloadAssembly
- Loaded All Assemblies, in  0.471 seconds
Native extension for LinuxStandalone target not found
Native extension for WindowsStandalone target not found
Mono: successfully reloaded assembly
- Finished resetting the current domain, in  1.135 seconds
Domain Reload Profiling: 1606ms
	BeginReloadAssembly (153ms)
		ExecutionOrderSort (0ms)
		DisableScriptedObjects (6ms)
		BackupInstance (0ms)
		ReleaseScriptingObjects (0ms)
		CreateAndSetChildDomain (50ms)
	RebuildCommonClasses (44ms)
	RebuildNativeTypeToScriptingClass (13ms)
	initialDomainReloadingComplete (37ms)
	LoadAllAssembliesAndSetupDomain (222ms)
		LoadAssemblies (261ms)
		RebuildTransferFunctionScriptingTraits (0ms)
		AnalyzeDomain (27ms)
			TypeCache.Refresh (10ms)
				TypeCache.ScanAssembly (0ms)
			ScanForSourceGeneratedMonoScriptInfo (9ms)
			ResolveRequiredComponents (7ms)
	FinalizeReload (1136ms)
		ReleaseScriptCaches (0ms)
		RebuildScriptCaches (0ms)
		SetupLoadedEditorAssemblies (605ms)
			LogAssemblyErrors (0ms)
			InitializePlatformSupportModulesInManaged (58ms)
			SetLoadedEditorAssemblies (8ms)
			RefreshPlugins (0ms)
			BeforeProcessingInitializeOnLoad (82ms)
			ProcessInitializeOnLoadAttributes (419ms)
			ProcessInitializeOnLoadMethodAttributes (31ms)
			AfterProcessingInitializeOnLoad (7ms)
			EditorAssembliesLoaded (0ms)
		ExecutionOrderSort2 (0ms)
		AwakeInstancesAfterBackupRestoration (6ms)
Refreshing native plugins compatible for Editor in 1.72 ms, found 0 plugins.
Preloading 0 native plugins for Editor in 0.00 ms.
Unloading 3252 Unused Serialized files (Serialized files now loaded: 0)
Unloading 16 unused Assets / (29.6 KB). Loaded Objects now: 3963.
Memory consumption went from 134.5 MB to 134.5 MB.
Total: 4.104294 ms (FindLiveObjects: 0.332139 ms CreateObjectMapping: 0.240430 ms MarkObjects: 3.430608 ms  DeleteObjects: 0.099426 ms)

Prepare: number of updated asset objects reloaded= 0
AssetImportParameters requested are different than current active one (requested -> active):
  custom:container-demuxer-ogg: 62fdf1f143b41e24485cea50d1cbac27 -> 
  custom:scripting/monoscript/fileName/HandScript.cs: ab82d9b432b4ff3c2be587dcfc2ef88f -> f6d2d9607a041472806e778f6397f6ff
  custom:scripting/monoscript/fileName/GunScript.cs: 6a8d5652f919b70c5522b0348dc3dc24 -> adaec7589872e88b61019be0f1bdc549
  custom:video-decoder-ogg-theora: a1e56fd34408186e4bbccfd4996cb3dc -> 
  custom:scripting/monoscript/fileName/BulletScript.cs: 13477a3b0c98cca55096ea1dcfe934dc -> d888d721bde78eacda1c314a50a2cf74
  custom:CustomObjectIndexerAttribute: 232f87dd983dbecb2a4e21e08eb2cef8 -> 
  custom:container-demuxer-webm: 4f35f7cbe854078d1ac9338744f61a02 -> 
  custom:scripting/monoscript/fileName/ClipScript.cs: d454b9a64ca33d8936f1fee1d0b94333 -> a47e0092d1d896ccc176e69669d3233d
  custom:container-muxer-webm: aa71ff27fc2769a1b78a27578f13a17b -> 
  custom:video-decoder-webm-vp8: 9c59270c3fd7afecdb556c50c9e8de78 -> 
  custom:scripting/monoscript/fileName/MovementScript.cs: 0602eb1700489a3ab9cb01ec15ee773a -> 9a1daee93d0a505568922467e5a5e2e0
  custom:SearchIndexIgnoredProperties: e643bd26f0fe6173181afceb89e7c659 -> 
  custom:AudioImporter_EditorPlatform: 2f0ff77a95e0ac474e3e8eeba4e2f7cb -> 
  custom:video-encoder-webm-vp8: eb34c28f22e8b96e1ab97ce403110664 -> 
  custom:audio-decoder-ogg-vorbis: bf7c407c2cedff20999df2af8eb42d56 -> 
  custom:scripting/monoscript/fileName/Item.cs: c2b7fc65fe255f985743270ca947d8ec -> edfd25bbe8f561e55c7415f9c3adacfe
  custom:audio-encoder-webm-vorbis: bf7c407c2cedff20999df2af8eb42d56 -> 
  custom:scripting/precompiled-assembly-types:Assembly-CSharp: 49e6c1e388f3b0c5149ffcf1dd74b342 -> 14f21d8c89919019ed129879e7927412
========================================================================
Received Prepare
Caller must complete domain reload
Begin MonoManager ReloadAssembly
- Loaded All Assemblies, in  0.476 seconds
Native extension for LinuxStandalone target not found
Native extension for WindowsStandalone target not found
Mono: successfully reloaded assembly
- Finished resetting the current domain, in  0.922 seconds
Domain Reload Profiling: 1398ms
	BeginReloadAssembly (154ms)
		ExecutionOrderSort (0ms)
		DisableScriptedObjects (6ms)
		BackupInstance (0ms)
		ReleaseScriptingObjects (0ms)
		CreateAndSetChildDomain (45ms)
	RebuildCommonClasses (43ms)
	RebuildNativeTypeToScriptingClass (14ms)
	initialDomainReloadingComplete (41ms)
	LoadAllAssembliesAndSetupDomain (223ms)
		LoadAssemblies (263ms)
		RebuildTransferFunctionScriptingTraits (0ms)
		AnalyzeDomain (27ms)
			TypeCache.Refresh (10ms)
				TypeCache.ScanAssembly (0ms)
			ScanForSourceGeneratedMonoScriptInfo (9ms)
			ResolveRequiredComponents (7ms)
	FinalizeReload (923ms)
		ReleaseScriptCaches (0ms)
		RebuildScriptCaches (0ms)
		SetupLoadedEditorAssemblies (502ms)
			LogAssemblyErrors (0ms)
			InitializePlatformSupportModulesInManaged (48ms)
			SetLoadedEditorAssemblies (7ms)
			RefreshPlugins (0ms)
			BeforeProcessingInitializeOnLoad (79ms)
			ProcessInitializeOnLoadAttributes (330ms)
			ProcessInitializeOnLoadMethodAttributes (30ms)
			AfterProcessingInitializeOnLoad (7ms)
			EditorAssembliesLoaded (0ms)
		ExecutionOrderSort2 (0ms)
		AwakeInstancesAfterBackupRestoration (5ms)
Refreshing native plugins compatible for Editor in 1.70 ms, found 0 plugins.
Preloading 0 native plugins for Editor in 0.00 ms.
Unloading 3253 Unused Serialized files (Serialized files now loaded: 0)
Unloading 14 unused Assets / (28.6 KB). Loaded Objects now: 3967.
Memory consumption went from 134.8 MB to 134.7 MB.
Total: 5.399283 ms (FindLiveObjects: 0.361327 ms CreateObjectMapping: 0.255927 ms MarkObjects: 4.671569 ms  DeleteObjects: 0.108669 ms)

Prepare: number of updated asset objects reloaded= 0
AssetImportParameters requested are different than current active one (requested -> active):
  custom:container-demuxer-ogg: 62fdf1f143b41e24485cea50d1cbac27 -> 
  custom:scripting/monoscript/fileName/HandScript.cs: ab82d9b432b4ff3c2be587dcfc2ef88f -> f6d2d9607a041472806e778f6397f6ff
  custom:scripting/monoscript/fileName/GunScript.cs: 6a8d5652f919b70c5522b0348dc3dc24 -> adaec7589872e88b61019be0f1bdc549
  custom:video-decoder-ogg-theora: a1e56fd34408186e4bbccfd4996cb3dc -> 
  custom:scripting/monoscript/fileName/BulletScript.cs: 13477a3b0c98cca55096ea1dcfe934dc -> d888d721bde78eacda1c314a50a2cf74
  custom:CustomObjectIndexerAttribute: 232f87dd983dbecb2a4e21e08eb2cef8 -> 
  custom:container-demuxer-webm: 4f35f7cbe854078d1ac9338744f61a02 -> 
  custom:scripting/monoscript/fileName/ClipScript.cs: d454b9a64ca33d8936f1fee1d0b94333 -> a47e0092d1d896ccc176e69669d3233d
  custom:container-muxer-webm: aa71ff27fc2769a1b78a27578f13a17b -> 
  custom:video-decoder-webm-vp8: 9c59270c3fd7afecdb556c50c9e8de78 -> 
  custom:scripting/monoscript/fileName/MovementScript.cs: 0602eb1700489a3ab9cb01ec15ee773a -> 9a1daee93d0a505568922467e5a5e2e0
  custom:SearchIndexIgnoredProperties: e643bd26f0fe6173181afceb89e7c659 -> 
  custom:AudioImporter_EditorPlatform: 2f0ff77a95e0ac474e3e8eeba4e2f7cb -> 
  custom:video-encoder-webm-vp8: eb34c28f22e8b96e1ab97ce403110664 -> 
  custom:audio-decoder-ogg-vorbis: bf7c407c2cedff20999df2af8eb42d56 -> 
  custom:scripting/monoscript/fileName/Item.cs: c2b7fc65fe255f985743270ca947d8ec -> edfd25bbe8f561e55c7415f9c3adacfe
  custom:audio-encoder-webm-vorbis: bf7c407c2cedff20999df2af8eb42d56 -> 
  custom:scripting/precompiled-assembly-types:Assembly-CSharp: 49e6c1e388f3b0c5149ffcf1dd74b342 -> 14f21d8c89919019ed129879e7927412
========================================================================
Received Prepare
Caller must complete domain reload
Begin MonoManager ReloadAssembly
- Loaded All Assemblies, in  0.548 seconds
Native extension for LinuxStandalone target not found
Native extension for WindowsStandalone target not found
Mono: successfully reloaded assembly
- Finished resetting the current domain, in  0.945 seconds
Domain Reload Profiling: 1493ms
	BeginReloadAssembly (184ms)
		ExecutionOrderSort (0ms)
		DisableScriptedObjects (9ms)
		BackupInstance (0ms)
		ReleaseScriptingObjects (0ms)
		CreateAndSetChildDomain (46ms)
	RebuildCommonClasses (64ms)
	RebuildNativeTypeToScriptingClass (13ms)
	initialDomainReloadingComplete (36ms)
	LoadAllAssembliesAndSetupDomain (250ms)
		LoadAssemblies (312ms)
		RebuildTransferFunctionScriptingTraits (0ms)
		AnalyzeDomain (26ms)
			TypeCache.Refresh (9ms)
				TypeCache.ScanAssembly (0ms)
			ScanForSourceGeneratedMonoScriptInfo (9ms)
			ResolveRequiredComponents (7ms)
	FinalizeReload (946ms)
		ReleaseScriptCaches (0ms)
		RebuildScriptCaches (0ms)
		SetupLoadedEditorAssemblies (530ms)
			LogAssemblyErrors (0ms)
			InitializePlatformSupportModulesInManaged (50ms)
			SetLoadedEditorAssemblies (6ms)
			RefreshPlugins (0ms)
			BeforeProcessingInitializeOnLoad (82ms)
			ProcessInitializeOnLoadAttributes (350ms)
			ProcessInitializeOnLoadMethodAttributes (34ms)
			AfterProcessingInitializeOnLoad (8ms)
			EditorAssembliesLoaded (0ms)
		ExecutionOrderSort2 (0ms)
		AwakeInstancesAfterBackupRestoration (5ms)
Refreshing native plugins compatible for Editor in 1.14 ms, found 0 plugins.
Preloading 0 native plugins for Editor in 0.00 ms.
Unloading 3253 Unused Serialized files (Serialized files now loaded: 0)
Unloading 14 unused Assets / (28.6 KB). Loaded Objects now: 3971.
Memory consumption went from 134.8 MB to 134.7 MB.
Total: 4.069825 ms (FindLiveObjects: 0.392077 ms CreateObjectMapping: 0.305982 ms MarkObjects: 3.319862 ms  DeleteObjects: 0.049514 ms)

Prepare: number of updated asset objects reloaded= 0
AssetImportParameters requested are different than current active one (requested -> active):
  custom:container-demuxer-ogg: 62fdf1f143b41e24485cea50d1cbac27 -> 
  custom:scripting/monoscript/fileName/HandScript.cs: ab82d9b432b4ff3c2be587dcfc2ef88f -> f6d2d9607a041472806e778f6397f6ff
  custom:scripting/monoscript/fileName/GunScript.cs: 6a8d5652f919b70c5522b0348dc3dc24 -> adaec7589872e88b61019be0f1bdc549
  custom:video-decoder-ogg-theora: a1e56fd34408186e4bbccfd4996cb3dc -> 
  custom:scripting/monoscript/fileName/BulletScript.cs: 13477a3b0c98cca55096ea1dcfe934dc -> d888d721bde78eacda1c314a50a2cf74
  custom:CustomObjectIndexerAttribute: 232f87dd983dbecb2a4e21e08eb2cef8 -> 
  custom:container-demuxer-webm: 4f35f7cbe854078d1ac9338744f61a02 -> 
  custom:scripting/monoscript/fileName/ClipScript.cs: d454b9a64ca33d8936f1fee1d0b94333 -> a47e0092d1d896ccc176e69669d3233d
  custom:container-muxer-webm: aa71ff27fc2769a1b78a27578f13a17b -> 
  custom:video-decoder-webm-vp8: 9c59270c3fd7afecdb556c50c9e8de78 -> 
  custom:scripting/monoscript/fileName/MovementScript.cs: 0602eb1700489a3ab9cb01ec15ee773a -> 9a1daee93d0a505568922467e5a5e2e0
  custom:SearchIndexIgnoredProperties: e643bd26f0fe6173181afceb89e7c659 -> 
  custom:AudioImporter_EditorPlatform: 2f0ff77a95e0ac474e3e8eeba4e2f7cb -> 
  custom:video-encoder-webm-vp8: eb34c28f22e8b96e1ab97ce403110664 -> 
  custom:audio-decoder-ogg-vorbis: bf7c407c2cedff20999df2af8eb42d56 -> 
  custom:scripting/monoscript/fileName/Item.cs: c2b7fc65fe255f985743270ca947d8ec -> edfd25bbe8f561e55c7415f9c3adacfe
  custom:audio-encoder-webm-vorbis: bf7c407c2cedff20999df2af8eb42d56 -> 
  custom:scripting/precompiled-assembly-types:Assembly-CSharp: 49e6c1e388f3b0c5149ffcf1dd74b342 -> 14f21d8c89919019ed129879e7927412
========================================================================
Received Import Request.
  Time since last request: 507.702841 seconds.
  path: Assets/Prefabs/Penetrator Clip.prefab
  artifactKey: Guid(f65e2478a3478cf6f89b6468f7b7bd7b) Importer(815301076,1909f56bfc062723c751e8b465ee728b)
Start importing Assets/Prefabs/Penetrator Clip.prefab using Guid(f65e2478a3478cf6f89b6468f7b7bd7b) Importer(815301076,1909f56bfc062723c751e8b465ee728b) [PhysX] Initialized MultithreadedTaskDispatcher with 8 workers.
[PhysX] Initialized MultithreadedTaskDispatcher with 8 workers.
 -> (artifact id: 'ce39f6935b5ff9002a47eb1b0367d0d0') in 0.109511 seconds
Number of updated asset objects reloaded before import = 0
Number of asset objects unloaded after import = 47
========================================================================
Received Import Request.
  Time since last request: 1.960486 seconds.
  path: Assets/Prefabs/Player.prefab
  artifactKey: Guid(2a371ae096cb61ff7a925eb9ddb1990a) Importer(815301076,1909f56bfc062723c751e8b465ee728b)
Start importing Assets/Prefabs/Player.prefab using Guid(2a371ae096cb61ff7a925eb9ddb1990a) Importer(815301076,1909f56bfc062723c751e8b465ee728b) [PhysX] Initialized MultithreadedTaskDispatcher with 8 workers.
 -> (artifact id: '09b7be5f86f4fca5890f245bb3dc6304') in 0.002607 seconds
Number of updated asset objects reloaded before import = 0
Number of asset objects unloaded after import = 17
========================================================================
Received Import Request.
  Time since last request: 41.922476 seconds.
  path: Assets/Models/FurniturePack/Low Poly Furniture/Tables
  artifactKey: Guid(6110930b73d88eb1f93047813ff36da7) Importer(815301076,1909f56bfc062723c751e8b465ee728b)
Start importing Assets/Models/FurniturePack/Low Poly Furniture/Tables using Guid(6110930b73d88eb1f93047813ff36da7) Importer(815301076,1909f56bfc062723c751e8b465ee728b) [PhysX] Initialized MultithreadedTaskDispatcher with 8 workers.
 -> (artifact id: '629f814910460f9fe5f7be64b1a29983') in 0.000594 seconds
Number of updated asset objects reloaded before import = 0
Number of asset objects unloaded after import = 0
========================================================================
Received Import Request.
  Time since last request: 0.030167 seconds.
  path: Assets/Models/FurniturePack/Low Poly Furniture/Tables/Desk.fbx
  artifactKey: Guid(e00bf920f54014d53989595e5fa077e2) Importer(815301076,1909f56bfc062723c751e8b465ee728b)
Start importing Assets/Models/FurniturePack/Low Poly Furniture/Tables/Desk.fbx using Guid(e00bf920f54014d53989595e5fa077e2) Importer(815301076,1909f56bfc062723c751e8b465ee728b) [PhysX] Initialized MultithreadedTaskDispatcher with 8 workers.
[PhysX] Initialized MultithreadedTaskDispatcher with 8 workers.
[PhysX] Initialized MultithreadedTaskDispatcher with 8 workers.
[PhysX] Initialized MultithreadedTaskDispatcher with 8 workers.
[PhysX] Initialized MultithreadedTaskDispatcher with 8 workers.
[PhysX] Initialized MultithreadedTaskDispatcher with 8 workers.
[PhysX] Initialized MultithreadedTaskDispatcher with 8 workers.
[PhysX] Initialized MultithreadedTaskDispatcher with 8 workers.
[PhysX] Initialized MultithreadedTaskDispatcher with 8 workers.
[PhysX] Initialized MultithreadedTaskDispatcher with 8 workers.
 -> (artifact id: 'b715185943eeea4eb359b7fbc2b3bcdb') in 0.080867 seconds
Number of updated asset objects reloaded before import = 0
Number of asset objects unloaded after import = 21
========================================================================
Received Import Request.
  Time since last request: 0.000029 seconds.
  path: Assets/Models/FurniturePack/Low Poly Furniture/Tables/Table B.fbx
  artifactKey: Guid(7454aeba4b432dfeb819a74549b5bcff) Importer(815301076,1909f56bfc062723c751e8b465ee728b)
Start importing Assets/Models/FurniturePack/Low Poly Furniture/Tables/Table B.fbx using Guid(7454aeba4b432dfeb819a74549b5bcff) Importer(815301076,1909f56bfc062723c751e8b465ee728b) [PhysX] Initialized MultithreadedTaskDispatcher with 8 workers.
[PhysX] Initialized MultithreadedTaskDispatcher with 8 workers.
[PhysX] Initialized MultithreadedTaskDispatcher with 8 workers.
[PhysX] Initialized MultithreadedTaskDispatcher with 8 workers.
 -> (artifact id: '4ab5fa137a863de8f87d347721104125') in 0.026403 seconds
Number of updated asset objects reloaded before import = 0
Number of asset objects unloaded after import = 8
========================================================================
Received Import Request.
  Time since last request: 0.000024 seconds.
  path: Assets/Models/FurniturePack/Low Poly Furniture/Tables/Table C.fbx
  artifactKey: Guid(759f2f609aa1bf874ba2d88fa89df3d5) Importer(815301076,1909f56bfc062723c751e8b465ee728b)
Start importing Assets/Models/FurniturePack/Low Poly Furniture/Tables/Table C.fbx using Guid(759f2f609aa1bf874ba2d88fa89df3d5) Importer(815301076,1909f56bfc062723c751e8b465ee728b) [PhysX] Initialized MultithreadedTaskDispatcher with 8 workers.
[PhysX] Initialized MultithreadedTaskDispatcher with 8 workers.
[PhysX] Initialized MultithreadedTaskDispatcher with 8 workers.
[PhysX] Initialized MultithreadedTaskDispatcher with 8 workers.
[PhysX] Initialized MultithreadedTaskDispatcher with 8 workers.
 -> (artifact id: '6a4312327a471a09bed0a5dbc1e809ad') in 0.038082 seconds
Number of updated asset objects reloaded before import = 0
Number of asset objects unloaded after import = 9
========================================================================
Received Import Request.
  Time since last request: 11.766229 seconds.
  path: Assets/Models/FurniturePack/Low Poly Furniture/Tables/Desk.fbx
  artifactKey: Guid(e00bf920f54014d53989595e5fa077e2) Importer(815301076,1909f56bfc062723c751e8b465ee728b)
Start importing Assets/Models/FurniturePack/Low Poly Furniture/Tables/Desk.fbx using Guid(e00bf920f54014d53989595e5fa077e2) Importer(815301076,1909f56bfc062723c751e8b465ee728b) [PhysX] Initialized MultithreadedTaskDispatcher with 8 workers.
[PhysX] Initialized MultithreadedTaskDispatcher with 8 workers.
[PhysX] Initialized MultithreadedTaskDispatcher with 8 workers.
[PhysX] Initialized MultithreadedTaskDispatcher with 8 workers.
[PhysX] Initialized MultithreadedTaskDispatcher with 8 workers.
[PhysX] Initialized MultithreadedTaskDispatcher with 8 workers.
[PhysX] Initialized MultithreadedTaskDispatcher with 8 workers.
[PhysX] Initialized MultithreadedTaskDispatcher with 8 workers.
[PhysX] Initialized MultithreadedTaskDispatcher with 8 workers.
[PhysX] Initialized MultithreadedTaskDispatcher with 8 workers.
 -> (artifact id: '3defca2fd610f8fa800f26bf0a3a45c5') in 0.045332 seconds
Number of updated asset objects reloaded before import = 0
Number of asset objects unloaded after import = 21
========================================================================
Received Import Request.
  Time since last request: 5.155803 seconds.
  path: Assets/Models/FurniturePack/Low Poly Furniture/Tables/Desk.fbx
  artifactKey: Guid(e00bf920f54014d53989595e5fa077e2) Importer(815301076,1909f56bfc062723c751e8b465ee728b)
Start importing Assets/Models/FurniturePack/Low Poly Furniture/Tables/Desk.fbx using Guid(e00bf920f54014d53989595e5fa077e2) Importer(815301076,1909f56bfc062723c751e8b465ee728b) [PhysX] Initialized MultithreadedTaskDispatcher with 8 workers.
[PhysX] Initialized MultithreadedTaskDispatcher with 8 workers.
[PhysX] Initialized MultithreadedTaskDispatcher with 8 workers.
[PhysX] Initialized MultithreadedTaskDispatcher with 8 workers.
[PhysX] Initialized MultithreadedTaskDispatcher with 8 workers.
[PhysX] Initialized MultithreadedTaskDispatcher with 8 workers.
[PhysX] Initialized MultithreadedTaskDispatcher with 8 workers.
[PhysX] Initialized MultithreadedTaskDispatcher with 8 workers.
[PhysX] Initialized MultithreadedTaskDispatcher with 8 workers.
[PhysX] Initialized MultithreadedTaskDispatcher with 8 workers.
 -> (artifact id: '43a5cfcbd67d7c7c5c9aad3cfc54cc2f') in 0.046782 seconds
Number of updated asset objects reloaded before import = 0
Number of asset objects unloaded after import = 21
========================================================================
Received Import Request.
  Time since last request: 143.460816 seconds.
  path: Assets/Models/FurniturePack/Low Poly Furniture/Bathroom/Bath.fbx
  artifactKey: Guid(c3ba8e94a5f59ac77908f1c62fa2f453) Importer(815301076,1909f56bfc062723c751e8b465ee728b)
Start importing Assets/Models/FurniturePack/Low Poly Furniture/Bathroom/Bath.fbx using Guid(c3ba8e94a5f59ac77908f1c62fa2f453) Importer(815301076,1909f56bfc062723c751e8b465ee728b) [PhysX] Initialized MultithreadedTaskDispatcher with 8 workers.
[PhysX] Initialized MultithreadedTaskDispatcher with 8 workers.
[PhysX] Initialized MultithreadedTaskDispatcher with 8 workers.
[PhysX] Initialized MultithreadedTaskDispatcher with 8 workers.
[PhysX] Initialized MultithreadedTaskDispatcher with 8 workers.
[PhysX] Initialized MultithreadedTaskDispatcher with 8 workers.
 -> (artifact id: '99dad8668e87c29d87d65d0515379050') in 0.056978 seconds
Number of updated asset objects reloaded before import = 0
Number of asset objects unloaded after import = 10
========================================================================
Received Import Request.
  Time since last request: 0.000030 seconds.
  path: Assets/Models/FurniturePack/Low Poly Furniture/Beds/Bed Single.fbx
  artifactKey: Guid(c4e1a9ccdd11c66f2b7ea53cb931a5d6) Importer(815301076,1909f56bfc062723c751e8b465ee728b)
Start importing Assets/Models/FurniturePack/Low Poly Furniture/Beds/Bed Single.fbx using Guid(c4e1a9ccdd11c66f2b7ea53cb931a5d6) Importer(815301076,1909f56bfc062723c751e8b465ee728b) [PhysX] Initialized MultithreadedTaskDispatcher with 8 workers.
[PhysX] Initialized MultithreadedTaskDispatcher with 8 workers.
[PhysX] Initialized MultithreadedTaskDispatcher with 8 workers.
[PhysX] Initialized MultithreadedTaskDispatcher with 8 workers.
[PhysX] Initialized MultithreadedTaskDispatcher with 8 workers.
[PhysX] Initialized MultithreadedTaskDispatcher with 8 workers.
 -> (artifact id: 'be3f52e1d70b76b7a075704fbcdbf1a8') in 0.034270 seconds
Number of updated asset objects reloaded before import = 0
Number of asset objects unloaded after import = 10
========================================================================
Received Import Request.
  Time since last request: 1.690948 seconds.
  path: Assets/Models/FurniturePack/Low Poly Furniture/Beds/Bunk Bed.fbx
  artifactKey: Guid(2080e21730d1a57eda31b23f850005e4) Importer(815301076,1909f56bfc062723c751e8b465ee728b)
Start importing Assets/Models/FurniturePack/Low Poly Furniture/Beds/Bunk Bed.fbx using Guid(2080e21730d1a57eda31b23f850005e4) Importer(815301076,1909f56bfc062723c751e8b465ee728b) [PhysX] Initialized MultithreadedTaskDispatcher with 8 workers.
[PhysX] Initialized MultithreadedTaskDispatcher with 8 workers.
[PhysX] Initialized MultithreadedTaskDispatcher with 8 workers.
[PhysX] Initialized MultithreadedTaskDispatcher with 8 workers.
[PhysX] Initialized MultithreadedTaskDispatcher with 8 workers.
[PhysX] Initialized MultithreadedTaskDispatcher with 8 workers.
 -> (artifact id: '1539de2cc2af281f87485731f1311965') in 0.037049 seconds
Number of updated asset objects reloaded before import = 0
Number of asset objects unloaded after import = 10
========================================================================
Received Import Request.
  Time since last request: 0.000027 seconds.
  path: Assets/Models/FurniturePack/Low Poly Furniture/Kitchen/Cupboard C.fbx
  artifactKey: Guid(4949ae8ac06a2cb86b389d3c914d5ac3) Importer(815301076,1909f56bfc062723c751e8b465ee728b)
Start importing Assets/Models/FurniturePack/Low Poly Furniture/Kitchen/Cupboard C.fbx using Guid(4949ae8ac06a2cb86b389d3c914d5ac3) Importer(815301076,1909f56bfc062723c751e8b465ee728b) [PhysX] Initialized MultithreadedTaskDispatcher with 8 workers.
[PhysX] Initialized MultithreadedTaskDispatcher with 8 workers.
[PhysX] Initialized MultithreadedTaskDispatcher with 8 workers.
[PhysX] Initialized MultithreadedTaskDispatcher with 8 workers.
[PhysX] Initialized MultithreadedTaskDispatcher with 8 workers.
[PhysX] Initialized MultithreadedTaskDispatcher with 8 workers.
[PhysX] Initialized MultithreadedTaskDispatcher with 8 workers.
[PhysX] Initialized MultithreadedTaskDispatcher with 8 workers.
[PhysX] Initialized MultithreadedTaskDispatcher with 8 workers.
[PhysX] Initialized MultithreadedTaskDispatcher with 8 workers.
 -> (artifact id: 'e723e2a8088fbb54e25646a4aa5ee5ba') in 0.052435 seconds
Number of updated asset objects reloaded before import = 0
Number of asset objects unloaded after import = 21
========================================================================
Received Import Request.
  Time since last request: 0.000031 seconds.
  path: Assets/Models/CityPack/KayKit_City_Builder_Bits_1.0_FREE/Assets/obj/car_hatchback.obj
  artifactKey: Guid(990b84a19d3eda77180df09854a72f8e) Importer(815301076,1909f56bfc062723c751e8b465ee728b)
Start importing Assets/Models/CityPack/KayKit_City_Builder_Bits_1.0_FREE/Assets/obj/car_hatchback.obj using Guid(990b84a19d3eda77180df09854a72f8e) Importer(815301076,1909f56bfc062723c751e8b465ee728b) [PhysX] Initialized MultithreadedTaskDispatcher with 8 workers.
[PhysX] Initialized MultithreadedTaskDispatcher with 8 workers.
[PhysX] Initialized MultithreadedTaskDispatcher with 8 workers.
[PhysX] Initialized MultithreadedTaskDispatcher with 8 workers.
[PhysX] Initialized MultithreadedTaskDispatcher with 8 workers.
 -> (artifact id: 'c3db56a57c998fb19b79126ea29c9910') in 0.029902 seconds
Number of updated asset objects reloaded before import = 0
Number of asset objects unloaded after import = 11
========================================================================
Received Import Request.
  Time since last request: 0.000030 seconds.
  path: Assets/Models/CityPack/KayKit_City_Builder_Bits_1.0_FREE/Assets/obj/car_hatchback_wheel_rear_right.obj
  artifactKey: Guid(ec57e4d43b5bdce568c880d95e085ad9) Importer(815301076,1909f56bfc062723c751e8b465ee728b)
Start importing Assets/Models/CityPack/KayKit_City_Builder_Bits_1.0_FREE/Assets/obj/car_hatchback_wheel_rear_right.obj using Guid(ec57e4d43b5bdce568c880d95e085ad9) Importer(815301076,1909f56bfc062723c751e8b465ee728b) [PhysX] Initialized MultithreadedTaskDispatcher with 8 workers.
[PhysX] Initialized MultithreadedTaskDispatcher with 8 workers.
[PhysX] Initialized MultithreadedTaskDispatcher with 8 workers.
[PhysX] Initialized MultithreadedTaskDispatcher with 8 workers.
[PhysX] Initialized MultithreadedTaskDispatcher with 8 workers.
 -> (artifact id: '45a30f11f6ec178d7d3049aeb4723476') in 0.030437 seconds
Number of updated asset objects reloaded before import = 0
Number of asset objects unloaded after import = 11
========================================================================
Received Import Request.
  Time since last request: 0.000085 seconds.
  path: Assets/Models/FurniturePack/Low Poly Furniture/Windows/Window B.fbx
  artifactKey: Guid(84459f11d5a14c337ac525d6201d6fd8) Importer(815301076,1909f56bfc062723c751e8b465ee728b)
Start importing Assets/Models/FurniturePack/Low Poly Furniture/Windows/Window B.fbx using Guid(84459f11d5a14c337ac525d6201d6fd8) Importer(815301076,1909f56bfc062723c751e8b465ee728b) [PhysX] Initialized MultithreadedTaskDispatcher with 8 workers.
[PhysX] Initialized MultithreadedTaskDispatcher with 8 workers.
[PhysX] Initialized MultithreadedTaskDispatcher with 8 workers.
[PhysX] Initialized MultithreadedTaskDispatcher with 8 workers.
[PhysX] Initialized MultithreadedTaskDispatcher with 8 workers.
 -> (artifact id: '93cbbcc87a0062c7e5fe4adf0913d246') in 0.027788 seconds
Number of updated asset objects reloaded before import = 0
Number of asset objects unloaded after import = 9
========================================================================
Received Import Request.
  Time since last request: 0.000021 seconds.
  path: Assets/Models/FurniturePack/Low Poly Furniture/Windows/Window A.fbx
  artifactKey: Guid(fd0bc10297b94c60a88dc083b4c96a4d) Importer(815301076,1909f56bfc062723c751e8b465ee728b)
Start importing Assets/Models/FurniturePack/Low Poly Furniture/Windows/Window A.fbx using Guid(fd0bc10297b94c60a88dc083b4c96a4d) Importer(815301076,1909f56bfc062723c751e8b465ee728b) [PhysX] Initialized MultithreadedTaskDispatcher with 8 workers.
[PhysX] Initialized MultithreadedTaskDispatcher with 8 workers.
[PhysX] Initialized MultithreadedTaskDispatcher with 8 workers.
[PhysX] Initialized MultithreadedTaskDispatcher with 8 workers.
[PhysX] Initialized MultithreadedTaskDispatcher with 8 workers.
 -> (artifact id: 'cdfc3065328d714e69b5f699fd7fcc65') in 0.022958 seconds
Number of updated asset objects reloaded before import = 0
Number of asset objects unloaded after import = 9
========================================================================
Received Import Request.
  Time since last request: 0.000032 seconds.
  path: Assets/Models/CityPack/KayKit_City_Builder_Bits_1.0_FREE/Assets/obj/car_hatchback_wheel_front_left.obj
  artifactKey: Guid(1c998aa9d40d2776c9984ff8d2f2147c) Importer(815301076,1909f56bfc062723c751e8b465ee728b)
Start importing Assets/Models/CityPack/KayKit_City_Builder_Bits_1.0_FREE/Assets/obj/car_hatchback_wheel_front_left.obj using Guid(1c998aa9d40d2776c9984ff8d2f2147c) Importer(815301076,1909f56bfc062723c751e8b465ee728b) [PhysX] Initialized MultithreadedTaskDispatcher with 8 workers.
[PhysX] Initialized MultithreadedTaskDispatcher with 8 workers.
[PhysX] Initialized MultithreadedTaskDispatcher with 8 workers.
[PhysX] Initialized MultithreadedTaskDispatcher with 8 workers.
[PhysX] Initialized MultithreadedTaskDispatcher with 8 workers.
 -> (artifact id: '5a7b623c073240a146fdf3092b63f851') in 0.026450 seconds
Number of updated asset objects reloaded before import = 0
Number of asset objects unloaded after import = 11
========================================================================
Received Import Request.
  Time since last request: 0.000021 seconds.
  path: Assets/Models/CityPack/KayKit_City_Builder_Bits_1.0_FREE/Assets/obj/car_police_wheel_front_left.obj
  artifactKey: Guid(c87f239f4c5e71581a9c8da3fc1d60f7) Importer(815301076,1909f56bfc062723c751e8b465ee728b)
Start importing Assets/Models/CityPack/KayKit_City_Builder_Bits_1.0_FREE/Assets/obj/car_police_wheel_front_left.obj using Guid(c87f239f4c5e71581a9c8da3fc1d60f7) Importer(815301076,1909f56bfc062723c751e8b465ee728b) [PhysX] Initialized MultithreadedTaskDispatcher with 8 workers.
[PhysX] Initialized MultithreadedTaskDispatcher with 8 workers.
[PhysX] Initialized MultithreadedTaskDispatcher with 8 workers.
[PhysX] Initialized MultithreadedTaskDispatcher with 8 workers.
[PhysX] Initialized MultithreadedTaskDispatcher with 8 workers.
 -> (artifact id: '1e62f191297371984344af6e6f6af6ed') in 0.022215 seconds
Number of updated asset objects reloaded before import = 0
Number of asset objects unloaded after import = 11
========================================================================
Received Import Request.
  Time since last request: 0.000124 seconds.
  path: Assets/Models/FurniturePack/Low Poly Furniture/Windows/Window C.fbx
  artifactKey: Guid(0ef8676518163754caebf3ab8e61a718) Importer(815301076,1909f56bfc062723c751e8b465ee728b)
Start importing Assets/Models/FurniturePack/Low Poly Furniture/Windows/Window C.fbx using Guid(0ef8676518163754caebf3ab8e61a718) Importer(815301076,1909f56bfc062723c751e8b465ee728b) [PhysX] Initialized MultithreadedTaskDispatcher with 8 workers.
[PhysX] Initialized MultithreadedTaskDispatcher with 8 workers.
[PhysX] Initialized MultithreadedTaskDispatcher with 8 workers.
[PhysX] Initialized MultithreadedTaskDispatcher with 8 workers.
[PhysX] Initialized MultithreadedTaskDispatcher with 8 workers.
 -> (artifact id: '42d9e7523e29d5bfea306150e14dbb1e') in 0.025630 seconds
Number of updated asset objects reloaded before import = 0
Number of asset objects unloaded after import = 9
========================================================================
Received Import Request.
  Time since last request: 19.346827 seconds.
  path: Assets/Models/FurniturePack/Low Poly Furniture/Lights/Lamp C.fbx
  artifactKey: Guid(10625e9ee3af6dcb9b6e6a56c92d5c5b) Importer(815301076,1909f56bfc062723c751e8b465ee728b)
Start importing Assets/Models/FurniturePack/Low Poly Furniture/Lights/Lamp C.fbx using Guid(10625e9ee3af6dcb9b6e6a56c92d5c5b) Importer(815301076,1909f56bfc062723c751e8b465ee728b) [PhysX] Initialized MultithreadedTaskDispatcher with 8 workers.
[PhysX] Initialized MultithreadedTaskDispatcher with 8 workers.
[PhysX] Initialized MultithreadedTaskDispatcher with 8 workers.
[PhysX] Initialized MultithreadedTaskDispatcher with 8 workers.
[PhysX] Initialized MultithreadedTaskDispatcher with 8 workers.
[PhysX] Initialized MultithreadedTaskDispatcher with 8 workers.
 -> (artifact id: 'd6d807eff5fdc77edddd2148f7cfaae9') in 0.043318 seconds
Number of updated asset objects reloaded before import = 0
Number of asset objects unloaded after import = 10
========================================================================
Received Import Request.
  Time since last request: 0.004510 seconds.
  path: Assets/Models/FurniturePack/Low Poly Furniture/Bathroom/Towel Holder.fbx
  artifactKey: Guid(ceffabe8e00f722d6a8dea72dca66173) Importer(815301076,1909f56bfc062723c751e8b465ee728b)
Start importing Assets/Models/FurniturePack/Low Poly Furniture/Bathroom/Towel Holder.fbx using Guid(ceffabe8e00f722d6a8dea72dca66173) Importer(815301076,1909f56bfc062723c751e8b465ee728b) [PhysX] Initialized MultithreadedTaskDispatcher with 8 workers.
[PhysX] Initialized MultithreadedTaskDispatcher with 8 workers.
[PhysX] Initialized MultithreadedTaskDispatcher with 8 workers.
[PhysX] Initialized MultithreadedTaskDispatcher with 8 workers.
[PhysX] Initialized MultithreadedTaskDispatcher with 8 workers.
 -> (artifact id: '0287b3af08b449f71e492664beaebba8') in 0.034927 seconds
Number of updated asset objects reloaded before import = 0
Number of asset objects unloaded after import = 9
========================================================================
Received Import Request.
  Time since last request: 0.039137 seconds.
  path: Assets/Models/FurniturePack/Low Poly Furniture/Sofas/Sofa D.fbx
  artifactKey: Guid(519fb9dc6c0dcfd478a2dca6d171872a) Importer(815301076,1909f56bfc062723c751e8b465ee728b)
Start importing Assets/Models/FurniturePack/Low Poly Furniture/Sofas/Sofa D.fbx using Guid(519fb9dc6c0dcfd478a2dca6d171872a) Importer(815301076,1909f56bfc062723c751e8b465ee728b) [PhysX] Initialized MultithreadedTaskDispatcher with 8 workers.
[PhysX] Initialized MultithreadedTaskDispatcher with 8 workers.
[PhysX] Initialized MultithreadedTaskDispatcher with 8 workers.
[PhysX] Initialized MultithreadedTaskDispatcher with 8 workers.
 -> (artifact id: '8cf3b47353cd53dd6c00a122145c5575') in 0.024524 seconds
Number of updated asset objects reloaded before import = 0
Number of asset objects unloaded after import = 8
========================================================================
Received Import Request.
  Time since last request: 0.248916 seconds.
  path: Assets/Models/FurniturePack/Low Poly Furniture/Kitchen/Oven.fbx
  artifactKey: Guid(18c7bf926e58a768d83d4b154ca56fee) Importer(815301076,1909f56bfc062723c751e8b465ee728b)
Start importing Assets/Models/FurniturePack/Low Poly Furniture/Kitchen/Oven.fbx using Guid(18c7bf926e58a768d83d4b154ca56fee) Importer(815301076,1909f56bfc062723c751e8b465ee728b) [PhysX] Initialized MultithreadedTaskDispatcher with 8 workers.
[PhysX] Initialized MultithreadedTaskDispatcher with 8 workers.
[PhysX] Initialized MultithreadedTaskDispatcher with 8 workers.
[PhysX] Initialized MultithreadedTaskDispatcher with 8 workers.
[PhysX] Initialized MultithreadedTaskDispatcher with 8 workers.
[PhysX] Initialized MultithreadedTaskDispatcher with 8 workers.
[PhysX] Initialized MultithreadedTaskDispatcher with 8 workers.
[PhysX] Initialized MultithreadedTaskDispatcher with 8 workers.
[PhysX] Initialized MultithreadedTaskDispatcher with 8 workers.
[PhysX] Initialized MultithreadedTaskDispatcher with 8 workers.
[PhysX] Initialized MultithreadedTaskDispatcher with 8 workers.
 -> (artifact id: 'a2f1af44e3d25133502096af9c52b28b') in 0.068096 seconds
Number of updated asset objects reloaded before import = 0
Number of asset objects unloaded after import = 19
========================================================================
Received Import Request.
  Time since last request: 0.021729 seconds.
  path: Assets/Models/FurniturePack/Low Poly Furniture/Bathroom/Toilet.fbx
  artifactKey: Guid(00760ad7aef8eb8a2ae598fb08e1c50f) Importer(815301076,1909f56bfc062723c751e8b465ee728b)
Start importing Assets/Models/FurniturePack/Low Poly Furniture/Bathroom/Toilet.fbx using Guid(00760ad7aef8eb8a2ae598fb08e1c50f) Importer(815301076,1909f56bfc062723c751e8b465ee728b) [PhysX] Initialized MultithreadedTaskDispatcher with 8 workers.
[PhysX] Initialized MultithreadedTaskDispatcher with 8 workers.
[PhysX] Initialized MultithreadedTaskDispatcher with 8 workers.
[PhysX] Initialized MultithreadedTaskDispatcher with 8 workers.
[PhysX] Initialized MultithreadedTaskDispatcher with 8 workers.
[PhysX] Initialized MultithreadedTaskDispatcher with 8 workers.
[PhysX] Initialized MultithreadedTaskDispatcher with 8 workers.
 -> (artifact id: '15dfa364ac4b4977e4a221020bdb1929') in 0.040488 seconds
Number of updated asset objects reloaded before import = 0
Number of asset objects unloaded after import = 11
========================================================================
Received Import Request.
  Time since last request: 0.276151 seconds.
  path: Assets/Models/FurniturePack/Low Poly Furniture/Bathroom/Shower.fbx
  artifactKey: Guid(c26d2f937cd079f0a9d2e1f917c9a43d) Importer(815301076,1909f56bfc062723c751e8b465ee728b)
Start importing Assets/Models/FurniturePack/Low Poly Furniture/Bathroom/Shower.fbx using Guid(c26d2f937cd079f0a9d2e1f917c9a43d) Importer(815301076,1909f56bfc062723c751e8b465ee728b) [PhysX] Initialized MultithreadedTaskDispatcher with 8 workers.
[PhysX] Initialized MultithreadedTaskDispatcher with 8 workers.
[PhysX] Initialized MultithreadedTaskDispatcher with 8 workers.
[PhysX] Initialized MultithreadedTaskDispatcher with 8 workers.
[PhysX] Initialized MultithreadedTaskDispatcher with 8 workers.
[PhysX] Initialized MultithreadedTaskDispatcher with 8 workers.
[PhysX] Initialized MultithreadedTaskDispatcher with 8 workers.
[PhysX] Initialized MultithreadedTaskDispatcher with 8 workers.
[PhysX] Initialized MultithreadedTaskDispatcher with 8 workers.
 -> (artifact id: '508b0cc09ab1df58b48d381533cf0462') in 0.065580 seconds
Number of updated asset objects reloaded before import = 0
Number of asset objects unloaded after import = 17
========================================================================
Received Import Request.
  Time since last request: 0.000031 seconds.
  path: Assets/Models/FurniturePack/Low Poly Furniture/Electronics/Laptop.fbx
  artifactKey: Guid(a12ac305c715f1d7f84a938cfd37bd2a) Importer(815301076,1909f56bfc062723c751e8b465ee728b)
Start importing Assets/Models/FurniturePack/Low Poly Furniture/Electronics/Laptop.fbx using Guid(a12ac305c715f1d7f84a938cfd37bd2a) Importer(815301076,1909f56bfc062723c751e8b465ee728b) [PhysX] Initialized MultithreadedTaskDispatcher with 8 workers.
[PhysX] Initialized MultithreadedTaskDispatcher with 8 workers.
[PhysX] Initialized MultithreadedTaskDispatcher with 8 workers.
[PhysX] Initialized MultithreadedTaskDispatcher with 8 workers.
[PhysX] Initialized MultithreadedTaskDispatcher with 8 workers.
[PhysX] Initialized MultithreadedTaskDispatcher with 8 workers.
 -> (artifact id: '6cae2c830c9e473f8bf5fe08411e0bae') in 0.034525 seconds
Number of updated asset objects reloaded before import = 0
Number of asset objects unloaded after import = 10
========================================================================
Received Import Request.
  Time since last request: 0.000025 seconds.
  path: Assets/Models/FurniturePack/Low Poly Furniture/Doors/Door C.fbx
  artifactKey: Guid(292e9f1b9e5a581f8b7be1499b3033b2) Importer(815301076,1909f56bfc062723c751e8b465ee728b)
Start importing Assets/Models/FurniturePack/Low Poly Furniture/Doors/Door C.fbx using Guid(292e9f1b9e5a581f8b7be1499b3033b2) Importer(815301076,1909f56bfc062723c751e8b465ee728b) [PhysX] Initialized MultithreadedTaskDispatcher with 8 workers.
[PhysX] Initialized MultithreadedTaskDispatcher with 8 workers.
[PhysX] Initialized MultithreadedTaskDispatcher with 8 workers.
[PhysX] Initialized MultithreadedTaskDispatcher with 8 workers.
[PhysX] Initialized MultithreadedTaskDispatcher with 8 workers.
[PhysX] Initialized MultithreadedTaskDispatcher with 8 workers.
[PhysX] Initialized MultithreadedTaskDispatcher with 8 workers.
[PhysX] Initialized MultithreadedTaskDispatcher with 8 workers.
[PhysX] Initialized MultithreadedTaskDispatcher with 8 workers.
 -> (artifact id: '51d1cae703279e1ca32f5d89b0d9069d') in 0.058205 seconds
Number of updated asset objects reloaded before import = 0
Number of asset objects unloaded after import = 17
========================================================================
Received Import Request.
  Time since last request: 0.240489 seconds.
  path: Assets/Models/FurniturePack/Low Poly Furniture/Electronics/TV A.fbx
  artifactKey: Guid(a63abb33a8addca67bc8d0d9d7ac8011) Importer(815301076,1909f56bfc062723c751e8b465ee728b)
Start importing Assets/Models/FurniturePack/Low Poly Furniture/Electronics/TV A.fbx using Guid(a63abb33a8addca67bc8d0d9d7ac8011) Importer(815301076,1909f56bfc062723c751e8b465ee728b) [PhysX] Initialized MultithreadedTaskDispatcher with 8 workers.
[PhysX] Initialized MultithreadedTaskDispatcher with 8 workers.
[PhysX] Initialized MultithreadedTaskDispatcher with 8 workers.
[PhysX] Initialized MultithreadedTaskDispatcher with 8 workers.
[PhysX] Initialized MultithreadedTaskDispatcher with 8 workers.
[PhysX] Initialized MultithreadedTaskDispatcher with 8 workers.
 -> (artifact id: 'c2b3ad95c39bf1f5e29d7ebb2a33a647') in 0.049700 seconds
Number of updated asset objects reloaded before import = 0
Number of asset objects unloaded after import = 10
========================================================================
Received Import Request.
  Time since last request: 0.000033 seconds.
  path: Assets/Models/FurniturePack/Low Poly Furniture/Doors/Door A.fbx
  artifactKey: Guid(b7e7654185abce5dc94e4784636799ef) Importer(815301076,1909f56bfc062723c751e8b465ee728b)
Start importing Assets/Models/FurniturePack/Low Poly Furniture/Doors/Door A.fbx using Guid(b7e7654185abce5dc94e4784636799ef) Importer(815301076,1909f56bfc062723c751e8b465ee728b) [PhysX] Initialized MultithreadedTaskDispatcher with 8 workers.
[PhysX] Initialized MultithreadedTaskDispatcher with 8 workers.
[PhysX] Initialized MultithreadedTaskDispatcher with 8 workers.
[PhysX] Initialized MultithreadedTaskDispatcher with 8 workers.
[PhysX] Initialized MultithreadedTaskDispatcher with 8 workers.
[PhysX] Initialized MultithreadedTaskDispatcher with 8 workers.
[PhysX] Initialized MultithreadedTaskDispatcher with 8 workers.
[PhysX] Initialized MultithreadedTaskDispatcher with 8 workers.
[PhysX] Initialized MultithreadedTaskDispatcher with 8 workers.
 -> (artifact id: '0be99476882de08d7e194560e46bf910') in 0.048910 seconds
Number of updated asset objects reloaded before import = 0
Number of asset objects unloaded after import = 17
========================================================================
Received Import Request.
  Time since last request: 0.000031 seconds.
  path: Assets/Models/FurniturePack/Low Poly Furniture/Sofas/Sofa B.fbx
  artifactKey: Guid(294d99e0898869c509f0badeea49d5b7) Importer(815301076,1909f56bfc062723c751e8b465ee728b)
Start importing Assets/Models/FurniturePack/Low Poly Furniture/Sofas/Sofa B.fbx using Guid(294d99e0898869c509f0badeea49d5b7) Importer(815301076,1909f56bfc062723c751e8b465ee728b) [PhysX] Initialized MultithreadedTaskDispatcher with 8 workers.
[PhysX] Initialized MultithreadedTaskDispatcher with 8 workers.
[PhysX] Initialized MultithreadedTaskDispatcher with 8 workers.
[PhysX] Initialized MultithreadedTaskDispatcher with 8 workers.
[PhysX] Initialized MultithreadedTaskDispatcher with 8 workers.
 -> (artifact id: '6947c85b233c2cbbdf84d60500a8b81a') in 0.022271 seconds
Number of updated asset objects reloaded before import = 0
Number of asset objects unloaded after import = 9
========================================================================
Received Import Request.
  Time since last request: 0.000186 seconds.
  path: Assets/Models/FurniturePack/Low Poly Furniture/Doors/Door B.fbx
  artifactKey: Guid(83a6b9959252519e39a6ca6067481b33) Importer(815301076,1909f56bfc062723c751e8b465ee728b)
Start importing Assets/Models/FurniturePack/Low Poly Furniture/Doors/Door B.fbx using Guid(83a6b9959252519e39a6ca6067481b33) Importer(815301076,1909f56bfc062723c751e8b465ee728b) [PhysX] Initialized MultithreadedTaskDispatcher with 8 workers.
[PhysX] Initialized MultithreadedTaskDispatcher with 8 workers.
[PhysX] Initialized MultithreadedTaskDispatcher with 8 workers.
[PhysX] Initialized MultithreadedTaskDispatcher with 8 workers.
[PhysX] Initialized MultithreadedTaskDispatcher with 8 workers.
[PhysX] Initialized MultithreadedTaskDispatcher with 8 workers.
[PhysX] Initialized MultithreadedTaskDispatcher with 8 workers.
[PhysX] Initialized MultithreadedTaskDispatcher with 8 workers.
 -> (artifact id: 'bf28cb27e6d5daeece6e2a6a20c4340e') in 0.042675 seconds
Number of updated asset objects reloaded before import = 0
Number of asset objects unloaded after import = 16
========================================================================
Received Import Request.
  Time since last request: 0.252247 seconds.
  path: Assets/Models/FurniturePack/Low Poly Furniture/Chairs/Chair D.fbx
  artifactKey: Guid(5ede3e51a88e3581f83e3061ba5fbf8c) Importer(815301076,1909f56bfc062723c751e8b465ee728b)
Start importing Assets/Models/FurniturePack/Low Poly Furniture/Chairs/Chair D.fbx using Guid(5ede3e51a88e3581f83e3061ba5fbf8c) Importer(815301076,1909f56bfc062723c751e8b465ee728b) [PhysX] Initialized MultithreadedTaskDispatcher with 8 workers.
[PhysX] Initialized MultithreadedTaskDispatcher with 8 workers.
[PhysX] Initialized MultithreadedTaskDispatcher with 8 workers.
[PhysX] Initialized MultithreadedTaskDispatcher with 8 workers.
 -> (artifact id: '7be9f463b5c45283ce15fcc79a22e1d6') in 0.029485 seconds
Number of updated asset objects reloaded before import = 0
Number of asset objects unloaded after import = 8
========================================================================
Received Import Request.
  Time since last request: 0.574523 seconds.
  path: Assets/Models/FurniturePack/Low Poly Furniture/Shelves/Wall Shelf A.fbx
  artifactKey: Guid(fcc537b2871467650b77e0ca9c6c963d) Importer(815301076,1909f56bfc062723c751e8b465ee728b)
Start importing Assets/Models/FurniturePack/Low Poly Furniture/Shelves/Wall Shelf A.fbx using Guid(fcc537b2871467650b77e0ca9c6c963d) Importer(815301076,1909f56bfc062723c751e8b465ee728b) [PhysX] Initialized MultithreadedTaskDispatcher with 8 workers.
[PhysX] Initialized MultithreadedTaskDispatcher with 8 workers.
[PhysX] Initialized MultithreadedTaskDispatcher with 8 workers.
[PhysX] Initialized MultithreadedTaskDispatcher with 8 workers.
 -> (artifact id: '4f5adb0dfe15de0dbbb57080ed5510d4') in 0.023318 seconds
Number of updated asset objects reloaded before import = 0
Number of asset objects unloaded after import = 8
========================================================================
Received Import Request.
  Time since last request: 0.338692 seconds.
  path: Assets/Models/FurniturePack/Low Poly Furniture/Shelves/Shelf B.fbx
  artifactKey: Guid(eb0b52c00a14f902397a0169ddae8c8f) Importer(815301076,1909f56bfc062723c751e8b465ee728b)
Start importing Assets/Models/FurniturePack/Low Poly Furniture/Shelves/Shelf B.fbx using Guid(eb0b52c00a14f902397a0169ddae8c8f) Importer(815301076,1909f56bfc062723c751e8b465ee728b) [PhysX] Initialized MultithreadedTaskDispatcher with 8 workers.
[PhysX] Initialized MultithreadedTaskDispatcher with 8 workers.
[PhysX] Initialized MultithreadedTaskDispatcher with 8 workers.
[PhysX] Initialized MultithreadedTaskDispatcher with 8 workers.
[PhysX] Initialized MultithreadedTaskDispatcher with 8 workers.
[PhysX] Initialized MultithreadedTaskDispatcher with 8 workers.
[PhysX] Initialized MultithreadedTaskDispatcher with 8 workers.
[PhysX] Initialized MultithreadedTaskDispatcher with 8 workers.
[PhysX] Initialized MultithreadedTaskDispatcher with 8 workers.
[PhysX] Initialized MultithreadedTaskDispatcher with 8 workers.
 -> (artifact id: '016bb59cbaa15b2d9735d3e851eb3a94') in 0.081378 seconds
Number of updated asset objects reloaded before import = 0
Number of asset objects unloaded after import = 21
========================================================================
Received Import Request.
  Time since last request: 0.039788 seconds.
  path: Assets/Models/FurniturePack/Low Poly Furniture/Chairs/Chair A.fbx
  artifactKey: Guid(6f6884ba64c65a1b89bb0432b13eb65b) Importer(815301076,1909f56bfc062723c751e8b465ee728b)
Start importing Assets/Models/FurniturePack/Low Poly Furniture/Chairs/Chair A.fbx using Guid(6f6884ba64c65a1b89bb0432b13eb65b) Importer(815301076,1909f56bfc062723c751e8b465ee728b) [PhysX] Initialized MultithreadedTaskDispatcher with 8 workers.
[PhysX] Initialized MultithreadedTaskDispatcher with 8 workers.
[PhysX] Initialized MultithreadedTaskDispatcher with 8 workers.
[PhysX] Initialized MultithreadedTaskDispatcher with 8 workers.
[PhysX] Initialized MultithreadedTaskDispatcher with 8 workers.
 -> (artifact id: '98a2e4c0edd465f488bfd2d40417f105') in 0.026811 seconds
Number of updated asset objects reloaded before import = 0
Number of asset objects unloaded after import = 9
========================================================================
Received Import Request.
  Time since last request: 0.285309 seconds.
  path: Assets/Models/FurniturePack/Low Poly Furniture/Drawers/Drawer B.fbx
  artifactKey: Guid(c930d9cdc2dcf1830b0cfff17c5ea76b) Importer(815301076,1909f56bfc062723c751e8b465ee728b)
Start importing Assets/Models/FurniturePack/Low Poly Furniture/Drawers/Drawer B.fbx using Guid(c930d9cdc2dcf1830b0cfff17c5ea76b) Importer(815301076,1909f56bfc062723c751e8b465ee728b) [PhysX] Initialized MultithreadedTaskDispatcher with 8 workers.
[PhysX] Initialized MultithreadedTaskDispatcher with 8 workers.
[PhysX] Initialized MultithreadedTaskDispatcher with 8 workers.
[PhysX] Initialized MultithreadedTaskDispatcher with 8 workers.
[PhysX] Initialized MultithreadedTaskDispatcher with 8 workers.
[PhysX] Initialized MultithreadedTaskDispatcher with 8 workers.
[PhysX] Initialized MultithreadedTaskDispatcher with 8 workers.
[PhysX] Initialized MultithreadedTaskDispatcher with 8 workers.
[PhysX] Initialized MultithreadedTaskDispatcher with 8 workers.
[PhysX] Initialized MultithreadedTaskDispatcher with 8 workers.
[PhysX] Initialized MultithreadedTaskDispatcher with 8 workers.
[PhysX] Initialized MultithreadedTaskDispatcher with 8 workers.
 -> (artifact id: 'faef5a9c7ec94d6788a25ddf18d0c846') in 0.099694 seconds
Number of updated asset objects reloaded before import = 0
Number of asset objects unloaded after import = 26
========================================================================
Received Import Request.
  Time since last request: 0.000027 seconds.
  path: Assets/Models/FurniturePack/Low Poly Furniture/Shelves/Shelf C.fbx
  artifactKey: Guid(a351949d2fdd1030ebaca3016645b1fa) Importer(815301076,1909f56bfc062723c751e8b465ee728b)
Start importing Assets/Models/FurniturePack/Low Poly Furniture/Shelves/Shelf C.fbx using Guid(a351949d2fdd1030ebaca3016645b1fa) Importer(815301076,1909f56bfc062723c751e8b465ee728b) [PhysX] Initialized MultithreadedTaskDispatcher with 8 workers.
[PhysX] Initialized MultithreadedTaskDispatcher with 8 workers.
[PhysX] Initialized MultithreadedTaskDispatcher with 8 workers.
[PhysX] Initialized MultithreadedTaskDispatcher with 8 workers.
 -> (artifact id: '66aeae7c00412a5a52d2fe1ca5886c2d') in 0.027503 seconds
Number of updated asset objects reloaded before import = 0
Number of asset objects unloaded after import = 8
========================================================================
Received Import Request.
  Time since last request: 0.345310 seconds.
  path: Assets/Models/FurniturePack/Low Poly Furniture/Kitchen/Knife Block.fbx
  artifactKey: Guid(d0ab71f7771f0a62cba41f23b2de5389) Importer(815301076,1909f56bfc062723c751e8b465ee728b)
Start importing Assets/Models/FurniturePack/Low Poly Furniture/Kitchen/Knife Block.fbx using Guid(d0ab71f7771f0a62cba41f23b2de5389) Importer(815301076,1909f56bfc062723c751e8b465ee728b) [PhysX] Initialized MultithreadedTaskDispatcher with 8 workers.
[PhysX] Initialized MultithreadedTaskDispatcher with 8 workers.
[PhysX] Initialized MultithreadedTaskDispatcher with 8 workers.
[PhysX] Initialized MultithreadedTaskDispatcher with 8 workers.
 -> (artifact id: '9b895fa92e7fd897480e37d0949e43c6') in 0.011551 seconds
Number of updated asset objects reloaded before import = 0
Number of asset objects unloaded after import = 8
========================================================================
Received Import Request.
  Time since last request: 0.298111 seconds.
  path: Assets/Models/FurniturePack/Low Poly Furniture/Lights/Wall Light.fbx
  artifactKey: Guid(b0f30d5758c3cde798a891c246ce3d7b) Importer(815301076,1909f56bfc062723c751e8b465ee728b)
Start importing Assets/Models/FurniturePack/Low Poly Furniture/Lights/Wall Light.fbx using Guid(b0f30d5758c3cde798a891c246ce3d7b) Importer(815301076,1909f56bfc062723c751e8b465ee728b) [PhysX] Initialized MultithreadedTaskDispatcher with 8 workers.
[PhysX] Initialized MultithreadedTaskDispatcher with 8 workers.
[PhysX] Initialized MultithreadedTaskDispatcher with 8 workers.
[PhysX] Initialized MultithreadedTaskDispatcher with 8 workers.
[PhysX] Initialized MultithreadedTaskDispatcher with 8 workers.
 -> (artifact id: 'd9fa8bb110098b4bc4b271f192b1750c') in 0.047419 seconds
Number of updated asset objects reloaded before import = 0
Number of asset objects unloaded after import = 9
========================================================================
Received Import Request.
  Time since last request: 2.010962 seconds.
  path: Assets/Models/FurniturePack/Low Poly Furniture/Carpets/Carpet C.fbx
  artifactKey: Guid(374ae92a5515187af943eaf4fc9fdbc6) Importer(815301076,1909f56bfc062723c751e8b465ee728b)
Start importing Assets/Models/FurniturePack/Low Poly Furniture/Carpets/Carpet C.fbx using Guid(374ae92a5515187af943eaf4fc9fdbc6) Importer(815301076,1909f56bfc062723c751e8b465ee728b) [PhysX] Initialized MultithreadedTaskDispatcher with 8 workers.
[PhysX] Initialized MultithreadedTaskDispatcher with 8 workers.
[PhysX] Initialized MultithreadedTaskDispatcher with 8 workers.
[PhysX] Initialized MultithreadedTaskDispatcher with 8 workers.
 -> (artifact id: '4de0b46aad2d614566f00902f99df8a2') in 0.026719 seconds
Number of updated asset objects reloaded before import = 0
Number of asset objects unloaded after import = 8
========================================================================
Received Prepare
Caller must complete domain reload
Begin MonoManager ReloadAssembly
- Loaded All Assemblies, in  0.489 seconds
Native extension for LinuxStandalone target not found
Native extension for WindowsStandalone target not found
Mono: successfully reloaded assembly
- Finished resetting the current domain, in  1.100 seconds
Domain Reload Profiling: 1588ms
	BeginReloadAssembly (159ms)
		ExecutionOrderSort (0ms)
		DisableScriptedObjects (6ms)
		BackupInstance (0ms)
		ReleaseScriptingObjects (0ms)
		CreateAndSetChildDomain (49ms)
	RebuildCommonClasses (43ms)
	RebuildNativeTypeToScriptingClass (13ms)
	initialDomainReloadingComplete (39ms)
	LoadAllAssembliesAndSetupDomain (233ms)
		LoadAssemblies (279ms)
		RebuildTransferFunctionScriptingTraits (0ms)
		AnalyzeDomain (25ms)
			TypeCache.Refresh (9ms)
				TypeCache.ScanAssembly (0ms)
			ScanForSourceGeneratedMonoScriptInfo (8ms)
			ResolveRequiredComponents (6ms)
	FinalizeReload (1101ms)
		ReleaseScriptCaches (0ms)
		RebuildScriptCaches (0ms)
		SetupLoadedEditorAssemblies (677ms)
			LogAssemblyErrors (0ms)
			InitializePlatformSupportModulesInManaged (50ms)
			SetLoadedEditorAssemblies (10ms)
			RefreshPlugins (0ms)
			BeforeProcessingInitializeOnLoad (94ms)
			ProcessInitializeOnLoadAttributes (468ms)
			ProcessInitializeOnLoadMethodAttributes (44ms)
			AfterProcessingInitializeOnLoad (11ms)
			EditorAssembliesLoaded (0ms)
		ExecutionOrderSort2 (0ms)
		AwakeInstancesAfterBackupRestoration (8ms)
Refreshing native plugins compatible for Editor in 1.91 ms, found 0 plugins.
Preloading 0 native plugins for Editor in 0.00 ms.
Unloading 3252 Unused Serialized files (Serialized files now loaded: 0)
Unloading 14 unused Assets / (28.6 KB). Loaded Objects now: 3975.
Memory consumption went from 134.5 MB to 134.5 MB.
Total: 6.781990 ms (FindLiveObjects: 0.508848 ms CreateObjectMapping: 0.525331 ms MarkObjects: 5.554107 ms  DeleteObjects: 0.190123 ms)

Prepare: number of updated asset objects reloaded= 0
AssetImportParameters requested are different than current active one (requested -> active):
  custom:container-demuxer-ogg: 62fdf1f143b41e24485cea50d1cbac27 -> 
  custom:scripting/monoscript/fileName/HandScript.cs: ab82d9b432b4ff3c2be587dcfc2ef88f -> f6d2d9607a041472806e778f6397f6ff
  custom:scripting/monoscript/fileName/GunScript.cs: 6a8d5652f919b70c5522b0348dc3dc24 -> adaec7589872e88b61019be0f1bdc549
  custom:video-decoder-ogg-theora: a1e56fd34408186e4bbccfd4996cb3dc -> 
  custom:scripting/monoscript/fileName/BulletScript.cs: 13477a3b0c98cca55096ea1dcfe934dc -> d888d721bde78eacda1c314a50a2cf74
  custom:CustomObjectIndexerAttribute: 232f87dd983dbecb2a4e21e08eb2cef8 -> 
  custom:container-demuxer-webm: 4f35f7cbe854078d1ac9338744f61a02 -> 
  custom:scripting/monoscript/fileName/ClipScript.cs: d454b9a64ca33d8936f1fee1d0b94333 -> a47e0092d1d896ccc176e69669d3233d
  custom:container-muxer-webm: aa71ff27fc2769a1b78a27578f13a17b -> 
  custom:video-decoder-webm-vp8: 9c59270c3fd7afecdb556c50c9e8de78 -> 
  custom:scripting/monoscript/fileName/MovementScript.cs: 0602eb1700489a3ab9cb01ec15ee773a -> 9a1daee93d0a505568922467e5a5e2e0
  custom:SearchIndexIgnoredProperties: e643bd26f0fe6173181afceb89e7c659 -> 
  custom:AudioImporter_EditorPlatform: 2f0ff77a95e0ac474e3e8eeba4e2f7cb -> 
  custom:video-encoder-webm-vp8: eb34c28f22e8b96e1ab97ce403110664 -> 
  custom:audio-decoder-ogg-vorbis: bf7c407c2cedff20999df2af8eb42d56 -> 
  custom:scripting/monoscript/fileName/Item.cs: c2b7fc65fe255f985743270ca947d8ec -> edfd25bbe8f561e55c7415f9c3adacfe
  custom:audio-encoder-webm-vorbis: bf7c407c2cedff20999df2af8eb42d56 -> 
  custom:scripting/precompiled-assembly-types:Assembly-CSharp: 49e6c1e388f3b0c5149ffcf1dd74b342 -> 14f21d8c89919019ed129879e7927412
========================================================================
Received Prepare
Caller must complete domain reload
Begin MonoManager ReloadAssembly
- Loaded All Assemblies, in  0.476 seconds
Native extension for LinuxStandalone target not found
Native extension for WindowsStandalone target not found
Mono: successfully reloaded assembly
- Finished resetting the current domain, in  1.105 seconds
Domain Reload Profiling: 1580ms
	BeginReloadAssembly (150ms)
		ExecutionOrderSort (0ms)
		DisableScriptedObjects (7ms)
		BackupInstance (0ms)
		ReleaseScriptingObjects (0ms)
		CreateAndSetChildDomain (45ms)
	RebuildCommonClasses (44ms)
	RebuildNativeTypeToScriptingClass (13ms)
	initialDomainReloadingComplete (38ms)
	LoadAllAssembliesAndSetupDomain (231ms)
		LoadAssemblies (271ms)
		RebuildTransferFunctionScriptingTraits (0ms)
		AnalyzeDomain (26ms)
			TypeCache.Refresh (9ms)
				TypeCache.ScanAssembly (0ms)
			ScanForSourceGeneratedMonoScriptInfo (8ms)
			ResolveRequiredComponents (7ms)
	FinalizeReload (1105ms)
		ReleaseScriptCaches (0ms)
		RebuildScriptCaches (0ms)
		SetupLoadedEditorAssemblies (677ms)
			LogAssemblyErrors (0ms)
			InitializePlatformSupportModulesInManaged (60ms)
			SetLoadedEditorAssemblies (10ms)
			RefreshPlugins (0ms)
			BeforeProcessingInitializeOnLoad (105ms)
			ProcessInitializeOnLoadAttributes (449ms)
			ProcessInitializeOnLoadMethodAttributes (41ms)
			AfterProcessingInitializeOnLoad (10ms)
			EditorAssembliesLoaded (0ms)
		ExecutionOrderSort2 (0ms)
		AwakeInstancesAfterBackupRestoration (9ms)
Refreshing native plugins compatible for Editor in 1.58 ms, found 0 plugins.
Preloading 0 native plugins for Editor in 0.00 ms.
Unloading 3253 Unused Serialized files (Serialized files now loaded: 0)
Unloading 14 unused Assets / (28.5 KB). Loaded Objects now: 3979.
Memory consumption went from 134.8 MB to 134.8 MB.
Total: 6.452790 ms (FindLiveObjects: 0.357126 ms CreateObjectMapping: 0.283169 ms MarkObjects: 5.739145 ms  DeleteObjects: 0.071503 ms)

Prepare: number of updated asset objects reloaded= 0
AssetImportParameters requested are different than current active one (requested -> active):
  custom:container-demuxer-ogg: 62fdf1f143b41e24485cea50d1cbac27 -> 
  custom:scripting/monoscript/fileName/HandScript.cs: ab82d9b432b4ff3c2be587dcfc2ef88f -> f6d2d9607a041472806e778f6397f6ff
  custom:scripting/monoscript/fileName/GunScript.cs: 6a8d5652f919b70c5522b0348dc3dc24 -> adaec7589872e88b61019be0f1bdc549
  custom:video-decoder-ogg-theora: a1e56fd34408186e4bbccfd4996cb3dc -> 
  custom:scripting/monoscript/fileName/BulletScript.cs: 13477a3b0c98cca55096ea1dcfe934dc -> d888d721bde78eacda1c314a50a2cf74
  custom:CustomObjectIndexerAttribute: 232f87dd983dbecb2a4e21e08eb2cef8 -> 
  custom:container-demuxer-webm: 4f35f7cbe854078d1ac9338744f61a02 -> 
  custom:scripting/monoscript/fileName/ClipScript.cs: d454b9a64ca33d8936f1fee1d0b94333 -> a47e0092d1d896ccc176e69669d3233d
  custom:container-muxer-webm: aa71ff27fc2769a1b78a27578f13a17b -> 
  custom:video-decoder-webm-vp8: 9c59270c3fd7afecdb556c50c9e8de78 -> 
  custom:scripting/monoscript/fileName/MovementScript.cs: 0602eb1700489a3ab9cb01ec15ee773a -> 9a1daee93d0a505568922467e5a5e2e0
  custom:SearchIndexIgnoredProperties: e643bd26f0fe6173181afceb89e7c659 -> 
  custom:AudioImporter_EditorPlatform: 2f0ff77a95e0ac474e3e8eeba4e2f7cb -> 
  custom:video-encoder-webm-vp8: eb34c28f22e8b96e1ab97ce403110664 -> 
  custom:audio-decoder-ogg-vorbis: bf7c407c2cedff20999df2af8eb42d56 -> 
  custom:scripting/monoscript/fileName/Item.cs: c2b7fc65fe255f985743270ca947d8ec -> edfd25bbe8f561e55c7415f9c3adacfe
  custom:audio-encoder-webm-vorbis: bf7c407c2cedff20999df2af8eb42d56 -> 
  custom:scripting/precompiled-assembly-types:Assembly-CSharp: 49e6c1e388f3b0c5149ffcf1dd74b342 -> 14f21d8c89919019ed129879e7927412
========================================================================
Received Prepare
Caller must complete domain reload
Begin MonoManager ReloadAssembly
- Loaded All Assemblies, in  0.503 seconds
Native extension for LinuxStandalone target not found
Native extension for WindowsStandalone target not found
Mono: successfully reloaded assembly
- Finished resetting the current domain, in  1.094 seconds
Domain Reload Profiling: 1597ms
	BeginReloadAssembly (148ms)
		ExecutionOrderSort (0ms)
		DisableScriptedObjects (6ms)
		BackupInstance (0ms)
		ReleaseScriptingObjects (0ms)
		CreateAndSetChildDomain (45ms)
	RebuildCommonClasses (46ms)
	RebuildNativeTypeToScriptingClass (13ms)
	initialDomainReloadingComplete (37ms)
	LoadAllAssembliesAndSetupDomain (258ms)
		LoadAssemblies (285ms)
		RebuildTransferFunctionScriptingTraits (0ms)
		AnalyzeDomain (37ms)
			TypeCache.Refresh (12ms)
				TypeCache.ScanAssembly (0ms)
			ScanForSourceGeneratedMonoScriptInfo (13ms)
			ResolveRequiredComponents (10ms)
	FinalizeReload (1095ms)
		ReleaseScriptCaches (0ms)
		RebuildScriptCaches (0ms)
		SetupLoadedEditorAssemblies (664ms)
			LogAssemblyErrors (0ms)
			InitializePlatformSupportModulesInManaged (56ms)
			SetLoadedEditorAssemblies (9ms)
			RefreshPlugins (0ms)
			BeforeProcessingInitializeOnLoad (110ms)
			ProcessInitializeOnLoadAttributes (439ms)
			ProcessInitializeOnLoadMethodAttributes (40ms)
			AfterProcessingInitializeOnLoad (9ms)
			EditorAssembliesLoaded (0ms)
		ExecutionOrderSort2 (0ms)
		AwakeInstancesAfterBackupRestoration (7ms)
Refreshing native plugins compatible for Editor in 1.43 ms, found 0 plugins.
Preloading 0 native plugins for Editor in 0.00 ms.
Unloading 3253 Unused Serialized files (Serialized files now loaded: 0)
Unloading 14 unused Assets / (28.6 KB). Loaded Objects now: 3983.
Memory consumption went from 134.8 MB to 134.8 MB.
Total: 6.119038 ms (FindLiveObjects: 0.351684 ms CreateObjectMapping: 0.400077 ms MarkObjects: 5.315310 ms  DeleteObjects: 0.050638 ms)

Prepare: number of updated asset objects reloaded= 0
AssetImportParameters requested are different than current active one (requested -> active):
  custom:container-demuxer-ogg: 62fdf1f143b41e24485cea50d1cbac27 -> 
  custom:scripting/monoscript/fileName/HandScript.cs: ab82d9b432b4ff3c2be587dcfc2ef88f -> f6d2d9607a041472806e778f6397f6ff
  custom:scripting/monoscript/fileName/GunScript.cs: 6a8d5652f919b70c5522b0348dc3dc24 -> adaec7589872e88b61019be0f1bdc549
  custom:video-decoder-ogg-theora: a1e56fd34408186e4bbccfd4996cb3dc -> 
  custom:scripting/monoscript/fileName/BulletScript.cs: 13477a3b0c98cca55096ea1dcfe934dc -> d888d721bde78eacda1c314a50a2cf74
  custom:CustomObjectIndexerAttribute: 232f87dd983dbecb2a4e21e08eb2cef8 -> 
  custom:container-demuxer-webm: 4f35f7cbe854078d1ac9338744f61a02 -> 
  custom:scripting/monoscript/fileName/ClipScript.cs: d454b9a64ca33d8936f1fee1d0b94333 -> a47e0092d1d896ccc176e69669d3233d
  custom:container-muxer-webm: aa71ff27fc2769a1b78a27578f13a17b -> 
  custom:video-decoder-webm-vp8: 9c59270c3fd7afecdb556c50c9e8de78 -> 
  custom:scripting/monoscript/fileName/MovementScript.cs: 0602eb1700489a3ab9cb01ec15ee773a -> 9a1daee93d0a505568922467e5a5e2e0
  custom:SearchIndexIgnoredProperties: e643bd26f0fe6173181afceb89e7c659 -> 
  custom:AudioImporter_EditorPlatform: 2f0ff77a95e0ac474e3e8eeba4e2f7cb -> 
  custom:video-encoder-webm-vp8: eb34c28f22e8b96e1ab97ce403110664 -> 
  custom:audio-decoder-ogg-vorbis: bf7c407c2cedff20999df2af8eb42d56 -> 
  custom:scripting/monoscript/fileName/Item.cs: c2b7fc65fe255f985743270ca947d8ec -> edfd25bbe8f561e55c7415f9c3adacfe
  custom:audio-encoder-webm-vorbis: bf7c407c2cedff20999df2af8eb42d56 -> 
  custom:scripting/precompiled-assembly-types:Assembly-CSharp: 49e6c1e388f3b0c5149ffcf1dd74b342 -> 14f21d8c89919019ed129879e7927412
========================================================================
Received Prepare
Caller must complete domain reload
Begin MonoManager ReloadAssembly
- Loaded All Assemblies, in  0.482 seconds
Native extension for LinuxStandalone target not found
Native extension for WindowsStandalone target not found
Mono: successfully reloaded assembly
- Finished resetting the current domain, in  1.134 seconds
Domain Reload Profiling: 1616ms
	BeginReloadAssembly (156ms)
		ExecutionOrderSort (0ms)
		DisableScriptedObjects (7ms)
		BackupInstance (0ms)
		ReleaseScriptingObjects (0ms)
		CreateAndSetChildDomain (48ms)
	RebuildCommonClasses (44ms)
	RebuildNativeTypeToScriptingClass (13ms)
	initialDomainReloadingComplete (37ms)
	LoadAllAssembliesAndSetupDomain (231ms)
		LoadAssemblies (270ms)
		RebuildTransferFunctionScriptingTraits (0ms)
		AnalyzeDomain (29ms)
			TypeCache.Refresh (11ms)
				TypeCache.ScanAssembly (0ms)
			ScanForSourceGeneratedMonoScriptInfo (10ms)
			ResolveRequiredComponents (7ms)
	FinalizeReload (1134ms)
		ReleaseScriptCaches (0ms)
		RebuildScriptCaches (0ms)
		SetupLoadedEditorAssemblies (707ms)
			LogAssemblyErrors (0ms)
			InitializePlatformSupportModulesInManaged (59ms)
			SetLoadedEditorAssemblies (9ms)
			RefreshPlugins (0ms)
			BeforeProcessingInitializeOnLoad (100ms)
			ProcessInitializeOnLoadAttributes (495ms)
			ProcessInitializeOnLoadMethodAttributes (36ms)
			AfterProcessingInitializeOnLoad (7ms)
			EditorAssembliesLoaded (0ms)
		ExecutionOrderSort2 (0ms)
		AwakeInstancesAfterBackupRestoration (6ms)
Refreshing native plugins compatible for Editor in 2.47 ms, found 0 plugins.
Preloading 0 native plugins for Editor in 0.00 ms.
Unloading 3253 Unused Serialized files (Serialized files now loaded: 0)
Unloading 14 unused Assets / (28.5 KB). Loaded Objects now: 3987.
Memory consumption went from 134.8 MB to 134.8 MB.
Total: 6.839041 ms (FindLiveObjects: 0.478920 ms CreateObjectMapping: 0.301662 ms MarkObjects: 5.948943 ms  DeleteObjects: 0.107027 ms)

Prepare: number of updated asset objects reloaded= 0
AssetImportParameters requested are different than current active one (requested -> active):
  custom:container-demuxer-ogg: 62fdf1f143b41e24485cea50d1cbac27 -> 
  custom:scripting/monoscript/fileName/HandScript.cs: ab82d9b432b4ff3c2be587dcfc2ef88f -> f6d2d9607a041472806e778f6397f6ff
  custom:scripting/monoscript/fileName/GunScript.cs: 6a8d5652f919b70c5522b0348dc3dc24 -> adaec7589872e88b61019be0f1bdc549
  custom:video-decoder-ogg-theora: a1e56fd34408186e4bbccfd4996cb3dc -> 
  custom:scripting/monoscript/fileName/BulletScript.cs: 13477a3b0c98cca55096ea1dcfe934dc -> d888d721bde78eacda1c314a50a2cf74
  custom:CustomObjectIndexerAttribute: 232f87dd983dbecb2a4e21e08eb2cef8 -> 
  custom:container-demuxer-webm: 4f35f7cbe854078d1ac9338744f61a02 -> 
  custom:scripting/monoscript/fileName/ClipScript.cs: d454b9a64ca33d8936f1fee1d0b94333 -> a47e0092d1d896ccc176e69669d3233d
  custom:container-muxer-webm: aa71ff27fc2769a1b78a27578f13a17b -> 
  custom:video-decoder-webm-vp8: 9c59270c3fd7afecdb556c50c9e8de78 -> 
  custom:scripting/monoscript/fileName/MovementScript.cs: 0602eb1700489a3ab9cb01ec15ee773a -> 9a1daee93d0a505568922467e5a5e2e0
  custom:SearchIndexIgnoredProperties: e643bd26f0fe6173181afceb89e7c659 -> 
  custom:AudioImporter_EditorPlatform: 2f0ff77a95e0ac474e3e8eeba4e2f7cb -> 
  custom:video-encoder-webm-vp8: eb34c28f22e8b96e1ab97ce403110664 -> 
  custom:audio-decoder-ogg-vorbis: bf7c407c2cedff20999df2af8eb42d56 -> 
  custom:scripting/monoscript/fileName/Item.cs: c2b7fc65fe255f985743270ca947d8ec -> edfd25bbe8f561e55c7415f9c3adacfe
  custom:audio-encoder-webm-vorbis: bf7c407c2cedff20999df2af8eb42d56 -> 
  custom:scripting/precompiled-assembly-types:Assembly-CSharp: 49e6c1e388f3b0c5149ffcf1dd74b342 -> 14f21d8c89919019ed129879e7927412
========================================================================
Received Prepare
Caller must complete domain reload
Begin MonoManager ReloadAssembly
- Loaded All Assemblies, in  0.503 seconds
Native extension for LinuxStandalone target not found
Native extension for WindowsStandalone target not found
Mono: successfully reloaded assembly
- Finished resetting the current domain, in  1.069 seconds
Domain Reload Profiling: 1572ms
	BeginReloadAssembly (179ms)
		ExecutionOrderSort (0ms)
		DisableScriptedObjects (6ms)
		BackupInstance (0ms)
		ReleaseScriptingObjects (0ms)
		CreateAndSetChildDomain (51ms)
	RebuildCommonClasses (47ms)
	RebuildNativeTypeToScriptingClass (13ms)
	initialDomainReloadingComplete (38ms)
	LoadAllAssembliesAndSetupDomain (225ms)
		LoadAssemblies (280ms)
		RebuildTransferFunctionScriptingTraits (0ms)
		AnalyzeDomain (26ms)
			TypeCache.Refresh (9ms)
				TypeCache.ScanAssembly (0ms)
			ScanForSourceGeneratedMonoScriptInfo (8ms)
			ResolveRequiredComponents (7ms)
	FinalizeReload (1070ms)
		ReleaseScriptCaches (0ms)
		RebuildScriptCaches (0ms)
		SetupLoadedEditorAssemblies (660ms)
			LogAssemblyErrors (0ms)
			InitializePlatformSupportModulesInManaged (63ms)
			SetLoadedEditorAssemblies (10ms)
			RefreshPlugins (0ms)
			BeforeProcessingInitializeOnLoad (101ms)
			ProcessInitializeOnLoadAttributes (448ms)
			ProcessInitializeOnLoadMethodAttributes (31ms)
			AfterProcessingInitializeOnLoad (7ms)
			EditorAssembliesLoaded (0ms)
		ExecutionOrderSort2 (0ms)
		AwakeInstancesAfterBackupRestoration (6ms)
Refreshing native plugins compatible for Editor in 1.54 ms, found 0 plugins.
Preloading 0 native plugins for Editor in 0.00 ms.
Unloading 3253 Unused Serialized files (Serialized files now loaded: 0)
Unloading 14 unused Assets / (28.6 KB). Loaded Objects now: 3991.
Memory consumption went from 134.8 MB to 134.8 MB.
Total: 5.733872 ms (FindLiveObjects: 0.367971 ms CreateObjectMapping: 0.539073 ms MarkObjects: 4.743326 ms  DeleteObjects: 0.081611 ms)

Prepare: number of updated asset objects reloaded= 0
AssetImportParameters requested are different than current active one (requested -> active):
  custom:container-demuxer-ogg: 62fdf1f143b41e24485cea50d1cbac27 -> 
  custom:scripting/monoscript/fileName/HandScript.cs: ab82d9b432b4ff3c2be587dcfc2ef88f -> f6d2d9607a041472806e778f6397f6ff
  custom:scripting/monoscript/fileName/GunScript.cs: 6a8d5652f919b70c5522b0348dc3dc24 -> adaec7589872e88b61019be0f1bdc549
  custom:video-decoder-ogg-theora: a1e56fd34408186e4bbccfd4996cb3dc -> 
  custom:scripting/monoscript/fileName/BulletScript.cs: 13477a3b0c98cca55096ea1dcfe934dc -> d888d721bde78eacda1c314a50a2cf74
  custom:CustomObjectIndexerAttribute: 232f87dd983dbecb2a4e21e08eb2cef8 -> 
  custom:container-demuxer-webm: 4f35f7cbe854078d1ac9338744f61a02 -> 
  custom:scripting/monoscript/fileName/ClipScript.cs: d454b9a64ca33d8936f1fee1d0b94333 -> a47e0092d1d896ccc176e69669d3233d
  custom:container-muxer-webm: aa71ff27fc2769a1b78a27578f13a17b -> 
  custom:video-decoder-webm-vp8: 9c59270c3fd7afecdb556c50c9e8de78 -> 
  custom:scripting/monoscript/fileName/MovementScript.cs: 0602eb1700489a3ab9cb01ec15ee773a -> 9a1daee93d0a505568922467e5a5e2e0
  custom:SearchIndexIgnoredProperties: e643bd26f0fe6173181afceb89e7c659 -> 
  custom:AudioImporter_EditorPlatform: 2f0ff77a95e0ac474e3e8eeba4e2f7cb -> 
  custom:video-encoder-webm-vp8: eb34c28f22e8b96e1ab97ce403110664 -> 
  custom:audio-decoder-ogg-vorbis: bf7c407c2cedff20999df2af8eb42d56 -> 
  custom:scripting/monoscript/fileName/Item.cs: c2b7fc65fe255f985743270ca947d8ec -> edfd25bbe8f561e55c7415f9c3adacfe
  custom:audio-encoder-webm-vorbis: bf7c407c2cedff20999df2af8eb42d56 -> 
  custom:scripting/precompiled-assembly-types:Assembly-CSharp: 49e6c1e388f3b0c5149ffcf1dd74b342 -> 14f21d8c89919019ed129879e7927412
========================================================================
Received Prepare
Caller must complete domain reload
Begin MonoManager ReloadAssembly
- Loaded All Assemblies, in  0.476 seconds
Native extension for LinuxStandalone target not found
Native extension for WindowsStandalone target not found
Mono: successfully reloaded assembly
- Finished resetting the current domain, in  1.142 seconds
Domain Reload Profiling: 1618ms
	BeginReloadAssembly (159ms)
		ExecutionOrderSort (0ms)
		DisableScriptedObjects (7ms)
		BackupInstance (0ms)
		ReleaseScriptingObjects (0ms)
		CreateAndSetChildDomain (52ms)
	RebuildCommonClasses (44ms)
	RebuildNativeTypeToScriptingClass (13ms)
	initialDomainReloadingComplete (38ms)
	LoadAllAssembliesAndSetupDomain (221ms)
		LoadAssemblies (258ms)
		RebuildTransferFunctionScriptingTraits (0ms)
		AnalyzeDomain (27ms)
			TypeCache.Refresh (9ms)
				TypeCache.ScanAssembly (0ms)
			ScanForSourceGeneratedMonoScriptInfo (9ms)
			ResolveRequiredComponents (7ms)
	FinalizeReload (1143ms)
		ReleaseScriptCaches (0ms)
		RebuildScriptCaches (0ms)
		SetupLoadedEditorAssemblies (729ms)
			LogAssemblyErrors (0ms)
			InitializePlatformSupportModulesInManaged (50ms)
			SetLoadedEditorAssemblies (7ms)
			RefreshPlugins (0ms)
			BeforeProcessingInitializeOnLoad (106ms)
			ProcessInitializeOnLoadAttributes (507ms)
			ProcessInitializeOnLoadMethodAttributes (48ms)
			AfterProcessingInitializeOnLoad (11ms)
			EditorAssembliesLoaded (0ms)
		ExecutionOrderSort2 (0ms)
		AwakeInstancesAfterBackupRestoration (9ms)
Refreshing native plugins compatible for Editor in 1.63 ms, found 0 plugins.
Preloading 0 native plugins for Editor in 0.00 ms.
Unloading 3253 Unused Serialized files (Serialized files now loaded: 0)
Unloading 14 unused Assets / (28.6 KB). Loaded Objects now: 3995.
Memory consumption went from 134.8 MB to 134.8 MB.
Total: 4.215825 ms (FindLiveObjects: 0.361426 ms CreateObjectMapping: 0.256131 ms MarkObjects: 3.543314 ms  DeleteObjects: 0.052693 ms)

Prepare: number of updated asset objects reloaded= 0
AssetImportParameters requested are different than current active one (requested -> active):
  custom:container-demuxer-ogg: 62fdf1f143b41e24485cea50d1cbac27 -> 
  custom:scripting/monoscript/fileName/HandScript.cs: ab82d9b432b4ff3c2be587dcfc2ef88f -> f6d2d9607a041472806e778f6397f6ff
  custom:scripting/monoscript/fileName/GunScript.cs: 6a8d5652f919b70c5522b0348dc3dc24 -> adaec7589872e88b61019be0f1bdc549
  custom:video-decoder-ogg-theora: a1e56fd34408186e4bbccfd4996cb3dc -> 
  custom:scripting/monoscript/fileName/BulletScript.cs: 13477a3b0c98cca55096ea1dcfe934dc -> d888d721bde78eacda1c314a50a2cf74
  custom:CustomObjectIndexerAttribute: 232f87dd983dbecb2a4e21e08eb2cef8 -> 
  custom:container-demuxer-webm: 4f35f7cbe854078d1ac9338744f61a02 -> 
  custom:scripting/monoscript/fileName/ClipScript.cs: d454b9a64ca33d8936f1fee1d0b94333 -> a47e0092d1d896ccc176e69669d3233d
  custom:container-muxer-webm: aa71ff27fc2769a1b78a27578f13a17b -> 
  custom:video-decoder-webm-vp8: 9c59270c3fd7afecdb556c50c9e8de78 -> 
  custom:scripting/monoscript/fileName/MovementScript.cs: 0602eb1700489a3ab9cb01ec15ee773a -> 9a1daee93d0a505568922467e5a5e2e0
  custom:SearchIndexIgnoredProperties: e643bd26f0fe6173181afceb89e7c659 -> 
  custom:AudioImporter_EditorPlatform: 2f0ff77a95e0ac474e3e8eeba4e2f7cb -> 
  custom:video-encoder-webm-vp8: eb34c28f22e8b96e1ab97ce403110664 -> 
  custom:audio-decoder-ogg-vorbis: bf7c407c2cedff20999df2af8eb42d56 -> 
  custom:scripting/monoscript/fileName/Item.cs: c2b7fc65fe255f985743270ca947d8ec -> edfd25bbe8f561e55c7415f9c3adacfe
  custom:audio-encoder-webm-vorbis: bf7c407c2cedff20999df2af8eb42d56 -> 
  custom:scripting/precompiled-assembly-types:Assembly-CSharp: 49e6c1e388f3b0c5149ffcf1dd74b342 -> 14f21d8c89919019ed129879e7927412
========================================================================
Received Prepare
Caller must complete domain reload
Begin MonoManager ReloadAssembly
- Loaded All Assemblies, in  0.479 seconds
Native extension for LinuxStandalone target not found
Native extension for WindowsStandalone target not found
Mono: successfully reloaded assembly
- Finished resetting the current domain, in  1.196 seconds
Domain Reload Profiling: 1677ms
	BeginReloadAssembly (154ms)
		ExecutionOrderSort (0ms)
		DisableScriptedObjects (6ms)
		BackupInstance (0ms)
		ReleaseScriptingObjects (0ms)
		CreateAndSetChildDomain (48ms)
	RebuildCommonClasses (44ms)
	RebuildNativeTypeToScriptingClass (13ms)
	initialDomainReloadingComplete (37ms)
	LoadAllAssembliesAndSetupDomain (232ms)
		LoadAssemblies (267ms)
		RebuildTransferFunctionScriptingTraits (0ms)
		AnalyzeDomain (30ms)
			TypeCache.Refresh (10ms)
				TypeCache.ScanAssembly (0ms)
			ScanForSourceGeneratedMonoScriptInfo (10ms)
			ResolveRequiredComponents (8ms)
	FinalizeReload (1198ms)
		ReleaseScriptCaches (0ms)
		RebuildScriptCaches (0ms)
		SetupLoadedEditorAssemblies (729ms)
			LogAssemblyErrors (0ms)
			InitializePlatformSupportModulesInManaged (64ms)
			SetLoadedEditorAssemblies (9ms)
			RefreshPlugins (0ms)
			BeforeProcessingInitializeOnLoad (124ms)
			ProcessInitializeOnLoadAttributes (482ms)
			ProcessInitializeOnLoadMethodAttributes (43ms)
			AfterProcessingInitializeOnLoad (7ms)
			EditorAssembliesLoaded (0ms)
		ExecutionOrderSort2 (0ms)
		AwakeInstancesAfterBackupRestoration (6ms)
Refreshing native plugins compatible for Editor in 2.14 ms, found 0 plugins.
Preloading 0 native plugins for Editor in 0.00 ms.
Unloading 3253 Unused Serialized files (Serialized files now loaded: 0)
Unloading 14 unused Assets / (28.6 KB). Loaded Objects now: 3999.
Memory consumption went from 134.8 MB to 134.8 MB.
Total: 6.030720 ms (FindLiveObjects: 0.597419 ms CreateObjectMapping: 0.625649 ms MarkObjects: 4.747997 ms  DeleteObjects: 0.057567 ms)

Prepare: number of updated asset objects reloaded= 0
AssetImportParameters requested are different than current active one (requested -> active):
  custom:container-demuxer-ogg: 62fdf1f143b41e24485cea50d1cbac27 -> 
  custom:scripting/monoscript/fileName/HandScript.cs: ab82d9b432b4ff3c2be587dcfc2ef88f -> f6d2d9607a041472806e778f6397f6ff
  custom:scripting/monoscript/fileName/GunScript.cs: 6a8d5652f919b70c5522b0348dc3dc24 -> adaec7589872e88b61019be0f1bdc549
  custom:video-decoder-ogg-theora: a1e56fd34408186e4bbccfd4996cb3dc -> 
  custom:scripting/monoscript/fileName/BulletScript.cs: 13477a3b0c98cca55096ea1dcfe934dc -> d888d721bde78eacda1c314a50a2cf74
  custom:CustomObjectIndexerAttribute: 232f87dd983dbecb2a4e21e08eb2cef8 -> 
  custom:container-demuxer-webm: 4f35f7cbe854078d1ac9338744f61a02 -> 
  custom:scripting/monoscript/fileName/ClipScript.cs: d454b9a64ca33d8936f1fee1d0b94333 -> a47e0092d1d896ccc176e69669d3233d
  custom:container-muxer-webm: aa71ff27fc2769a1b78a27578f13a17b -> 
  custom:video-decoder-webm-vp8: 9c59270c3fd7afecdb556c50c9e8de78 -> 
  custom:scripting/monoscript/fileName/MovementScript.cs: 0602eb1700489a3ab9cb01ec15ee773a -> 9a1daee93d0a505568922467e5a5e2e0
  custom:SearchIndexIgnoredProperties: e643bd26f0fe6173181afceb89e7c659 -> 
  custom:AudioImporter_EditorPlatform: 2f0ff77a95e0ac474e3e8eeba4e2f7cb -> 
  custom:video-encoder-webm-vp8: eb34c28f22e8b96e1ab97ce403110664 -> 
  custom:audio-decoder-ogg-vorbis: bf7c407c2cedff20999df2af8eb42d56 -> 
  custom:scripting/monoscript/fileName/Item.cs: c2b7fc65fe255f985743270ca947d8ec -> edfd25bbe8f561e55c7415f9c3adacfe
  custom:audio-encoder-webm-vorbis: bf7c407c2cedff20999df2af8eb42d56 -> 
  custom:scripting/precompiled-assembly-types:Assembly-CSharp: 49e6c1e388f3b0c5149ffcf1dd74b342 -> 14f21d8c89919019ed129879e7927412
========================================================================
Received Prepare
Caller must complete domain reload
Begin MonoManager ReloadAssembly
- Loaded All Assemblies, in  0.504 seconds
Native extension for LinuxStandalone target not found
Native extension for WindowsStandalone target not found
Mono: successfully reloaded assembly
- Finished resetting the current domain, in  1.185 seconds
Domain Reload Profiling: 1689ms
	BeginReloadAssembly (176ms)
		ExecutionOrderSort (0ms)
		DisableScriptedObjects (11ms)
		BackupInstance (0ms)
		ReleaseScriptingObjects (0ms)
		CreateAndSetChildDomain (56ms)
	RebuildCommonClasses (51ms)
	RebuildNativeTypeToScriptingClass (14ms)
	initialDomainReloadingComplete (41ms)
	LoadAllAssembliesAndSetupDomain (222ms)
		LoadAssemblies (267ms)
		RebuildTransferFunctionScriptingTraits (0ms)
		AnalyzeDomain (27ms)
			TypeCache.Refresh (10ms)
				TypeCache.ScanAssembly (0ms)
			ScanForSourceGeneratedMonoScriptInfo (9ms)
			ResolveRequiredComponents (6ms)
	FinalizeReload (1186ms)
		ReleaseScriptCaches (0ms)
		RebuildScriptCaches (0ms)
		SetupLoadedEditorAssemblies (703ms)
			LogAssemblyErrors (0ms)
			InitializePlatformSupportModulesInManaged (73ms)
			SetLoadedEditorAssemblies (10ms)
			RefreshPlugins (0ms)
			BeforeProcessingInitializeOnLoad (103ms)
			ProcessInitializeOnLoadAttributes (459ms)
			ProcessInitializeOnLoadMethodAttributes (45ms)
			AfterProcessingInitializeOnLoad (12ms)
			EditorAssembliesLoaded (0ms)
		ExecutionOrderSort2 (0ms)
		AwakeInstancesAfterBackupRestoration (9ms)
Refreshing native plugins compatible for Editor in 1.35 ms, found 0 plugins.
Preloading 0 native plugins for Editor in 0.00 ms.
Unloading 3253 Unused Serialized files (Serialized files now loaded: 0)
Unloading 14 unused Assets / (28.5 KB). Loaded Objects now: 4003.
Memory consumption went from 134.8 MB to 134.8 MB.
Total: 5.321195 ms (FindLiveObjects: 0.380434 ms CreateObjectMapping: 0.262692 ms MarkObjects: 4.601172 ms  DeleteObjects: 0.075586 ms)

Prepare: number of updated asset objects reloaded= 0
AssetImportParameters requested are different than current active one (requested -> active):
  custom:container-demuxer-ogg: 62fdf1f143b41e24485cea50d1cbac27 -> 
  custom:scripting/monoscript/fileName/HandScript.cs: ab82d9b432b4ff3c2be587dcfc2ef88f -> f6d2d9607a041472806e778f6397f6ff
  custom:scripting/monoscript/fileName/GunScript.cs: 6a8d5652f919b70c5522b0348dc3dc24 -> adaec7589872e88b61019be0f1bdc549
  custom:video-decoder-ogg-theora: a1e56fd34408186e4bbccfd4996cb3dc -> 
  custom:scripting/monoscript/fileName/BulletScript.cs: 13477a3b0c98cca55096ea1dcfe934dc -> d888d721bde78eacda1c314a50a2cf74
  custom:CustomObjectIndexerAttribute: 232f87dd983dbecb2a4e21e08eb2cef8 -> 
  custom:container-demuxer-webm: 4f35f7cbe854078d1ac9338744f61a02 -> 
  custom:scripting/monoscript/fileName/ClipScript.cs: d454b9a64ca33d8936f1fee1d0b94333 -> a47e0092d1d896ccc176e69669d3233d
  custom:container-muxer-webm: aa71ff27fc2769a1b78a27578f13a17b -> 
  custom:video-decoder-webm-vp8: 9c59270c3fd7afecdb556c50c9e8de78 -> 
  custom:scripting/monoscript/fileName/MovementScript.cs: 0602eb1700489a3ab9cb01ec15ee773a -> 9a1daee93d0a505568922467e5a5e2e0
  custom:SearchIndexIgnoredProperties: e643bd26f0fe6173181afceb89e7c659 -> 
  custom:AudioImporter_EditorPlatform: 2f0ff77a95e0ac474e3e8eeba4e2f7cb -> 
  custom:video-encoder-webm-vp8: eb34c28f22e8b96e1ab97ce403110664 -> 
  custom:audio-decoder-ogg-vorbis: bf7c407c2cedff20999df2af8eb42d56 -> 
  custom:scripting/monoscript/fileName/Item.cs: c2b7fc65fe255f985743270ca947d8ec -> edfd25bbe8f561e55c7415f9c3adacfe
  custom:audio-encoder-webm-vorbis: bf7c407c2cedff20999df2af8eb42d56 -> 
  custom:scripting/precompiled-assembly-types:Assembly-CSharp: 49e6c1e388f3b0c5149ffcf1dd74b342 -> 14f21d8c89919019ed129879e7927412
========================================================================
Received Prepare
Caller must complete domain reload
Begin MonoManager ReloadAssembly
- Loaded All Assemblies, in  0.490 seconds
Native extension for LinuxStandalone target not found
Native extension for WindowsStandalone target not found
Mono: successfully reloaded assembly
- Finished resetting the current domain, in  1.172 seconds
Domain Reload Profiling: 1662ms
	BeginReloadAssembly (165ms)
		ExecutionOrderSort (0ms)
		DisableScriptedObjects (7ms)
		BackupInstance (0ms)
		ReleaseScriptingObjects (0ms)
		CreateAndSetChildDomain (57ms)
	RebuildCommonClasses (48ms)
	RebuildNativeTypeToScriptingClass (14ms)
	initialDomainReloadingComplete (38ms)
	LoadAllAssembliesAndSetupDomain (226ms)
		LoadAssemblies (266ms)
		RebuildTransferFunctionScriptingTraits (0ms)
		AnalyzeDomain (26ms)
			TypeCache.Refresh (10ms)
				TypeCache.ScanAssembly (0ms)
			ScanForSourceGeneratedMonoScriptInfo (9ms)
			ResolveRequiredComponents (6ms)
	FinalizeReload (1173ms)
		ReleaseScriptCaches (0ms)
		RebuildScriptCaches (0ms)
		SetupLoadedEditorAssemblies (733ms)
			LogAssemblyErrors (0ms)
			InitializePlatformSupportModulesInManaged (69ms)
			SetLoadedEditorAssemblies (11ms)
			RefreshPlugins (0ms)
			BeforeProcessingInitializeOnLoad (101ms)
			ProcessInitializeOnLoadAttributes (497ms)
			ProcessInitializeOnLoadMethodAttributes (45ms)
			AfterProcessingInitializeOnLoad (11ms)
			EditorAssembliesLoaded (0ms)
		ExecutionOrderSort2 (0ms)
		AwakeInstancesAfterBackupRestoration (6ms)
Refreshing native plugins compatible for Editor in 1.78 ms, found 0 plugins.
Preloading 0 native plugins for Editor in 0.00 ms.
Unloading 3253 Unused Serialized files (Serialized files now loaded: 0)
Unloading 14 unused Assets / (28.6 KB). Loaded Objects now: 4007.
Memory consumption went from 134.8 MB to 134.8 MB.
Total: 5.032693 ms (FindLiveObjects: 0.329034 ms CreateObjectMapping: 0.259759 ms MarkObjects: 4.241476 ms  DeleteObjects: 0.199634 ms)

Prepare: number of updated asset objects reloaded= 0
AssetImportParameters requested are different than current active one (requested -> active):
  custom:container-demuxer-ogg: 62fdf1f143b41e24485cea50d1cbac27 -> 
  custom:scripting/monoscript/fileName/HandScript.cs: ab82d9b432b4ff3c2be587dcfc2ef88f -> f6d2d9607a041472806e778f6397f6ff
  custom:scripting/monoscript/fileName/GunScript.cs: 6a8d5652f919b70c5522b0348dc3dc24 -> adaec7589872e88b61019be0f1bdc549
  custom:video-decoder-ogg-theora: a1e56fd34408186e4bbccfd4996cb3dc -> 
  custom:scripting/monoscript/fileName/BulletScript.cs: 13477a3b0c98cca55096ea1dcfe934dc -> d888d721bde78eacda1c314a50a2cf74
  custom:CustomObjectIndexerAttribute: 232f87dd983dbecb2a4e21e08eb2cef8 -> 
  custom:container-demuxer-webm: 4f35f7cbe854078d1ac9338744f61a02 -> 
  custom:scripting/monoscript/fileName/ClipScript.cs: d454b9a64ca33d8936f1fee1d0b94333 -> a47e0092d1d896ccc176e69669d3233d
  custom:container-muxer-webm: aa71ff27fc2769a1b78a27578f13a17b -> 
  custom:video-decoder-webm-vp8: 9c59270c3fd7afecdb556c50c9e8de78 -> 
  custom:scripting/monoscript/fileName/MovementScript.cs: 0602eb1700489a3ab9cb01ec15ee773a -> 9a1daee93d0a505568922467e5a5e2e0
  custom:SearchIndexIgnoredProperties: e643bd26f0fe6173181afceb89e7c659 -> 
  custom:AudioImporter_EditorPlatform: 2f0ff77a95e0ac474e3e8eeba4e2f7cb -> 
  custom:video-encoder-webm-vp8: eb34c28f22e8b96e1ab97ce403110664 -> 
  custom:audio-decoder-ogg-vorbis: bf7c407c2cedff20999df2af8eb42d56 -> 
  custom:scripting/monoscript/fileName/Item.cs: c2b7fc65fe255f985743270ca947d8ec -> edfd25bbe8f561e55c7415f9c3adacfe
  custom:audio-encoder-webm-vorbis: bf7c407c2cedff20999df2af8eb42d56 -> 
  custom:scripting/precompiled-assembly-types:Assembly-CSharp: 49e6c1e388f3b0c5149ffcf1dd74b342 -> 14f21d8c89919019ed129879e7927412
========================================================================
Received Prepare
Caller must complete domain reload
Begin MonoManager ReloadAssembly
- Loaded All Assemblies, in  0.493 seconds
Native extension for LinuxStandalone target not found
Native extension for WindowsStandalone target not found
Mono: successfully reloaded assembly
- Finished resetting the current domain, in  1.175 seconds
Domain Reload Profiling: 1668ms
	BeginReloadAssembly (160ms)
		ExecutionOrderSort (0ms)
		DisableScriptedObjects (8ms)
		BackupInstance (0ms)
		ReleaseScriptingObjects (0ms)
		CreateAndSetChildDomain (50ms)
	RebuildCommonClasses (45ms)
	RebuildNativeTypeToScriptingClass (13ms)
	initialDomainReloadingComplete (38ms)
	LoadAllAssembliesAndSetupDomain (235ms)
		LoadAssemblies (275ms)
		RebuildTransferFunctionScriptingTraits (0ms)
		AnalyzeDomain (28ms)
			TypeCache.Refresh (10ms)
				TypeCache.ScanAssembly (0ms)
			ScanForSourceGeneratedMonoScriptInfo (9ms)
			ResolveRequiredComponents (8ms)
	FinalizeReload (1176ms)
		ReleaseScriptCaches (0ms)
		RebuildScriptCaches (0ms)
		SetupLoadedEditorAssemblies (696ms)
			LogAssemblyErrors (0ms)
			InitializePlatformSupportModulesInManaged (54ms)
			SetLoadedEditorAssemblies (7ms)
			RefreshPlugins (0ms)
			BeforeProcessingInitializeOnLoad (102ms)
			ProcessInitializeOnLoadAttributes (482ms)
			ProcessInitializeOnLoadMethodAttributes (42ms)
			AfterProcessingInitializeOnLoad (9ms)
			EditorAssembliesLoaded (0ms)
		ExecutionOrderSort2 (0ms)
		AwakeInstancesAfterBackupRestoration (11ms)
Refreshing native plugins compatible for Editor in 2.83 ms, found 0 plugins.
Preloading 0 native plugins for Editor in 0.00 ms.
Unloading 3253 Unused Serialized files (Serialized files now loaded: 0)
Unloading 14 unused Assets / (28.6 KB). Loaded Objects now: 4011.
Memory consumption went from 134.8 MB to 134.8 MB.
Total: 5.260880 ms (FindLiveObjects: 0.427983 ms CreateObjectMapping: 0.324226 ms MarkObjects: 4.450466 ms  DeleteObjects: 0.056823 ms)

Prepare: number of updated asset objects reloaded= 0
AssetImportParameters requested are different than current active one (requested -> active):
  custom:container-demuxer-ogg: 62fdf1f143b41e24485cea50d1cbac27 -> 
  custom:scripting/monoscript/fileName/HandScript.cs: ab82d9b432b4ff3c2be587dcfc2ef88f -> f6d2d9607a041472806e778f6397f6ff
  custom:scripting/monoscript/fileName/GunScript.cs: 6a8d5652f919b70c5522b0348dc3dc24 -> adaec7589872e88b61019be0f1bdc549
  custom:video-decoder-ogg-theora: a1e56fd34408186e4bbccfd4996cb3dc -> 
  custom:scripting/monoscript/fileName/BulletScript.cs: 13477a3b0c98cca55096ea1dcfe934dc -> d888d721bde78eacda1c314a50a2cf74
  custom:CustomObjectIndexerAttribute: 232f87dd983dbecb2a4e21e08eb2cef8 -> 
  custom:container-demuxer-webm: 4f35f7cbe854078d1ac9338744f61a02 -> 
  custom:scripting/monoscript/fileName/ClipScript.cs: d454b9a64ca33d8936f1fee1d0b94333 -> a47e0092d1d896ccc176e69669d3233d
  custom:container-muxer-webm: aa71ff27fc2769a1b78a27578f13a17b -> 
  custom:video-decoder-webm-vp8: 9c59270c3fd7afecdb556c50c9e8de78 -> 
  custom:scripting/monoscript/fileName/MovementScript.cs: 0602eb1700489a3ab9cb01ec15ee773a -> 9a1daee93d0a505568922467e5a5e2e0
  custom:SearchIndexIgnoredProperties: e643bd26f0fe6173181afceb89e7c659 -> 
  custom:AudioImporter_EditorPlatform: 2f0ff77a95e0ac474e3e8eeba4e2f7cb -> 
  custom:video-encoder-webm-vp8: eb34c28f22e8b96e1ab97ce403110664 -> 
  custom:audio-decoder-ogg-vorbis: bf7c407c2cedff20999df2af8eb42d56 -> 
  custom:scripting/monoscript/fileName/Item.cs: c2b7fc65fe255f985743270ca947d8ec -> edfd25bbe8f561e55c7415f9c3adacfe
  custom:audio-encoder-webm-vorbis: bf7c407c2cedff20999df2af8eb42d56 -> 
  custom:scripting/precompiled-assembly-types:Assembly-CSharp: 49e6c1e388f3b0c5149ffcf1dd74b342 -> 14f21d8c89919019ed129879e7927412
========================================================================
Received Import Request.
  Time since last request: 1293.967464 seconds.
  path: Assets/Prefabs/Penetrator.prefab
  artifactKey: Guid(f9ea8778b63c653a8b2221995b3aaa5d) Importer(815301076,1909f56bfc062723c751e8b465ee728b)
Start importing Assets/Prefabs/Penetrator.prefab using Guid(f9ea8778b63c653a8b2221995b3aaa5d) Importer(815301076,1909f56bfc062723c751e8b465ee728b) [PhysX] Initialized MultithreadedTaskDispatcher with 8 workers.
[PhysX] Initialized MultithreadedTaskDispatcher with 8 workers.
 -> (artifact id: 'f92d0b4f4cb9349b7381ebc5f7ddd497') in 0.153231 seconds
Number of updated asset objects reloaded before import = 0
Number of asset objects unloaded after import = 46
========================================================================
Received Prepare
Caller must complete domain reload
Begin MonoManager ReloadAssembly
- Loaded All Assemblies, in  0.512 seconds
Native extension for LinuxStandalone target not found
Native extension for WindowsStandalone target not found
Mono: successfully reloaded assembly
- Finished resetting the current domain, in  0.929 seconds
Domain Reload Profiling: 1440ms
	BeginReloadAssembly (170ms)
		ExecutionOrderSort (0ms)
		DisableScriptedObjects (7ms)
		BackupInstance (0ms)
		ReleaseScriptingObjects (0ms)
		CreateAndSetChildDomain (54ms)
	RebuildCommonClasses (44ms)
	RebuildNativeTypeToScriptingClass (13ms)
	initialDomainReloadingComplete (37ms)
	LoadAllAssembliesAndSetupDomain (247ms)
		LoadAssemblies (298ms)
		RebuildTransferFunctionScriptingTraits (0ms)
		AnalyzeDomain (26ms)
			TypeCache.Refresh (9ms)
				TypeCache.ScanAssembly (0ms)
			ScanForSourceGeneratedMonoScriptInfo (9ms)
			ResolveRequiredComponents (7ms)
	FinalizeReload (929ms)
		ReleaseScriptCaches (0ms)
		RebuildScriptCaches (0ms)
		SetupLoadedEditorAssemblies (524ms)
			LogAssemblyErrors (0ms)
			InitializePlatformSupportModulesInManaged (52ms)
			SetLoadedEditorAssemblies (6ms)
			RefreshPlugins (0ms)
			BeforeProcessingInitializeOnLoad (81ms)
			ProcessInitializeOnLoadAttributes (345ms)
			ProcessInitializeOnLoadMethodAttributes (32ms)
			AfterProcessingInitializeOnLoad (7ms)
			EditorAssembliesLoaded (0ms)
		ExecutionOrderSort2 (0ms)
		AwakeInstancesAfterBackupRestoration (6ms)
Refreshing native plugins compatible for Editor in 1.07 ms, found 0 plugins.
Preloading 0 native plugins for Editor in 0.00 ms.
Unloading 3252 Unused Serialized files (Serialized files now loaded: 0)
Unloading 16 unused Assets / (29.7 KB). Loaded Objects now: 4015.
Memory consumption went from 134.6 MB to 134.6 MB.
Total: 5.143338 ms (FindLiveObjects: 0.425856 ms CreateObjectMapping: 0.348987 ms MarkObjects: 4.270570 ms  DeleteObjects: 0.096248 ms)

Prepare: number of updated asset objects reloaded= 0
AssetImportParameters requested are different than current active one (requested -> active):
  custom:container-demuxer-ogg: 62fdf1f143b41e24485cea50d1cbac27 -> 
  custom:scripting/monoscript/fileName/HandScript.cs: ab82d9b432b4ff3c2be587dcfc2ef88f -> f6d2d9607a041472806e778f6397f6ff
  custom:scripting/monoscript/fileName/GunScript.cs: 6a8d5652f919b70c5522b0348dc3dc24 -> adaec7589872e88b61019be0f1bdc549
  custom:video-decoder-ogg-theora: a1e56fd34408186e4bbccfd4996cb3dc -> 
  custom:scripting/monoscript/fileName/BulletScript.cs: 13477a3b0c98cca55096ea1dcfe934dc -> d888d721bde78eacda1c314a50a2cf74
  custom:CustomObjectIndexerAttribute: 232f87dd983dbecb2a4e21e08eb2cef8 -> 
  custom:container-demuxer-webm: 4f35f7cbe854078d1ac9338744f61a02 -> 
  custom:scripting/monoscript/fileName/ClipScript.cs: d454b9a64ca33d8936f1fee1d0b94333 -> a47e0092d1d896ccc176e69669d3233d
  custom:container-muxer-webm: aa71ff27fc2769a1b78a27578f13a17b -> 
  custom:video-decoder-webm-vp8: 9c59270c3fd7afecdb556c50c9e8de78 -> 
  custom:scripting/monoscript/fileName/MovementScript.cs: 0602eb1700489a3ab9cb01ec15ee773a -> 9a1daee93d0a505568922467e5a5e2e0
  custom:SearchIndexIgnoredProperties: e643bd26f0fe6173181afceb89e7c659 -> 
  custom:AudioImporter_EditorPlatform: 2f0ff77a95e0ac474e3e8eeba4e2f7cb -> 
  custom:video-encoder-webm-vp8: eb34c28f22e8b96e1ab97ce403110664 -> 
  custom:audio-decoder-ogg-vorbis: bf7c407c2cedff20999df2af8eb42d56 -> 
  custom:scripting/monoscript/fileName/Item.cs: c2b7fc65fe255f985743270ca947d8ec -> edfd25bbe8f561e55c7415f9c3adacfe
  custom:audio-encoder-webm-vorbis: bf7c407c2cedff20999df2af8eb42d56 -> 
  custom:scripting/precompiled-assembly-types:Assembly-CSharp: 9db95e5928842b4d1aaeb3edb2e398b8 -> 14f21d8c89919019ed129879e7927412
========================================================================
Received Import Request.
  Time since last request: 14.557241 seconds.
  path: Assets/Prefabs/Penetrator.prefab
  artifactKey: Guid(f9ea8778b63c653a8b2221995b3aaa5d) Importer(815301076,1909f56bfc062723c751e8b465ee728b)
Start importing Assets/Prefabs/Penetrator.prefab using Guid(f9ea8778b63c653a8b2221995b3aaa5d) Importer(815301076,1909f56bfc062723c751e8b465ee728b) [PhysX] Initialized MultithreadedTaskDispatcher with 8 workers.
[PhysX] Initialized MultithreadedTaskDispatcher with 8 workers.
 -> (artifact id: 'b1f9235c5c230015ada7a4407a475c71') in 0.114631 seconds
Number of updated asset objects reloaded before import = 0
Number of asset objects unloaded after import = 46
========================================================================
Received Prepare
Caller must complete domain reload
Begin MonoManager ReloadAssembly
- Loaded All Assemblies, in  0.498 seconds
Native extension for LinuxStandalone target not found
Native extension for WindowsStandalone target not found
Mono: successfully reloaded assembly
- Finished resetting the current domain, in  1.040 seconds
Domain Reload Profiling: 1539ms
	BeginReloadAssembly (157ms)
		ExecutionOrderSort (0ms)
		DisableScriptedObjects (7ms)
		BackupInstance (0ms)
		ReleaseScriptingObjects (0ms)
		CreateAndSetChildDomain (50ms)
	RebuildCommonClasses (45ms)
	RebuildNativeTypeToScriptingClass (15ms)
	initialDomainReloadingComplete (38ms)
	LoadAllAssembliesAndSetupDomain (244ms)
		LoadAssemblies (272ms)
		RebuildTransferFunctionScriptingTraits (0ms)
		AnalyzeDomain (37ms)
			TypeCache.Refresh (12ms)
				TypeCache.ScanAssembly (0ms)
			ScanForSourceGeneratedMonoScriptInfo (14ms)
			ResolveRequiredComponents (9ms)
	FinalizeReload (1041ms)
		ReleaseScriptCaches (0ms)
		RebuildScriptCaches (0ms)
		SetupLoadedEditorAssemblies (600ms)
			LogAssemblyErrors (0ms)
			InitializePlatformSupportModulesInManaged (66ms)
			SetLoadedEditorAssemblies (9ms)
			RefreshPlugins (0ms)
			BeforeProcessingInitializeOnLoad (108ms)
			ProcessInitializeOnLoadAttributes (365ms)
			ProcessInitializeOnLoadMethodAttributes (43ms)
			AfterProcessingInitializeOnLoad (9ms)
			EditorAssembliesLoaded (0ms)
		ExecutionOrderSort2 (0ms)
		AwakeInstancesAfterBackupRestoration (7ms)
Refreshing native plugins compatible for Editor in 1.18 ms, found 0 plugins.
Preloading 0 native plugins for Editor in 0.00 ms.
Unloading 3252 Unused Serialized files (Serialized files now loaded: 0)
Unloading 16 unused Assets / (29.7 KB). Loaded Objects now: 4019.
Memory consumption went from 134.6 MB to 134.6 MB.
Total: 6.845259 ms (FindLiveObjects: 0.391081 ms CreateObjectMapping: 0.393753 ms MarkObjects: 5.863498 ms  DeleteObjects: 0.194049 ms)

Prepare: number of updated asset objects reloaded= 0
AssetImportParameters requested are different than current active one (requested -> active):
  custom:container-demuxer-ogg: 62fdf1f143b41e24485cea50d1cbac27 -> 
  custom:scripting/monoscript/fileName/HandScript.cs: ab82d9b432b4ff3c2be587dcfc2ef88f -> f6d2d9607a041472806e778f6397f6ff
  custom:scripting/monoscript/fileName/GunScript.cs: 6a8d5652f919b70c5522b0348dc3dc24 -> adaec7589872e88b61019be0f1bdc549
  custom:video-decoder-ogg-theora: a1e56fd34408186e4bbccfd4996cb3dc -> 
  custom:scripting/monoscript/fileName/BulletScript.cs: 13477a3b0c98cca55096ea1dcfe934dc -> d888d721bde78eacda1c314a50a2cf74
  custom:CustomObjectIndexerAttribute: 232f87dd983dbecb2a4e21e08eb2cef8 -> 
  custom:container-demuxer-webm: 4f35f7cbe854078d1ac9338744f61a02 -> 
  custom:scripting/monoscript/fileName/ClipScript.cs: d454b9a64ca33d8936f1fee1d0b94333 -> a47e0092d1d896ccc176e69669d3233d
  custom:container-muxer-webm: aa71ff27fc2769a1b78a27578f13a17b -> 
  custom:video-decoder-webm-vp8: 9c59270c3fd7afecdb556c50c9e8de78 -> 
  custom:scripting/monoscript/fileName/MovementScript.cs: 0602eb1700489a3ab9cb01ec15ee773a -> 9a1daee93d0a505568922467e5a5e2e0
  custom:SearchIndexIgnoredProperties: e643bd26f0fe6173181afceb89e7c659 -> 
  custom:AudioImporter_EditorPlatform: 2f0ff77a95e0ac474e3e8eeba4e2f7cb -> 
  custom:video-encoder-webm-vp8: eb34c28f22e8b96e1ab97ce403110664 -> 
  custom:audio-decoder-ogg-vorbis: bf7c407c2cedff20999df2af8eb42d56 -> 
  custom:scripting/monoscript/fileName/Item.cs: c2b7fc65fe255f985743270ca947d8ec -> edfd25bbe8f561e55c7415f9c3adacfe
  custom:audio-encoder-webm-vorbis: bf7c407c2cedff20999df2af8eb42d56 -> 
  custom:scripting/precompiled-assembly-types:Assembly-CSharp: 9db95e5928842b4d1aaeb3edb2e398b8 -> 14f21d8c89919019ed129879e7927412
========================================================================
Received Import Request.
  Time since last request: 177.103718 seconds.
  path: Assets/Prefabs/Penetrator.prefab
  artifactKey: Guid(f9ea8778b63c653a8b2221995b3aaa5d) Importer(815301076,1909f56bfc062723c751e8b465ee728b)
Start importing Assets/Prefabs/Penetrator.prefab using Guid(f9ea8778b63c653a8b2221995b3aaa5d) Importer(815301076,1909f56bfc062723c751e8b465ee728b) [PhysX] Initialized MultithreadedTaskDispatcher with 8 workers.
[PhysX] Initialized MultithreadedTaskDispatcher with 8 workers.
 -> (artifact id: '44a7d238325c01d8597d5f329c491d1c') in 0.147255 seconds
Number of updated asset objects reloaded before import = 0
Number of asset objects unloaded after import = 46
========================================================================
Received Prepare
Caller must complete domain reload
Begin MonoManager ReloadAssembly
- Loaded All Assemblies, in  0.503 seconds
Native extension for LinuxStandalone target not found
Native extension for WindowsStandalone target not found
Mono: successfully reloaded assembly
- Finished resetting the current domain, in  1.010 seconds
Domain Reload Profiling: 1512ms
	BeginReloadAssembly (170ms)
		ExecutionOrderSort (0ms)
		DisableScriptedObjects (7ms)
		BackupInstance (0ms)
		ReleaseScriptingObjects (0ms)
		CreateAndSetChildDomain (58ms)
	RebuildCommonClasses (46ms)
	RebuildNativeTypeToScriptingClass (13ms)
	initialDomainReloadingComplete (38ms)
	LoadAllAssembliesAndSetupDomain (234ms)
		LoadAssemblies (275ms)
		RebuildTransferFunctionScriptingTraits (0ms)
		AnalyzeDomain (28ms)
			TypeCache.Refresh (10ms)
				TypeCache.ScanAssembly (0ms)
			ScanForSourceGeneratedMonoScriptInfo (11ms)
			ResolveRequiredComponents (6ms)
	FinalizeReload (1010ms)
		ReleaseScriptCaches (0ms)
		RebuildScriptCaches (0ms)
		SetupLoadedEditorAssemblies (589ms)
			LogAssemblyErrors (0ms)
			InitializePlatformSupportModulesInManaged (47ms)
			SetLoadedEditorAssemblies (6ms)
			RefreshPlugins (0ms)
			BeforeProcessingInitializeOnLoad (84ms)
			ProcessInitializeOnLoadAttributes (408ms)
			ProcessInitializeOnLoadMethodAttributes (34ms)
			AfterProcessingInitializeOnLoad (9ms)
			EditorAssembliesLoaded (0ms)
		ExecutionOrderSort2 (0ms)
		AwakeInstancesAfterBackupRestoration (7ms)
Refreshing native plugins compatible for Editor in 1.13 ms, found 0 plugins.
Preloading 0 native plugins for Editor in 0.00 ms.
Unloading 3252 Unused Serialized files (Serialized files now loaded: 0)
Unloading 16 unused Assets / (29.7 KB). Loaded Objects now: 4023.
Memory consumption went from 134.6 MB to 134.6 MB.
Total: 5.133128 ms (FindLiveObjects: 0.393357 ms CreateObjectMapping: 0.457020 ms MarkObjects: 4.151194 ms  DeleteObjects: 0.129179 ms)

Prepare: number of updated asset objects reloaded= 0
AssetImportParameters requested are different than current active one (requested -> active):
  custom:container-demuxer-ogg: 62fdf1f143b41e24485cea50d1cbac27 -> 
  custom:scripting/monoscript/fileName/HandScript.cs: ab82d9b432b4ff3c2be587dcfc2ef88f -> f6d2d9607a041472806e778f6397f6ff
  custom:scripting/monoscript/fileName/GunScript.cs: 6a8d5652f919b70c5522b0348dc3dc24 -> adaec7589872e88b61019be0f1bdc549
  custom:video-decoder-ogg-theora: a1e56fd34408186e4bbccfd4996cb3dc -> 
  custom:scripting/monoscript/fileName/BulletScript.cs: 13477a3b0c98cca55096ea1dcfe934dc -> d888d721bde78eacda1c314a50a2cf74
  custom:CustomObjectIndexerAttribute: 232f87dd983dbecb2a4e21e08eb2cef8 -> 
  custom:container-demuxer-webm: 4f35f7cbe854078d1ac9338744f61a02 -> 
  custom:scripting/monoscript/fileName/ClipScript.cs: d454b9a64ca33d8936f1fee1d0b94333 -> a47e0092d1d896ccc176e69669d3233d
  custom:container-muxer-webm: aa71ff27fc2769a1b78a27578f13a17b -> 
  custom:video-decoder-webm-vp8: 9c59270c3fd7afecdb556c50c9e8de78 -> 
  custom:scripting/monoscript/fileName/MovementScript.cs: 0602eb1700489a3ab9cb01ec15ee773a -> 9a1daee93d0a505568922467e5a5e2e0
  custom:SearchIndexIgnoredProperties: e643bd26f0fe6173181afceb89e7c659 -> 
  custom:AudioImporter_EditorPlatform: 2f0ff77a95e0ac474e3e8eeba4e2f7cb -> 
  custom:video-encoder-webm-vp8: eb34c28f22e8b96e1ab97ce403110664 -> 
  custom:audio-decoder-ogg-vorbis: bf7c407c2cedff20999df2af8eb42d56 -> 
  custom:scripting/monoscript/fileName/Item.cs: c2b7fc65fe255f985743270ca947d8ec -> edfd25bbe8f561e55c7415f9c3adacfe
  custom:audio-encoder-webm-vorbis: bf7c407c2cedff20999df2af8eb42d56 -> 
  custom:scripting/precompiled-assembly-types:Assembly-CSharp: 9db95e5928842b4d1aaeb3edb2e398b8 -> 14f21d8c89919019ed129879e7927412
========================================================================
Received Import Request.
  Time since last request: 78.275030 seconds.
  path: Assets/Prefabs/Penetrator.prefab
  artifactKey: Guid(f9ea8778b63c653a8b2221995b3aaa5d) Importer(815301076,1909f56bfc062723c751e8b465ee728b)
Start importing Assets/Prefabs/Penetrator.prefab using Guid(f9ea8778b63c653a8b2221995b3aaa5d) Importer(815301076,1909f56bfc062723c751e8b465ee728b) [PhysX] Initialized MultithreadedTaskDispatcher with 8 workers.
[PhysX] Initialized MultithreadedTaskDispatcher with 8 workers.
 -> (artifact id: '33ef0c3f7c7ae84e1da18f388a8510dd') in 0.134838 seconds
Number of updated asset objects reloaded before import = 0
Number of asset objects unloaded after import = 46
========================================================================
Received Prepare
Caller must complete domain reload
Begin MonoManager ReloadAssembly
- Loaded All Assemblies, in  0.505 seconds
Native extension for LinuxStandalone target not found
Native extension for WindowsStandalone target not found
Mono: successfully reloaded assembly
- Finished resetting the current domain, in  0.964 seconds
Domain Reload Profiling: 1469ms
	BeginReloadAssembly (160ms)
		ExecutionOrderSort (0ms)
		DisableScriptedObjects (6ms)
		BackupInstance (0ms)
		ReleaseScriptingObjects (0ms)
		CreateAndSetChildDomain (51ms)
	RebuildCommonClasses (44ms)
	RebuildNativeTypeToScriptingClass (15ms)
	initialDomainReloadingComplete (40ms)
	LoadAllAssembliesAndSetupDomain (246ms)
		LoadAssemblies (289ms)
		RebuildTransferFunctionScriptingTraits (0ms)
		AnalyzeDomain (26ms)
			TypeCache.Refresh (10ms)
				TypeCache.ScanAssembly (0ms)
			ScanForSourceGeneratedMonoScriptInfo (9ms)
			ResolveRequiredComponents (6ms)
	FinalizeReload (965ms)
		ReleaseScriptCaches (0ms)
		RebuildScriptCaches (0ms)
		SetupLoadedEditorAssemblies (557ms)
			LogAssemblyErrors (0ms)
			InitializePlatformSupportModulesInManaged (52ms)
			SetLoadedEditorAssemblies (6ms)
			RefreshPlugins (0ms)
			BeforeProcessingInitializeOnLoad (82ms)
			ProcessInitializeOnLoadAttributes (377ms)
			ProcessInitializeOnLoadMethodAttributes (32ms)
			AfterProcessingInitializeOnLoad (7ms)
			EditorAssembliesLoaded (0ms)
		ExecutionOrderSort2 (0ms)
		AwakeInstancesAfterBackupRestoration (7ms)
Refreshing native plugins compatible for Editor in 1.16 ms, found 0 plugins.
Preloading 0 native plugins for Editor in 0.00 ms.
Unloading 3252 Unused Serialized files (Serialized files now loaded: 0)
Unloading 16 unused Assets / (29.7 KB). Loaded Objects now: 4027.
Memory consumption went from 134.6 MB to 134.6 MB.
Total: 4.668933 ms (FindLiveObjects: 0.345569 ms CreateObjectMapping: 0.186193 ms MarkObjects: 4.038758 ms  DeleteObjects: 0.096777 ms)

Prepare: number of updated asset objects reloaded= 0
AssetImportParameters requested are different than current active one (requested -> active):
  custom:container-demuxer-ogg: 62fdf1f143b41e24485cea50d1cbac27 -> 
  custom:scripting/monoscript/fileName/HandScript.cs: ab82d9b432b4ff3c2be587dcfc2ef88f -> f6d2d9607a041472806e778f6397f6ff
  custom:scripting/monoscript/fileName/GunScript.cs: 6a8d5652f919b70c5522b0348dc3dc24 -> adaec7589872e88b61019be0f1bdc549
  custom:video-decoder-ogg-theora: a1e56fd34408186e4bbccfd4996cb3dc -> 
  custom:scripting/monoscript/fileName/BulletScript.cs: 13477a3b0c98cca55096ea1dcfe934dc -> d888d721bde78eacda1c314a50a2cf74
  custom:CustomObjectIndexerAttribute: 232f87dd983dbecb2a4e21e08eb2cef8 -> 
  custom:container-demuxer-webm: 4f35f7cbe854078d1ac9338744f61a02 -> 
  custom:scripting/monoscript/fileName/ClipScript.cs: d454b9a64ca33d8936f1fee1d0b94333 -> a47e0092d1d896ccc176e69669d3233d
  custom:container-muxer-webm: aa71ff27fc2769a1b78a27578f13a17b -> 
  custom:video-decoder-webm-vp8: 9c59270c3fd7afecdb556c50c9e8de78 -> 
  custom:scripting/monoscript/fileName/MovementScript.cs: 0602eb1700489a3ab9cb01ec15ee773a -> 9a1daee93d0a505568922467e5a5e2e0
  custom:SearchIndexIgnoredProperties: e643bd26f0fe6173181afceb89e7c659 -> 
  custom:AudioImporter_EditorPlatform: 2f0ff77a95e0ac474e3e8eeba4e2f7cb -> 
  custom:video-encoder-webm-vp8: eb34c28f22e8b96e1ab97ce403110664 -> 
  custom:audio-decoder-ogg-vorbis: bf7c407c2cedff20999df2af8eb42d56 -> 
  custom:scripting/monoscript/fileName/Item.cs: c2b7fc65fe255f985743270ca947d8ec -> edfd25bbe8f561e55c7415f9c3adacfe
  custom:audio-encoder-webm-vorbis: bf7c407c2cedff20999df2af8eb42d56 -> 
  custom:scripting/precompiled-assembly-types:Assembly-CSharp: 9db95e5928842b4d1aaeb3edb2e398b8 -> 14f21d8c89919019ed129879e7927412
========================================================================
Received Prepare
Caller must complete domain reload
Begin MonoManager ReloadAssembly
- Loaded All Assemblies, in  0.556 seconds
Native extension for LinuxStandalone target not found
Native extension for WindowsStandalone target not found
Mono: successfully reloaded assembly
- Finished resetting the current domain, in  1.161 seconds
Domain Reload Profiling: 1717ms
	BeginReloadAssembly (156ms)
		ExecutionOrderSort (0ms)
		DisableScriptedObjects (6ms)
		BackupInstance (0ms)
		ReleaseScriptingObjects (0ms)
		CreateAndSetChildDomain (49ms)
	RebuildCommonClasses (43ms)
	RebuildNativeTypeToScriptingClass (15ms)
	initialDomainReloadingComplete (38ms)
	LoadAllAssembliesAndSetupDomain (304ms)
		LoadAssemblies (332ms)
		RebuildTransferFunctionScriptingTraits (0ms)
		AnalyzeDomain (37ms)
			TypeCache.Refresh (12ms)
				TypeCache.ScanAssembly (0ms)
			ScanForSourceGeneratedMonoScriptInfo (14ms)
			ResolveRequiredComponents (11ms)
	FinalizeReload (1162ms)
		ReleaseScriptCaches (0ms)
		RebuildScriptCaches (0ms)
		SetupLoadedEditorAssemblies (688ms)
			LogAssemblyErrors (0ms)
			InitializePlatformSupportModulesInManaged (55ms)
			SetLoadedEditorAssemblies (8ms)
			RefreshPlugins (0ms)
			BeforeProcessingInitializeOnLoad (114ms)
			ProcessInitializeOnLoadAttributes (473ms)
			ProcessInitializeOnLoadMethodAttributes (32ms)
			AfterProcessingInitializeOnLoad (8ms)
			EditorAssembliesLoaded (0ms)
		ExecutionOrderSort2 (0ms)
		AwakeInstancesAfterBackupRestoration (5ms)
Refreshing native plugins compatible for Editor in 1.16 ms, found 0 plugins.
Preloading 0 native plugins for Editor in 0.00 ms.
Unloading 3253 Unused Serialized files (Serialized files now loaded: 0)
Unloading 14 unused Assets / (28.6 KB). Loaded Objects now: 4031.
Memory consumption went from 134.8 MB to 134.8 MB.
Total: 4.069930 ms (FindLiveObjects: 0.297915 ms CreateObjectMapping: 0.199579 ms MarkObjects: 3.522035 ms  DeleteObjects: 0.049023 ms)

Prepare: number of updated asset objects reloaded= 0
AssetImportParameters requested are different than current active one (requested -> active):
  custom:container-demuxer-ogg: 62fdf1f143b41e24485cea50d1cbac27 -> 
  custom:scripting/monoscript/fileName/HandScript.cs: ab82d9b432b4ff3c2be587dcfc2ef88f -> f6d2d9607a041472806e778f6397f6ff
  custom:scripting/monoscript/fileName/GunScript.cs: 6a8d5652f919b70c5522b0348dc3dc24 -> adaec7589872e88b61019be0f1bdc549
  custom:video-decoder-ogg-theora: a1e56fd34408186e4bbccfd4996cb3dc -> 
  custom:scripting/monoscript/fileName/BulletScript.cs: 13477a3b0c98cca55096ea1dcfe934dc -> d888d721bde78eacda1c314a50a2cf74
  custom:CustomObjectIndexerAttribute: 232f87dd983dbecb2a4e21e08eb2cef8 -> 
  custom:container-demuxer-webm: 4f35f7cbe854078d1ac9338744f61a02 -> 
  custom:scripting/monoscript/fileName/ClipScript.cs: d454b9a64ca33d8936f1fee1d0b94333 -> a47e0092d1d896ccc176e69669d3233d
  custom:container-muxer-webm: aa71ff27fc2769a1b78a27578f13a17b -> 
  custom:video-decoder-webm-vp8: 9c59270c3fd7afecdb556c50c9e8de78 -> 
  custom:scripting/monoscript/fileName/MovementScript.cs: 0602eb1700489a3ab9cb01ec15ee773a -> 9a1daee93d0a505568922467e5a5e2e0
  custom:SearchIndexIgnoredProperties: e643bd26f0fe6173181afceb89e7c659 -> 
  custom:AudioImporter_EditorPlatform: 2f0ff77a95e0ac474e3e8eeba4e2f7cb -> 
  custom:video-encoder-webm-vp8: eb34c28f22e8b96e1ab97ce403110664 -> 
  custom:audio-decoder-ogg-vorbis: bf7c407c2cedff20999df2af8eb42d56 -> 
  custom:scripting/monoscript/fileName/Item.cs: c2b7fc65fe255f985743270ca947d8ec -> edfd25bbe8f561e55c7415f9c3adacfe
  custom:audio-encoder-webm-vorbis: bf7c407c2cedff20999df2af8eb42d56 -> 
  custom:scripting/precompiled-assembly-types:Assembly-CSharp: 9db95e5928842b4d1aaeb3edb2e398b8 -> 14f21d8c89919019ed129879e7927412
========================================================================
Received Prepare
Caller must complete domain reload
Begin MonoManager ReloadAssembly
- Loaded All Assemblies, in  0.476 seconds
Native extension for LinuxStandalone target not found
Native extension for WindowsStandalone target not found
Mono: successfully reloaded assembly
- Finished resetting the current domain, in  1.186 seconds
Domain Reload Profiling: 1662ms
	BeginReloadAssembly (154ms)
		ExecutionOrderSort (0ms)
		DisableScriptedObjects (7ms)
		BackupInstance (0ms)
		ReleaseScriptingObjects (0ms)
		CreateAndSetChildDomain (48ms)
	RebuildCommonClasses (44ms)
	RebuildNativeTypeToScriptingClass (14ms)
	initialDomainReloadingComplete (39ms)
	LoadAllAssembliesAndSetupDomain (224ms)
		LoadAssemblies (264ms)
		RebuildTransferFunctionScriptingTraits (0ms)
		AnalyzeDomain (26ms)
			TypeCache.Refresh (9ms)
				TypeCache.ScanAssembly (0ms)
			ScanForSourceGeneratedMonoScriptInfo (10ms)
			ResolveRequiredComponents (6ms)
	FinalizeReload (1187ms)
		ReleaseScriptCaches (0ms)
		RebuildScriptCaches (0ms)
		SetupLoadedEditorAssemblies (762ms)
			LogAssemblyErrors (0ms)
			InitializePlatformSupportModulesInManaged (59ms)
			SetLoadedEditorAssemblies (7ms)
			RefreshPlugins (0ms)
			BeforeProcessingInitializeOnLoad (123ms)
			ProcessInitializeOnLoadAttributes (515ms)
			ProcessInitializeOnLoadMethodAttributes (47ms)
			AfterProcessingInitializeOnLoad (10ms)
			EditorAssembliesLoaded (0ms)
		ExecutionOrderSort2 (0ms)
		AwakeInstancesAfterBackupRestoration (8ms)
Refreshing native plugins compatible for Editor in 2.09 ms, found 0 plugins.
Preloading 0 native plugins for Editor in 0.00 ms.
Unloading 3253 Unused Serialized files (Serialized files now loaded: 0)
Unloading 14 unused Assets / (28.5 KB). Loaded Objects now: 4035.
Memory consumption went from 134.8 MB to 134.8 MB.
Total: 7.691812 ms (FindLiveObjects: 0.816253 ms CreateObjectMapping: 0.573692 ms MarkObjects: 6.231992 ms  DeleteObjects: 0.065838 ms)

Prepare: number of updated asset objects reloaded= 0
AssetImportParameters requested are different than current active one (requested -> active):
  custom:container-demuxer-ogg: 62fdf1f143b41e24485cea50d1cbac27 -> 
  custom:scripting/monoscript/fileName/HandScript.cs: ab82d9b432b4ff3c2be587dcfc2ef88f -> f6d2d9607a041472806e778f6397f6ff
  custom:scripting/monoscript/fileName/GunScript.cs: 6a8d5652f919b70c5522b0348dc3dc24 -> adaec7589872e88b61019be0f1bdc549
  custom:video-decoder-ogg-theora: a1e56fd34408186e4bbccfd4996cb3dc -> 
  custom:scripting/monoscript/fileName/BulletScript.cs: 13477a3b0c98cca55096ea1dcfe934dc -> d888d721bde78eacda1c314a50a2cf74
  custom:CustomObjectIndexerAttribute: 232f87dd983dbecb2a4e21e08eb2cef8 -> 
  custom:container-demuxer-webm: 4f35f7cbe854078d1ac9338744f61a02 -> 
  custom:scripting/monoscript/fileName/ClipScript.cs: d454b9a64ca33d8936f1fee1d0b94333 -> a47e0092d1d896ccc176e69669d3233d
  custom:container-muxer-webm: aa71ff27fc2769a1b78a27578f13a17b -> 
  custom:video-decoder-webm-vp8: 9c59270c3fd7afecdb556c50c9e8de78 -> 
  custom:scripting/monoscript/fileName/MovementScript.cs: 0602eb1700489a3ab9cb01ec15ee773a -> 9a1daee93d0a505568922467e5a5e2e0
  custom:SearchIndexIgnoredProperties: e643bd26f0fe6173181afceb89e7c659 -> 
  custom:AudioImporter_EditorPlatform: 2f0ff77a95e0ac474e3e8eeba4e2f7cb -> 
  custom:video-encoder-webm-vp8: eb34c28f22e8b96e1ab97ce403110664 -> 
  custom:audio-decoder-ogg-vorbis: bf7c407c2cedff20999df2af8eb42d56 -> 
  custom:scripting/monoscript/fileName/Item.cs: c2b7fc65fe255f985743270ca947d8ec -> edfd25bbe8f561e55c7415f9c3adacfe
  custom:audio-encoder-webm-vorbis: bf7c407c2cedff20999df2af8eb42d56 -> 
  custom:scripting/precompiled-assembly-types:Assembly-CSharp: 9db95e5928842b4d1aaeb3edb2e398b8 -> 14f21d8c89919019ed129879e7927412
========================================================================
Received Import Request.
  Time since last request: 1069.626093 seconds.
  path: Assets/Prefabs/Desk_001.controller
  artifactKey: Guid(f4b647d014943104f859d58620062a55) Importer(815301076,1909f56bfc062723c751e8b465ee728b)
Start importing Assets/Prefabs/Desk_001.controller using Guid(f4b647d014943104f859d58620062a55) Importer(815301076,1909f56bfc062723c751e8b465ee728b) [PhysX] Initialized MultithreadedTaskDispatcher with 8 workers.
 -> (artifact id: '3cd75e82ae16534fefbe2ac927d86646') in 0.027512 seconds
Number of updated asset objects reloaded before import = 0
Number of asset objects unloaded after import = 1
========================================================================
Received Import Request.
  Time since last request: 34.442321 seconds.
  path: Assets/Prefabs/DeskClose.anim
  artifactKey: Guid(f0b0abd861c256d35b363ecb0bca448c) Importer(815301076,1909f56bfc062723c751e8b465ee728b)
Start importing Assets/Prefabs/DeskClose.anim using Guid(f0b0abd861c256d35b363ecb0bca448c) Importer(815301076,1909f56bfc062723c751e8b465ee728b) [PhysX] Initialized MultithreadedTaskDispatcher with 8 workers.
 -> (artifact id: 'b7057dca4d9e42080766aa828a37838a') in 0.001212 seconds
Number of updated asset objects reloaded before import = 0
Number of asset objects unloaded after import = 1
========================================================================
Received Prepare
Caller must complete domain reload
Begin MonoManager ReloadAssembly
- Loaded All Assemblies, in  0.474 seconds
Native extension for LinuxStandalone target not found
Native extension for WindowsStandalone target not found
Mono: successfully reloaded assembly
- Finished resetting the current domain, in  0.861 seconds
Domain Reload Profiling: 1335ms
	BeginReloadAssembly (145ms)
		ExecutionOrderSort (0ms)
		DisableScriptedObjects (7ms)
		BackupInstance (0ms)
		ReleaseScriptingObjects (0ms)
		CreateAndSetChildDomain (46ms)
	RebuildCommonClasses (41ms)
	RebuildNativeTypeToScriptingClass (13ms)
	initialDomainReloadingComplete (37ms)
	LoadAllAssembliesAndSetupDomain (238ms)
		LoadAssemblies (273ms)
		RebuildTransferFunctionScriptingTraits (0ms)
		AnalyzeDomain (25ms)
			TypeCache.Refresh (9ms)
				TypeCache.ScanAssembly (0ms)
			ScanForSourceGeneratedMonoScriptInfo (8ms)
			ResolveRequiredComponents (6ms)
	FinalizeReload (862ms)
		ReleaseScriptCaches (0ms)
		RebuildScriptCaches (0ms)
		SetupLoadedEditorAssemblies (491ms)
			LogAssemblyErrors (0ms)
			InitializePlatformSupportModulesInManaged (45ms)
			SetLoadedEditorAssemblies (6ms)
			RefreshPlugins (0ms)
			BeforeProcessingInitializeOnLoad (78ms)
			ProcessInitializeOnLoadAttributes (326ms)
			ProcessInitializeOnLoadMethodAttributes (30ms)
			AfterProcessingInitializeOnLoad (7ms)
			EditorAssembliesLoaded (0ms)
		ExecutionOrderSort2 (0ms)
		AwakeInstancesAfterBackupRestoration (5ms)
Refreshing native plugins compatible for Editor in 1.09 ms, found 0 plugins.
Preloading 0 native plugins for Editor in 0.00 ms.
Unloading 3253 Unused Serialized files (Serialized files now loaded: 0)
Unloading 14 unused Assets / (28.6 KB). Loaded Objects now: 4040.
Memory consumption went from 134.6 MB to 134.6 MB.
Total: 6.051247 ms (FindLiveObjects: 0.309466 ms CreateObjectMapping: 0.245045 ms MarkObjects: 5.424396 ms  DeleteObjects: 0.070751 ms)

Prepare: number of updated asset objects reloaded= 0
AssetImportParameters requested are different than current active one (requested -> active):
  custom:container-demuxer-ogg: 62fdf1f143b41e24485cea50d1cbac27 -> 
  custom:scripting/monoscript/fileName/HandScript.cs: ab82d9b432b4ff3c2be587dcfc2ef88f -> f6d2d9607a041472806e778f6397f6ff
  custom:scripting/monoscript/fileName/GunScript.cs: 6a8d5652f919b70c5522b0348dc3dc24 -> adaec7589872e88b61019be0f1bdc549
  custom:video-decoder-ogg-theora: a1e56fd34408186e4bbccfd4996cb3dc -> 
  custom:scripting/monoscript/fileName/DoorScript.cs: 143c97188c85f752847111767840bcf1 -> 
  custom:scripting/monoscript/fileName/BulletScript.cs: 13477a3b0c98cca55096ea1dcfe934dc -> d888d721bde78eacda1c314a50a2cf74
  custom:CustomObjectIndexerAttribute: 232f87dd983dbecb2a4e21e08eb2cef8 -> 
  custom:container-demuxer-webm: 4f35f7cbe854078d1ac9338744f61a02 -> 
  custom:scripting/monoscript/fileName/ClipScript.cs: d454b9a64ca33d8936f1fee1d0b94333 -> a47e0092d1d896ccc176e69669d3233d
  custom:container-muxer-webm: aa71ff27fc2769a1b78a27578f13a17b -> 
  custom:video-decoder-webm-vp8: 9c59270c3fd7afecdb556c50c9e8de78 -> 
  custom:scripting/monoscript/fileName/MovementScript.cs: 0602eb1700489a3ab9cb01ec15ee773a -> 9a1daee93d0a505568922467e5a5e2e0
  custom:SearchIndexIgnoredProperties: e643bd26f0fe6173181afceb89e7c659 -> 
  custom:AudioImporter_EditorPlatform: 2f0ff77a95e0ac474e3e8eeba4e2f7cb -> 
  custom:video-encoder-webm-vp8: eb34c28f22e8b96e1ab97ce403110664 -> 
  custom:audio-decoder-ogg-vorbis: bf7c407c2cedff20999df2af8eb42d56 -> 
  custom:scripting/monoscript/fileName/Item.cs: c2b7fc65fe255f985743270ca947d8ec -> edfd25bbe8f561e55c7415f9c3adacfe
  custom:audio-encoder-webm-vorbis: bf7c407c2cedff20999df2af8eb42d56 -> 
  custom:scripting/precompiled-assembly-types:Assembly-CSharp: 538deb1fbc28ade34a57e21e88bc4968 -> 14f21d8c89919019ed129879e7927412
========================================================================
Received Prepare
Caller must complete domain reload
Begin MonoManager ReloadAssembly
- Loaded All Assemblies, in  0.473 seconds
Native extension for LinuxStandalone target not found
Native extension for WindowsStandalone target not found
Mono: successfully reloaded assembly
- Finished resetting the current domain, in  0.987 seconds
Domain Reload Profiling: 1460ms
	BeginReloadAssembly (156ms)
		ExecutionOrderSort (0ms)
		DisableScriptedObjects (6ms)
		BackupInstance (0ms)
		ReleaseScriptingObjects (0ms)
		CreateAndSetChildDomain (47ms)
	RebuildCommonClasses (41ms)
	RebuildNativeTypeToScriptingClass (14ms)
	initialDomainReloadingComplete (37ms)
	LoadAllAssembliesAndSetupDomain (223ms)
		LoadAssemblies (262ms)
		RebuildTransferFunctionScriptingTraits (0ms)
		AnalyzeDomain (25ms)
			TypeCache.Refresh (9ms)
				TypeCache.ScanAssembly (0ms)
			ScanForSourceGeneratedMonoScriptInfo (8ms)
			ResolveRequiredComponents (6ms)
	FinalizeReload (988ms)
		ReleaseScriptCaches (0ms)
		RebuildScriptCaches (0ms)
		SetupLoadedEditorAssemblies (584ms)
			LogAssemblyErrors (0ms)
			InitializePlatformSupportModulesInManaged (48ms)
			SetLoadedEditorAssemblies (6ms)
			RefreshPlugins (0ms)
			BeforeProcessingInitializeOnLoad (90ms)
			ProcessInitializeOnLoadAttributes (399ms)
			ProcessInitializeOnLoadMethodAttributes (34ms)
			AfterProcessingInitializeOnLoad (7ms)
			EditorAssembliesLoaded (0ms)
		ExecutionOrderSort2 (0ms)
		AwakeInstancesAfterBackupRestoration (6ms)
Refreshing native plugins compatible for Editor in 1.18 ms, found 0 plugins.
Preloading 0 native plugins for Editor in 0.00 ms.
Unloading 3254 Unused Serialized files (Serialized files now loaded: 0)
Unloading 14 unused Assets / (28.6 KB). Loaded Objects now: 4044.
Memory consumption went from 134.9 MB to 134.8 MB.
Total: 6.586314 ms (FindLiveObjects: 0.406836 ms CreateObjectMapping: 0.385119 ms MarkObjects: 5.718414 ms  DeleteObjects: 0.073790 ms)

Prepare: number of updated asset objects reloaded= 0
AssetImportParameters requested are different than current active one (requested -> active):
  custom:container-demuxer-ogg: 62fdf1f143b41e24485cea50d1cbac27 -> 
  custom:scripting/monoscript/fileName/HandScript.cs: ab82d9b432b4ff3c2be587dcfc2ef88f -> f6d2d9607a041472806e778f6397f6ff
  custom:scripting/monoscript/fileName/GunScript.cs: 6a8d5652f919b70c5522b0348dc3dc24 -> adaec7589872e88b61019be0f1bdc549
  custom:video-decoder-ogg-theora: a1e56fd34408186e4bbccfd4996cb3dc -> 
  custom:scripting/monoscript/fileName/DoorScript.cs: 143c97188c85f752847111767840bcf1 -> 
  custom:scripting/monoscript/fileName/BulletScript.cs: 13477a3b0c98cca55096ea1dcfe934dc -> d888d721bde78eacda1c314a50a2cf74
  custom:CustomObjectIndexerAttribute: 232f87dd983dbecb2a4e21e08eb2cef8 -> 
  custom:container-demuxer-webm: 4f35f7cbe854078d1ac9338744f61a02 -> 
  custom:scripting/monoscript/fileName/ClipScript.cs: d454b9a64ca33d8936f1fee1d0b94333 -> a47e0092d1d896ccc176e69669d3233d
  custom:container-muxer-webm: aa71ff27fc2769a1b78a27578f13a17b -> 
  custom:video-decoder-webm-vp8: 9c59270c3fd7afecdb556c50c9e8de78 -> 
  custom:scripting/monoscript/fileName/MovementScript.cs: 0602eb1700489a3ab9cb01ec15ee773a -> 9a1daee93d0a505568922467e5a5e2e0
  custom:SearchIndexIgnoredProperties: e643bd26f0fe6173181afceb89e7c659 -> 
  custom:AudioImporter_EditorPlatform: 2f0ff77a95e0ac474e3e8eeba4e2f7cb -> 
  custom:video-encoder-webm-vp8: eb34c28f22e8b96e1ab97ce403110664 -> 
  custom:audio-decoder-ogg-vorbis: bf7c407c2cedff20999df2af8eb42d56 -> 
  custom:scripting/monoscript/fileName/Item.cs: c2b7fc65fe255f985743270ca947d8ec -> edfd25bbe8f561e55c7415f9c3adacfe
  custom:audio-encoder-webm-vorbis: bf7c407c2cedff20999df2af8eb42d56 -> 
  custom:scripting/precompiled-assembly-types:Assembly-CSharp: 538deb1fbc28ade34a57e21e88bc4968 -> 14f21d8c89919019ed129879e7927412
========================================================================
Received Prepare
Caller must complete domain reload
Begin MonoManager ReloadAssembly
- Loaded All Assemblies, in  0.473 seconds
Native extension for LinuxStandalone target not found
Native extension for WindowsStandalone target not found
Mono: successfully reloaded assembly
- Finished resetting the current domain, in  0.931 seconds
Domain Reload Profiling: 1404ms
	BeginReloadAssembly (167ms)
		ExecutionOrderSort (0ms)
		DisableScriptedObjects (6ms)
		BackupInstance (0ms)
		ReleaseScriptingObjects (0ms)
		CreateAndSetChildDomain (56ms)
	RebuildCommonClasses (42ms)
	RebuildNativeTypeToScriptingClass (12ms)
	initialDomainReloadingComplete (36ms)
	LoadAllAssembliesAndSetupDomain (215ms)
		LoadAssemblies (261ms)
		RebuildTransferFunctionScriptingTraits (0ms)
		AnalyzeDomain (25ms)
			TypeCache.Refresh (9ms)
				TypeCache.ScanAssembly (0ms)
			ScanForSourceGeneratedMonoScriptInfo (8ms)
			ResolveRequiredComponents (6ms)
	FinalizeReload (932ms)
		ReleaseScriptCaches (0ms)
		RebuildScriptCaches (0ms)
		SetupLoadedEditorAssemblies (503ms)
			LogAssemblyErrors (0ms)
			InitializePlatformSupportModulesInManaged (51ms)
			SetLoadedEditorAssemblies (10ms)
			RefreshPlugins (0ms)
			BeforeProcessingInitializeOnLoad (89ms)
			ProcessInitializeOnLoadAttributes (317ms)
			ProcessInitializeOnLoadMethodAttributes (29ms)
			AfterProcessingInitializeOnLoad (7ms)
			EditorAssembliesLoaded (0ms)
		ExecutionOrderSort2 (0ms)
		AwakeInstancesAfterBackupRestoration (5ms)
Refreshing native plugins compatible for Editor in 1.12 ms, found 0 plugins.
Preloading 0 native plugins for Editor in 0.00 ms.
Unloading 3254 Unused Serialized files (Serialized files now loaded: 0)
Unloading 14 unused Assets / (28.5 KB). Loaded Objects now: 4048.
Memory consumption went from 134.9 MB to 134.8 MB.
Total: 3.873035 ms (FindLiveObjects: 0.300068 ms CreateObjectMapping: 0.253222 ms MarkObjects: 3.271461 ms  DeleteObjects: 0.046795 ms)

Prepare: number of updated asset objects reloaded= 0
AssetImportParameters requested are different than current active one (requested -> active):
  custom:container-demuxer-ogg: 62fdf1f143b41e24485cea50d1cbac27 -> 
  custom:scripting/monoscript/fileName/HandScript.cs: ab82d9b432b4ff3c2be587dcfc2ef88f -> f6d2d9607a041472806e778f6397f6ff
  custom:scripting/monoscript/fileName/GunScript.cs: 6a8d5652f919b70c5522b0348dc3dc24 -> adaec7589872e88b61019be0f1bdc549
  custom:video-decoder-ogg-theora: a1e56fd34408186e4bbccfd4996cb3dc -> 
  custom:scripting/monoscript/fileName/DoorScript.cs: 143c97188c85f752847111767840bcf1 -> 
  custom:scripting/monoscript/fileName/BulletScript.cs: 13477a3b0c98cca55096ea1dcfe934dc -> d888d721bde78eacda1c314a50a2cf74
  custom:CustomObjectIndexerAttribute: 232f87dd983dbecb2a4e21e08eb2cef8 -> 
  custom:container-demuxer-webm: 4f35f7cbe854078d1ac9338744f61a02 -> 
  custom:scripting/monoscript/fileName/ClipScript.cs: d454b9a64ca33d8936f1fee1d0b94333 -> a47e0092d1d896ccc176e69669d3233d
  custom:container-muxer-webm: aa71ff27fc2769a1b78a27578f13a17b -> 
  custom:video-decoder-webm-vp8: 9c59270c3fd7afecdb556c50c9e8de78 -> 
  custom:scripting/monoscript/fileName/MovementScript.cs: 0602eb1700489a3ab9cb01ec15ee773a -> 9a1daee93d0a505568922467e5a5e2e0
  custom:SearchIndexIgnoredProperties: e643bd26f0fe6173181afceb89e7c659 -> 
  custom:AudioImporter_EditorPlatform: 2f0ff77a95e0ac474e3e8eeba4e2f7cb -> 
  custom:video-encoder-webm-vp8: eb34c28f22e8b96e1ab97ce403110664 -> 
  custom:audio-decoder-ogg-vorbis: bf7c407c2cedff20999df2af8eb42d56 -> 
  custom:scripting/monoscript/fileName/Item.cs: c2b7fc65fe255f985743270ca947d8ec -> edfd25bbe8f561e55c7415f9c3adacfe
  custom:audio-encoder-webm-vorbis: bf7c407c2cedff20999df2af8eb42d56 -> 
  custom:scripting/precompiled-assembly-types:Assembly-CSharp: 538deb1fbc28ade34a57e21e88bc4968 -> 14f21d8c89919019ed129879e7927412
========================================================================
Received Prepare
Caller must complete domain reload
Begin MonoManager ReloadAssembly
- Loaded All Assemblies, in  0.459 seconds
Native extension for LinuxStandalone target not found
Native extension for WindowsStandalone target not found
Mono: successfully reloaded assembly
- Finished resetting the current domain, in  1.018 seconds
Domain Reload Profiling: 1477ms
	BeginReloadAssembly (151ms)
		ExecutionOrderSort (0ms)
		DisableScriptedObjects (6ms)
		BackupInstance (0ms)
		ReleaseScriptingObjects (0ms)
		CreateAndSetChildDomain (47ms)
	RebuildCommonClasses (41ms)
	RebuildNativeTypeToScriptingClass (12ms)
	initialDomainReloadingComplete (38ms)
	LoadAllAssembliesAndSetupDomain (216ms)
		LoadAssemblies (255ms)
		RebuildTransferFunctionScriptingTraits (0ms)
		AnalyzeDomain (25ms)
			TypeCache.Refresh (9ms)
				TypeCache.ScanAssembly (0ms)
			ScanForSourceGeneratedMonoScriptInfo (9ms)
			ResolveRequiredComponents (6ms)
	FinalizeReload (1019ms)
		ReleaseScriptCaches (0ms)
		RebuildScriptCaches (0ms)
		SetupLoadedEditorAssemblies (562ms)
			LogAssemblyErrors (0ms)
			InitializePlatformSupportModulesInManaged (46ms)
			SetLoadedEditorAssemblies (6ms)
			RefreshPlugins (0ms)
			BeforeProcessingInitializeOnLoad (98ms)
			ProcessInitializeOnLoadAttributes (375ms)
			ProcessInitializeOnLoadMethodAttributes (30ms)
			AfterProcessingInitializeOnLoad (7ms)
			EditorAssembliesLoaded (0ms)
		ExecutionOrderSort2 (0ms)
		AwakeInstancesAfterBackupRestoration (6ms)
Refreshing native plugins compatible for Editor in 1.18 ms, found 0 plugins.
Preloading 0 native plugins for Editor in 0.00 ms.
Unloading 3254 Unused Serialized files (Serialized files now loaded: 0)
Unloading 14 unused Assets / (28.6 KB). Loaded Objects now: 4052.
Memory consumption went from 134.9 MB to 134.8 MB.
Total: 6.813866 ms (FindLiveObjects: 0.352939 ms CreateObjectMapping: 0.261597 ms MarkObjects: 6.122111 ms  DeleteObjects: 0.075509 ms)

Prepare: number of updated asset objects reloaded= 0
AssetImportParameters requested are different than current active one (requested -> active):
  custom:container-demuxer-ogg: 62fdf1f143b41e24485cea50d1cbac27 -> 
  custom:scripting/monoscript/fileName/HandScript.cs: ab82d9b432b4ff3c2be587dcfc2ef88f -> f6d2d9607a041472806e778f6397f6ff
  custom:scripting/monoscript/fileName/GunScript.cs: 6a8d5652f919b70c5522b0348dc3dc24 -> adaec7589872e88b61019be0f1bdc549
  custom:video-decoder-ogg-theora: a1e56fd34408186e4bbccfd4996cb3dc -> 
  custom:scripting/monoscript/fileName/DoorScript.cs: 6b64305be1d8e8f7400dbe3b416e4f91 -> 
  custom:scripting/monoscript/fileName/BulletScript.cs: 13477a3b0c98cca55096ea1dcfe934dc -> d888d721bde78eacda1c314a50a2cf74
  custom:CustomObjectIndexerAttribute: 232f87dd983dbecb2a4e21e08eb2cef8 -> 
  custom:container-demuxer-webm: 4f35f7cbe854078d1ac9338744f61a02 -> 
  custom:scripting/monoscript/fileName/ClipScript.cs: d454b9a64ca33d8936f1fee1d0b94333 -> a47e0092d1d896ccc176e69669d3233d
  custom:container-muxer-webm: aa71ff27fc2769a1b78a27578f13a17b -> 
  custom:video-decoder-webm-vp8: 9c59270c3fd7afecdb556c50c9e8de78 -> 
  custom:scripting/monoscript/fileName/MovementScript.cs: 0602eb1700489a3ab9cb01ec15ee773a -> 9a1daee93d0a505568922467e5a5e2e0
  custom:SearchIndexIgnoredProperties: e643bd26f0fe6173181afceb89e7c659 -> 
  custom:AudioImporter_EditorPlatform: 2f0ff77a95e0ac474e3e8eeba4e2f7cb -> 
  custom:video-encoder-webm-vp8: eb34c28f22e8b96e1ab97ce403110664 -> 
  custom:audio-decoder-ogg-vorbis: bf7c407c2cedff20999df2af8eb42d56 -> 
  custom:scripting/monoscript/fileName/Item.cs: c2b7fc65fe255f985743270ca947d8ec -> edfd25bbe8f561e55c7415f9c3adacfe
  custom:audio-encoder-webm-vorbis: bf7c407c2cedff20999df2af8eb42d56 -> 
  custom:scripting/precompiled-assembly-types:Assembly-CSharp: 41f1ee419d251e6e11edcae3f7ceedd4 -> 14f21d8c89919019ed129879e7927412
========================================================================
Received Prepare
Caller must complete domain reload
Begin MonoManager ReloadAssembly
- Loaded All Assemblies, in  0.465 seconds
Native extension for LinuxStandalone target not found
Native extension for WindowsStandalone target not found
Mono: successfully reloaded assembly
- Finished resetting the current domain, in  0.877 seconds
Domain Reload Profiling: 1341ms
	BeginReloadAssembly (152ms)
		ExecutionOrderSort (0ms)
		DisableScriptedObjects (6ms)
		BackupInstance (0ms)
		ReleaseScriptingObjects (0ms)
		CreateAndSetChildDomain (47ms)
	RebuildCommonClasses (41ms)
	RebuildNativeTypeToScriptingClass (13ms)
	initialDomainReloadingComplete (39ms)
	LoadAllAssembliesAndSetupDomain (220ms)
		LoadAssemblies (260ms)
		RebuildTransferFunctionScriptingTraits (0ms)
		AnalyzeDomain (26ms)
			TypeCache.Refresh (10ms)
				TypeCache.ScanAssembly (0ms)
			ScanForSourceGeneratedMonoScriptInfo (9ms)
			ResolveRequiredComponents (6ms)
	FinalizeReload (877ms)
		ReleaseScriptCaches (0ms)
		RebuildScriptCaches (0ms)
		SetupLoadedEditorAssemblies (497ms)
			LogAssemblyErrors (0ms)
			InitializePlatformSupportModulesInManaged (49ms)
			SetLoadedEditorAssemblies (7ms)
			RefreshPlugins (0ms)
			BeforeProcessingInitializeOnLoad (86ms)
			ProcessInitializeOnLoadAttributes (319ms)
			ProcessInitializeOnLoadMethodAttributes (29ms)
			AfterProcessingInitializeOnLoad (7ms)
			EditorAssembliesLoaded (0ms)
		ExecutionOrderSort2 (0ms)
		AwakeInstancesAfterBackupRestoration (5ms)
Refreshing native plugins compatible for Editor in 1.09 ms, found 0 plugins.
Preloading 0 native plugins for Editor in 0.00 ms.
Unloading 3254 Unused Serialized files (Serialized files now loaded: 0)
Unloading 14 unused Assets / (28.6 KB). Loaded Objects now: 4056.
Memory consumption went from 134.9 MB to 134.8 MB.
Total: 6.336115 ms (FindLiveObjects: 0.403331 ms CreateObjectMapping: 0.395754 ms MarkObjects: 5.464770 ms  DeleteObjects: 0.070757 ms)

Prepare: number of updated asset objects reloaded= 0
AssetImportParameters requested are different than current active one (requested -> active):
  custom:container-demuxer-ogg: 62fdf1f143b41e24485cea50d1cbac27 -> 
  custom:scripting/monoscript/fileName/HandScript.cs: ab82d9b432b4ff3c2be587dcfc2ef88f -> f6d2d9607a041472806e778f6397f6ff
  custom:scripting/monoscript/fileName/GunScript.cs: 6a8d5652f919b70c5522b0348dc3dc24 -> adaec7589872e88b61019be0f1bdc549
  custom:video-decoder-ogg-theora: a1e56fd34408186e4bbccfd4996cb3dc -> 
  custom:scripting/monoscript/fileName/DoorScript.cs: 6b64305be1d8e8f7400dbe3b416e4f91 -> 
  custom:scripting/monoscript/fileName/BulletScript.cs: 13477a3b0c98cca55096ea1dcfe934dc -> d888d721bde78eacda1c314a50a2cf74
  custom:CustomObjectIndexerAttribute: 232f87dd983dbecb2a4e21e08eb2cef8 -> 
  custom:container-demuxer-webm: 4f35f7cbe854078d1ac9338744f61a02 -> 
  custom:scripting/monoscript/fileName/ClipScript.cs: d454b9a64ca33d8936f1fee1d0b94333 -> a47e0092d1d896ccc176e69669d3233d
  custom:container-muxer-webm: aa71ff27fc2769a1b78a27578f13a17b -> 
  custom:video-decoder-webm-vp8: 9c59270c3fd7afecdb556c50c9e8de78 -> 
  custom:scripting/monoscript/fileName/MovementScript.cs: 0602eb1700489a3ab9cb01ec15ee773a -> 9a1daee93d0a505568922467e5a5e2e0
  custom:SearchIndexIgnoredProperties: e643bd26f0fe6173181afceb89e7c659 -> 
  custom:AudioImporter_EditorPlatform: 2f0ff77a95e0ac474e3e8eeba4e2f7cb -> 
  custom:video-encoder-webm-vp8: eb34c28f22e8b96e1ab97ce403110664 -> 
  custom:audio-decoder-ogg-vorbis: bf7c407c2cedff20999df2af8eb42d56 -> 
  custom:scripting/monoscript/fileName/Item.cs: c2b7fc65fe255f985743270ca947d8ec -> edfd25bbe8f561e55c7415f9c3adacfe
  custom:audio-encoder-webm-vorbis: bf7c407c2cedff20999df2af8eb42d56 -> 
  custom:scripting/precompiled-assembly-types:Assembly-CSharp: 41f1ee419d251e6e11edcae3f7ceedd4 -> 14f21d8c89919019ed129879e7927412
========================================================================
Received Prepare
Caller must complete domain reload
Begin MonoManager ReloadAssembly
- Loaded All Assemblies, in  0.462 seconds
Native extension for LinuxStandalone target not found
Native extension for WindowsStandalone target not found
Mono: successfully reloaded assembly
- Finished resetting the current domain, in  0.963 seconds
Domain Reload Profiling: 1424ms
	BeginReloadAssembly (149ms)
		ExecutionOrderSort (0ms)
		DisableScriptedObjects (6ms)
		BackupInstance (0ms)
		ReleaseScriptingObjects (0ms)
		CreateAndSetChildDomain (48ms)
	RebuildCommonClasses (41ms)
	RebuildNativeTypeToScriptingClass (14ms)
	initialDomainReloadingComplete (37ms)
	LoadAllAssembliesAndSetupDomain (219ms)
		LoadAssemblies (257ms)
		RebuildTransferFunctionScriptingTraits (0ms)
		AnalyzeDomain (26ms)
			TypeCache.Refresh (9ms)
				TypeCache.ScanAssembly (0ms)
			ScanForSourceGeneratedMonoScriptInfo (8ms)
			ResolveRequiredComponents (7ms)
	FinalizeReload (964ms)
		ReleaseScriptCaches (0ms)
		RebuildScriptCaches (0ms)
		SetupLoadedEditorAssemblies (509ms)
			LogAssemblyErrors (0ms)
			InitializePlatformSupportModulesInManaged (51ms)
			SetLoadedEditorAssemblies (6ms)
			RefreshPlugins (0ms)
			BeforeProcessingInitializeOnLoad (92ms)
			ProcessInitializeOnLoadAttributes (320ms)
			ProcessInitializeOnLoadMethodAttributes (31ms)
			AfterProcessingInitializeOnLoad (7ms)
			EditorAssembliesLoaded (0ms)
		ExecutionOrderSort2 (0ms)
		AwakeInstancesAfterBackupRestoration (6ms)
Refreshing native plugins compatible for Editor in 1.18 ms, found 0 plugins.
Preloading 0 native plugins for Editor in 0.00 ms.
Unloading 3254 Unused Serialized files (Serialized files now loaded: 0)
Unloading 14 unused Assets / (28.5 KB). Loaded Objects now: 4060.
Memory consumption went from 134.9 MB to 134.8 MB.
Total: 4.567920 ms (FindLiveObjects: 0.305519 ms CreateObjectMapping: 0.260016 ms MarkObjects: 3.947525 ms  DeleteObjects: 0.052849 ms)

Prepare: number of updated asset objects reloaded= 0
AssetImportParameters requested are different than current active one (requested -> active):
  custom:container-demuxer-ogg: 62fdf1f143b41e24485cea50d1cbac27 -> 
  custom:scripting/monoscript/fileName/HandScript.cs: ab82d9b432b4ff3c2be587dcfc2ef88f -> f6d2d9607a041472806e778f6397f6ff
  custom:scripting/monoscript/fileName/GunScript.cs: 6a8d5652f919b70c5522b0348dc3dc24 -> adaec7589872e88b61019be0f1bdc549
  custom:video-decoder-ogg-theora: a1e56fd34408186e4bbccfd4996cb3dc -> 
  custom:scripting/monoscript/fileName/DoorScript.cs: 6b64305be1d8e8f7400dbe3b416e4f91 -> 
  custom:scripting/monoscript/fileName/BulletScript.cs: 13477a3b0c98cca55096ea1dcfe934dc -> d888d721bde78eacda1c314a50a2cf74
  custom:CustomObjectIndexerAttribute: 232f87dd983dbecb2a4e21e08eb2cef8 -> 
  custom:container-demuxer-webm: 4f35f7cbe854078d1ac9338744f61a02 -> 
  custom:scripting/monoscript/fileName/ClipScript.cs: d454b9a64ca33d8936f1fee1d0b94333 -> a47e0092d1d896ccc176e69669d3233d
  custom:container-muxer-webm: aa71ff27fc2769a1b78a27578f13a17b -> 
  custom:video-decoder-webm-vp8: 9c59270c3fd7afecdb556c50c9e8de78 -> 
  custom:scripting/monoscript/fileName/MovementScript.cs: 0602eb1700489a3ab9cb01ec15ee773a -> 9a1daee93d0a505568922467e5a5e2e0
  custom:SearchIndexIgnoredProperties: e643bd26f0fe6173181afceb89e7c659 -> 
  custom:AudioImporter_EditorPlatform: 2f0ff77a95e0ac474e3e8eeba4e2f7cb -> 
  custom:video-encoder-webm-vp8: eb34c28f22e8b96e1ab97ce403110664 -> 
  custom:audio-decoder-ogg-vorbis: bf7c407c2cedff20999df2af8eb42d56 -> 
  custom:scripting/monoscript/fileName/Item.cs: c2b7fc65fe255f985743270ca947d8ec -> edfd25bbe8f561e55c7415f9c3adacfe
  custom:audio-encoder-webm-vorbis: bf7c407c2cedff20999df2af8eb42d56 -> 
  custom:scripting/precompiled-assembly-types:Assembly-CSharp: 41f1ee419d251e6e11edcae3f7ceedd4 -> 14f21d8c89919019ed129879e7927412
========================================================================
Received Prepare
Caller must complete domain reload
Begin MonoManager ReloadAssembly
- Loaded All Assemblies, in  0.504 seconds
Native extension for LinuxStandalone target not found
Native extension for WindowsStandalone target not found
Mono: successfully reloaded assembly
- Finished resetting the current domain, in  0.880 seconds
Domain Reload Profiling: 1383ms
	BeginReloadAssembly (155ms)
		ExecutionOrderSort (0ms)
		DisableScriptedObjects (7ms)
		BackupInstance (0ms)
		ReleaseScriptingObjects (0ms)
		CreateAndSetChildDomain (46ms)
	RebuildCommonClasses (41ms)
	RebuildNativeTypeToScriptingClass (14ms)
	initialDomainReloadingComplete (37ms)
	LoadAllAssembliesAndSetupDomain (256ms)
		LoadAssemblies (300ms)
		RebuildTransferFunctionScriptingTraits (0ms)
		AnalyzeDomain (25ms)
			TypeCache.Refresh (9ms)
				TypeCache.ScanAssembly (0ms)
			ScanForSourceGeneratedMonoScriptInfo (9ms)
			ResolveRequiredComponents (6ms)
	FinalizeReload (880ms)
		ReleaseScriptCaches (0ms)
		RebuildScriptCaches (0ms)
		SetupLoadedEditorAssemblies (493ms)
			LogAssemblyErrors (0ms)
			InitializePlatformSupportModulesInManaged (48ms)
			SetLoadedEditorAssemblies (6ms)
			RefreshPlugins (0ms)
			BeforeProcessingInitializeOnLoad (80ms)
			ProcessInitializeOnLoadAttributes (321ms)
			ProcessInitializeOnLoadMethodAttributes (32ms)
			AfterProcessingInitializeOnLoad (7ms)
			EditorAssembliesLoaded (0ms)
		ExecutionOrderSort2 (0ms)
		AwakeInstancesAfterBackupRestoration (6ms)
Refreshing native plugins compatible for Editor in 1.16 ms, found 0 plugins.
Preloading 0 native plugins for Editor in 0.00 ms.
Unloading 3254 Unused Serialized files (Serialized files now loaded: 0)
Unloading 14 unused Assets / (28.6 KB). Loaded Objects now: 4064.
Memory consumption went from 134.9 MB to 134.8 MB.
Total: 6.266630 ms (FindLiveObjects: 0.314294 ms CreateObjectMapping: 0.230049 ms MarkObjects: 5.638767 ms  DeleteObjects: 0.080978 ms)

Prepare: number of updated asset objects reloaded= 0
AssetImportParameters requested are different than current active one (requested -> active):
  custom:container-demuxer-ogg: 62fdf1f143b41e24485cea50d1cbac27 -> 
  custom:scripting/monoscript/fileName/HandScript.cs: ab82d9b432b4ff3c2be587dcfc2ef88f -> f6d2d9607a041472806e778f6397f6ff
  custom:scripting/monoscript/fileName/GunScript.cs: 6a8d5652f919b70c5522b0348dc3dc24 -> adaec7589872e88b61019be0f1bdc549
  custom:video-decoder-ogg-theora: a1e56fd34408186e4bbccfd4996cb3dc -> 
  custom:scripting/monoscript/fileName/DoorScript.cs: 6b64305be1d8e8f7400dbe3b416e4f91 -> 
  custom:scripting/monoscript/fileName/BulletScript.cs: 13477a3b0c98cca55096ea1dcfe934dc -> d888d721bde78eacda1c314a50a2cf74
  custom:CustomObjectIndexerAttribute: 232f87dd983dbecb2a4e21e08eb2cef8 -> 
  custom:container-demuxer-webm: 4f35f7cbe854078d1ac9338744f61a02 -> 
  custom:scripting/monoscript/fileName/ClipScript.cs: d454b9a64ca33d8936f1fee1d0b94333 -> a47e0092d1d896ccc176e69669d3233d
  custom:container-muxer-webm: aa71ff27fc2769a1b78a27578f13a17b -> 
  custom:video-decoder-webm-vp8: 9c59270c3fd7afecdb556c50c9e8de78 -> 
  custom:scripting/monoscript/fileName/MovementScript.cs: 0602eb1700489a3ab9cb01ec15ee773a -> 9a1daee93d0a505568922467e5a5e2e0
  custom:SearchIndexIgnoredProperties: e643bd26f0fe6173181afceb89e7c659 -> 
  custom:AudioImporter_EditorPlatform: 2f0ff77a95e0ac474e3e8eeba4e2f7cb -> 
  custom:video-encoder-webm-vp8: eb34c28f22e8b96e1ab97ce403110664 -> 
  custom:audio-decoder-ogg-vorbis: bf7c407c2cedff20999df2af8eb42d56 -> 
  custom:scripting/monoscript/fileName/Item.cs: c2b7fc65fe255f985743270ca947d8ec -> edfd25bbe8f561e55c7415f9c3adacfe
  custom:audio-encoder-webm-vorbis: bf7c407c2cedff20999df2af8eb42d56 -> 
  custom:scripting/precompiled-assembly-types:Assembly-CSharp: 41f1ee419d251e6e11edcae3f7ceedd4 -> 14f21d8c89919019ed129879e7927412
========================================================================
Received Prepare
Caller must complete domain reload
Begin MonoManager ReloadAssembly
- Loaded All Assemblies, in  0.466 seconds
Native extension for LinuxStandalone target not found
Native extension for WindowsStandalone target not found
Mono: successfully reloaded assembly
- Finished resetting the current domain, in  0.890 seconds
Domain Reload Profiling: 1356ms
	BeginReloadAssembly (149ms)
		ExecutionOrderSort (0ms)
		DisableScriptedObjects (6ms)
		BackupInstance (0ms)
		ReleaseScriptingObjects (0ms)
		CreateAndSetChildDomain (47ms)
	RebuildCommonClasses (40ms)
	RebuildNativeTypeToScriptingClass (12ms)
	initialDomainReloadingComplete (38ms)
	LoadAllAssembliesAndSetupDomain (226ms)
		LoadAssemblies (264ms)
		RebuildTransferFunctionScriptingTraits (0ms)
		AnalyzeDomain (26ms)
			TypeCache.Refresh (9ms)
				TypeCache.ScanAssembly (0ms)
			ScanForSourceGeneratedMonoScriptInfo (9ms)
			ResolveRequiredComponents (7ms)
	FinalizeReload (891ms)
		ReleaseScriptCaches (0ms)
		RebuildScriptCaches (0ms)
		SetupLoadedEditorAssemblies (496ms)
			LogAssemblyErrors (0ms)
			InitializePlatformSupportModulesInManaged (45ms)
			SetLoadedEditorAssemblies (6ms)
			RefreshPlugins (0ms)
			BeforeProcessingInitializeOnLoad (95ms)
			ProcessInitializeOnLoadAttributes (314ms)
			ProcessInitializeOnLoadMethodAttributes (29ms)
			AfterProcessingInitializeOnLoad (7ms)
			EditorAssembliesLoaded (0ms)
		ExecutionOrderSort2 (0ms)
		AwakeInstancesAfterBackupRestoration (5ms)
Refreshing native plugins compatible for Editor in 1.13 ms, found 0 plugins.
Preloading 0 native plugins for Editor in 0.00 ms.
Unloading 3254 Unused Serialized files (Serialized files now loaded: 0)
Unloading 14 unused Assets / (28.6 KB). Loaded Objects now: 4068.
Memory consumption went from 134.9 MB to 134.8 MB.
Total: 3.828174 ms (FindLiveObjects: 0.324507 ms CreateObjectMapping: 0.209742 ms MarkObjects: 3.236882 ms  DeleteObjects: 0.055775 ms)

Prepare: number of updated asset objects reloaded= 0
AssetImportParameters requested are different than current active one (requested -> active):
  custom:container-demuxer-ogg: 62fdf1f143b41e24485cea50d1cbac27 -> 
  custom:scripting/monoscript/fileName/HandScript.cs: ab82d9b432b4ff3c2be587dcfc2ef88f -> f6d2d9607a041472806e778f6397f6ff
  custom:scripting/monoscript/fileName/GunScript.cs: 6a8d5652f919b70c5522b0348dc3dc24 -> adaec7589872e88b61019be0f1bdc549
  custom:video-decoder-ogg-theora: a1e56fd34408186e4bbccfd4996cb3dc -> 
  custom:scripting/monoscript/fileName/DoorScript.cs: 6b64305be1d8e8f7400dbe3b416e4f91 -> 
  custom:scripting/monoscript/fileName/BulletScript.cs: 13477a3b0c98cca55096ea1dcfe934dc -> d888d721bde78eacda1c314a50a2cf74
  custom:CustomObjectIndexerAttribute: 232f87dd983dbecb2a4e21e08eb2cef8 -> 
  custom:container-demuxer-webm: 4f35f7cbe854078d1ac9338744f61a02 -> 
  custom:scripting/monoscript/fileName/ClipScript.cs: d454b9a64ca33d8936f1fee1d0b94333 -> a47e0092d1d896ccc176e69669d3233d
  custom:container-muxer-webm: aa71ff27fc2769a1b78a27578f13a17b -> 
  custom:video-decoder-webm-vp8: 9c59270c3fd7afecdb556c50c9e8de78 -> 
  custom:scripting/monoscript/fileName/MovementScript.cs: 0602eb1700489a3ab9cb01ec15ee773a -> 9a1daee93d0a505568922467e5a5e2e0
  custom:SearchIndexIgnoredProperties: e643bd26f0fe6173181afceb89e7c659 -> 
  custom:AudioImporter_EditorPlatform: 2f0ff77a95e0ac474e3e8eeba4e2f7cb -> 
  custom:video-encoder-webm-vp8: eb34c28f22e8b96e1ab97ce403110664 -> 
  custom:audio-decoder-ogg-vorbis: bf7c407c2cedff20999df2af8eb42d56 -> 
  custom:scripting/monoscript/fileName/Item.cs: c2b7fc65fe255f985743270ca947d8ec -> edfd25bbe8f561e55c7415f9c3adacfe
  custom:audio-encoder-webm-vorbis: bf7c407c2cedff20999df2af8eb42d56 -> 
  custom:scripting/precompiled-assembly-types:Assembly-CSharp: 41f1ee419d251e6e11edcae3f7ceedd4 -> 14f21d8c89919019ed129879e7927412
========================================================================
Received Prepare
Caller must complete domain reload
Begin MonoManager ReloadAssembly
- Loaded All Assemblies, in  0.462 seconds
Native extension for LinuxStandalone target not found
Native extension for WindowsStandalone target not found
Mono: successfully reloaded assembly
- Finished resetting the current domain, in  0.869 seconds
Domain Reload Profiling: 1331ms
	BeginReloadAssembly (152ms)
		ExecutionOrderSort (0ms)
		DisableScriptedObjects (6ms)
		BackupInstance (0ms)
		ReleaseScriptingObjects (0ms)
		CreateAndSetChildDomain (51ms)
	RebuildCommonClasses (40ms)
	RebuildNativeTypeToScriptingClass (12ms)
	initialDomainReloadingComplete (37ms)
	LoadAllAssembliesAndSetupDomain (220ms)
		LoadAssemblies (256ms)
		RebuildTransferFunctionScriptingTraits (0ms)
		AnalyzeDomain (26ms)
			TypeCache.Refresh (9ms)
				TypeCache.ScanAssembly (0ms)
			ScanForSourceGeneratedMonoScriptInfo (9ms)
			ResolveRequiredComponents (7ms)
	FinalizeReload (870ms)
		ReleaseScriptCaches (0ms)
		RebuildScriptCaches (0ms)
		SetupLoadedEditorAssemblies (491ms)
			LogAssemblyErrors (0ms)
			InitializePlatformSupportModulesInManaged (46ms)
			SetLoadedEditorAssemblies (6ms)
			RefreshPlugins (0ms)
			BeforeProcessingInitializeOnLoad (86ms)
			ProcessInitializeOnLoadAttributes (317ms)
			ProcessInitializeOnLoadMethodAttributes (29ms)
			AfterProcessingInitializeOnLoad (7ms)
			EditorAssembliesLoaded (0ms)
		ExecutionOrderSort2 (0ms)
		AwakeInstancesAfterBackupRestoration (6ms)
Refreshing native plugins compatible for Editor in 1.51 ms, found 0 plugins.
Preloading 0 native plugins for Editor in 0.00 ms.
Unloading 3254 Unused Serialized files (Serialized files now loaded: 0)
Unloading 14 unused Assets / (28.6 KB). Loaded Objects now: 4072.
Memory consumption went from 134.9 MB to 134.8 MB.
Total: 5.525025 ms (FindLiveObjects: 0.405961 ms CreateObjectMapping: 0.338885 ms MarkObjects: 4.711106 ms  DeleteObjects: 0.067416 ms)

Prepare: number of updated asset objects reloaded= 0
AssetImportParameters requested are different than current active one (requested -> active):
  custom:container-demuxer-ogg: 62fdf1f143b41e24485cea50d1cbac27 -> 
  custom:scripting/monoscript/fileName/HandScript.cs: ab82d9b432b4ff3c2be587dcfc2ef88f -> f6d2d9607a041472806e778f6397f6ff
  custom:scripting/monoscript/fileName/GunScript.cs: 6a8d5652f919b70c5522b0348dc3dc24 -> adaec7589872e88b61019be0f1bdc549
  custom:video-decoder-ogg-theora: a1e56fd34408186e4bbccfd4996cb3dc -> 
  custom:scripting/monoscript/fileName/DoorScript.cs: 6b64305be1d8e8f7400dbe3b416e4f91 -> 
  custom:scripting/monoscript/fileName/BulletScript.cs: 13477a3b0c98cca55096ea1dcfe934dc -> d888d721bde78eacda1c314a50a2cf74
  custom:CustomObjectIndexerAttribute: 232f87dd983dbecb2a4e21e08eb2cef8 -> 
  custom:container-demuxer-webm: 4f35f7cbe854078d1ac9338744f61a02 -> 
  custom:scripting/monoscript/fileName/ClipScript.cs: d454b9a64ca33d8936f1fee1d0b94333 -> a47e0092d1d896ccc176e69669d3233d
  custom:container-muxer-webm: aa71ff27fc2769a1b78a27578f13a17b -> 
  custom:video-decoder-webm-vp8: 9c59270c3fd7afecdb556c50c9e8de78 -> 
  custom:scripting/monoscript/fileName/MovementScript.cs: 0602eb1700489a3ab9cb01ec15ee773a -> 9a1daee93d0a505568922467e5a5e2e0
  custom:SearchIndexIgnoredProperties: e643bd26f0fe6173181afceb89e7c659 -> 
  custom:AudioImporter_EditorPlatform: 2f0ff77a95e0ac474e3e8eeba4e2f7cb -> 
  custom:video-encoder-webm-vp8: eb34c28f22e8b96e1ab97ce403110664 -> 
  custom:audio-decoder-ogg-vorbis: bf7c407c2cedff20999df2af8eb42d56 -> 
  custom:scripting/monoscript/fileName/Item.cs: c2b7fc65fe255f985743270ca947d8ec -> edfd25bbe8f561e55c7415f9c3adacfe
  custom:audio-encoder-webm-vorbis: bf7c407c2cedff20999df2af8eb42d56 -> 
  custom:scripting/precompiled-assembly-types:Assembly-CSharp: 41f1ee419d251e6e11edcae3f7ceedd4 -> 14f21d8c89919019ed129879e7927412
========================================================================
Received Prepare
Caller must complete domain reload
Begin MonoManager ReloadAssembly
- Loaded All Assemblies, in  0.524 seconds
Native extension for LinuxStandalone target not found
Native extension for WindowsStandalone target not found
Mono: successfully reloaded assembly
- Finished resetting the current domain, in  0.977 seconds
Domain Reload Profiling: 1501ms
	BeginReloadAssembly (147ms)
		ExecutionOrderSort (0ms)
		DisableScriptedObjects (6ms)
		BackupInstance (0ms)
		ReleaseScriptingObjects (0ms)
		CreateAndSetChildDomain (48ms)
	RebuildCommonClasses (40ms)
	RebuildNativeTypeToScriptingClass (13ms)
	initialDomainReloadingComplete (36ms)
	LoadAllAssembliesAndSetupDomain (288ms)
		LoadAssemblies (311ms)
		RebuildTransferFunctionScriptingTraits (0ms)
		AnalyzeDomain (37ms)
			TypeCache.Refresh (13ms)
				TypeCache.ScanAssembly (1ms)
			ScanForSourceGeneratedMonoScriptInfo (13ms)
			ResolveRequiredComponents (10ms)
	FinalizeReload (978ms)
		ReleaseScriptCaches (0ms)
		RebuildScriptCaches (0ms)
		SetupLoadedEditorAssemblies (525ms)
			LogAssemblyErrors (0ms)
			InitializePlatformSupportModulesInManaged (53ms)
			SetLoadedEditorAssemblies (8ms)
			RefreshPlugins (0ms)
			BeforeProcessingInitializeOnLoad (105ms)
			ProcessInitializeOnLoadAttributes (322ms)
			ProcessInitializeOnLoadMethodAttributes (30ms)
			AfterProcessingInitializeOnLoad (7ms)
			EditorAssembliesLoaded (0ms)
		ExecutionOrderSort2 (0ms)
		AwakeInstancesAfterBackupRestoration (5ms)
Refreshing native plugins compatible for Editor in 1.07 ms, found 0 plugins.
Preloading 0 native plugins for Editor in 0.00 ms.
Unloading 3254 Unused Serialized files (Serialized files now loaded: 0)
Unloading 14 unused Assets / (28.6 KB). Loaded Objects now: 4076.
Memory consumption went from 134.9 MB to 134.8 MB.
Total: 4.437829 ms (FindLiveObjects: 0.389319 ms CreateObjectMapping: 0.300550 ms MarkObjects: 3.691674 ms  DeleteObjects: 0.054737 ms)

Prepare: number of updated asset objects reloaded= 0
AssetImportParameters requested are different than current active one (requested -> active):
  custom:container-demuxer-ogg: 62fdf1f143b41e24485cea50d1cbac27 -> 
  custom:scripting/monoscript/fileName/HandScript.cs: ab82d9b432b4ff3c2be587dcfc2ef88f -> f6d2d9607a041472806e778f6397f6ff
  custom:scripting/monoscript/fileName/GunScript.cs: 6a8d5652f919b70c5522b0348dc3dc24 -> adaec7589872e88b61019be0f1bdc549
  custom:video-decoder-ogg-theora: a1e56fd34408186e4bbccfd4996cb3dc -> 
  custom:scripting/monoscript/fileName/DoorScript.cs: 6b64305be1d8e8f7400dbe3b416e4f91 -> 
  custom:scripting/monoscript/fileName/BulletScript.cs: 13477a3b0c98cca55096ea1dcfe934dc -> d888d721bde78eacda1c314a50a2cf74
  custom:CustomObjectIndexerAttribute: 232f87dd983dbecb2a4e21e08eb2cef8 -> 
  custom:container-demuxer-webm: 4f35f7cbe854078d1ac9338744f61a02 -> 
  custom:scripting/monoscript/fileName/ClipScript.cs: d454b9a64ca33d8936f1fee1d0b94333 -> a47e0092d1d896ccc176e69669d3233d
  custom:container-muxer-webm: aa71ff27fc2769a1b78a27578f13a17b -> 
  custom:video-decoder-webm-vp8: 9c59270c3fd7afecdb556c50c9e8de78 -> 
  custom:scripting/monoscript/fileName/MovementScript.cs: 0602eb1700489a3ab9cb01ec15ee773a -> 9a1daee93d0a505568922467e5a5e2e0
  custom:SearchIndexIgnoredProperties: e643bd26f0fe6173181afceb89e7c659 -> 
  custom:AudioImporter_EditorPlatform: 2f0ff77a95e0ac474e3e8eeba4e2f7cb -> 
  custom:video-encoder-webm-vp8: eb34c28f22e8b96e1ab97ce403110664 -> 
  custom:audio-decoder-ogg-vorbis: bf7c407c2cedff20999df2af8eb42d56 -> 
  custom:scripting/monoscript/fileName/Item.cs: c2b7fc65fe255f985743270ca947d8ec -> edfd25bbe8f561e55c7415f9c3adacfe
  custom:audio-encoder-webm-vorbis: bf7c407c2cedff20999df2af8eb42d56 -> 
  custom:scripting/precompiled-assembly-types:Assembly-CSharp: 41f1ee419d251e6e11edcae3f7ceedd4 -> 14f21d8c89919019ed129879e7927412
========================================================================
Received Prepare
Caller must complete domain reload
Begin MonoManager ReloadAssembly
- Loaded All Assemblies, in  0.459 seconds
Native extension for LinuxStandalone target not found
Native extension for WindowsStandalone target not found
Mono: successfully reloaded assembly
- Finished resetting the current domain, in  0.918 seconds
Domain Reload Profiling: 1377ms
	BeginReloadAssembly (150ms)
		ExecutionOrderSort (0ms)
		DisableScriptedObjects (6ms)
		BackupInstance (0ms)
		ReleaseScriptingObjects (0ms)
		CreateAndSetChildDomain (49ms)
	RebuildCommonClasses (42ms)
	RebuildNativeTypeToScriptingClass (13ms)
	initialDomainReloadingComplete (36ms)
	LoadAllAssembliesAndSetupDomain (217ms)
		LoadAssemblies (254ms)
		RebuildTransferFunctionScriptingTraits (0ms)
		AnalyzeDomain (26ms)
			TypeCache.Refresh (9ms)
				TypeCache.ScanAssembly (0ms)
			ScanForSourceGeneratedMonoScriptInfo (9ms)
			ResolveRequiredComponents (7ms)
	FinalizeReload (919ms)
		ReleaseScriptCaches (0ms)
		RebuildScriptCaches (0ms)
		SetupLoadedEditorAssemblies (498ms)
			LogAssemblyErrors (0ms)
			InitializePlatformSupportModulesInManaged (47ms)
			SetLoadedEditorAssemblies (6ms)
			RefreshPlugins (0ms)
			BeforeProcessingInitializeOnLoad (77ms)
			ProcessInitializeOnLoadAttributes (331ms)
			ProcessInitializeOnLoadMethodAttributes (31ms)
			AfterProcessingInitializeOnLoad (7ms)
			EditorAssembliesLoaded (0ms)
		ExecutionOrderSort2 (0ms)
		AwakeInstancesAfterBackupRestoration (5ms)
Refreshing native plugins compatible for Editor in 1.40 ms, found 0 plugins.
Preloading 0 native plugins for Editor in 0.00 ms.
Unloading 3254 Unused Serialized files (Serialized files now loaded: 0)
Unloading 14 unused Assets / (28.6 KB). Loaded Objects now: 4080.
Memory consumption went from 134.9 MB to 134.8 MB.
Total: 4.378098 ms (FindLiveObjects: 0.405943 ms CreateObjectMapping: 0.239023 ms MarkObjects: 3.663930 ms  DeleteObjects: 0.067384 ms)

Prepare: number of updated asset objects reloaded= 0
AssetImportParameters requested are different than current active one (requested -> active):
  custom:container-demuxer-ogg: 62fdf1f143b41e24485cea50d1cbac27 -> 
  custom:scripting/monoscript/fileName/HandScript.cs: ab82d9b432b4ff3c2be587dcfc2ef88f -> f6d2d9607a041472806e778f6397f6ff
  custom:scripting/monoscript/fileName/GunScript.cs: 6a8d5652f919b70c5522b0348dc3dc24 -> adaec7589872e88b61019be0f1bdc549
  custom:video-decoder-ogg-theora: a1e56fd34408186e4bbccfd4996cb3dc -> 
  custom:scripting/monoscript/fileName/DoorScript.cs: 6b64305be1d8e8f7400dbe3b416e4f91 -> 
  custom:scripting/monoscript/fileName/BulletScript.cs: 13477a3b0c98cca55096ea1dcfe934dc -> d888d721bde78eacda1c314a50a2cf74
  custom:CustomObjectIndexerAttribute: 232f87dd983dbecb2a4e21e08eb2cef8 -> 
  custom:container-demuxer-webm: 4f35f7cbe854078d1ac9338744f61a02 -> 
  custom:scripting/monoscript/fileName/ClipScript.cs: d454b9a64ca33d8936f1fee1d0b94333 -> a47e0092d1d896ccc176e69669d3233d
  custom:container-muxer-webm: aa71ff27fc2769a1b78a27578f13a17b -> 
  custom:video-decoder-webm-vp8: 9c59270c3fd7afecdb556c50c9e8de78 -> 
  custom:scripting/monoscript/fileName/MovementScript.cs: 0602eb1700489a3ab9cb01ec15ee773a -> 9a1daee93d0a505568922467e5a5e2e0
  custom:SearchIndexIgnoredProperties: e643bd26f0fe6173181afceb89e7c659 -> 
  custom:AudioImporter_EditorPlatform: 2f0ff77a95e0ac474e3e8eeba4e2f7cb -> 
  custom:video-encoder-webm-vp8: eb34c28f22e8b96e1ab97ce403110664 -> 
  custom:audio-decoder-ogg-vorbis: bf7c407c2cedff20999df2af8eb42d56 -> 
  custom:scripting/monoscript/fileName/Item.cs: c2b7fc65fe255f985743270ca947d8ec -> edfd25bbe8f561e55c7415f9c3adacfe
  custom:audio-encoder-webm-vorbis: bf7c407c2cedff20999df2af8eb42d56 -> 
  custom:scripting/precompiled-assembly-types:Assembly-CSharp: 41f1ee419d251e6e11edcae3f7ceedd4 -> 14f21d8c89919019ed129879e7927412
========================================================================
Received Prepare
Caller must complete domain reload
Begin MonoManager ReloadAssembly
- Loaded All Assemblies, in  0.463 seconds
Native extension for LinuxStandalone target not found
Native extension for WindowsStandalone target not found
Mono: successfully reloaded assembly
- Finished resetting the current domain, in  1.003 seconds
Domain Reload Profiling: 1466ms
	BeginReloadAssembly (153ms)
		ExecutionOrderSort (0ms)
		DisableScriptedObjects (6ms)
		BackupInstance (0ms)
		ReleaseScriptingObjects (0ms)
		CreateAndSetChildDomain (49ms)
	RebuildCommonClasses (41ms)
	RebuildNativeTypeToScriptingClass (15ms)
	initialDomainReloadingComplete (36ms)
	LoadAllAssembliesAndSetupDomain (217ms)
		LoadAssemblies (256ms)
		RebuildTransferFunctionScriptingTraits (0ms)
		AnalyzeDomain (26ms)
			TypeCache.Refresh (9ms)
				TypeCache.ScanAssembly (0ms)
			ScanForSourceGeneratedMonoScriptInfo (9ms)
			ResolveRequiredComponents (7ms)
	FinalizeReload (1004ms)
		ReleaseScriptCaches (0ms)
		RebuildScriptCaches (0ms)
		SetupLoadedEditorAssemblies (598ms)
			LogAssemblyErrors (0ms)
			InitializePlatformSupportModulesInManaged (46ms)
			SetLoadedEditorAssemblies (6ms)
			RefreshPlugins (0ms)
			BeforeProcessingInitializeOnLoad (97ms)
			ProcessInitializeOnLoadAttributes (396ms)
			ProcessInitializeOnLoadMethodAttributes (45ms)
			AfterProcessingInitializeOnLoad (8ms)
			EditorAssembliesLoaded (0ms)
		ExecutionOrderSort2 (0ms)
		AwakeInstancesAfterBackupRestoration (6ms)
Refreshing native plugins compatible for Editor in 1.08 ms, found 0 plugins.
Preloading 0 native plugins for Editor in 0.00 ms.
Unloading 3254 Unused Serialized files (Serialized files now loaded: 0)
Unloading 14 unused Assets / (28.6 KB). Loaded Objects now: 4084.
Memory consumption went from 134.9 MB to 134.8 MB.
Total: 3.914948 ms (FindLiveObjects: 0.327499 ms CreateObjectMapping: 0.250839 ms MarkObjects: 3.270973 ms  DeleteObjects: 0.064153 ms)

Prepare: number of updated asset objects reloaded= 0
AssetImportParameters requested are different than current active one (requested -> active):
  custom:container-demuxer-ogg: 62fdf1f143b41e24485cea50d1cbac27 -> 
  custom:scripting/monoscript/fileName/HandScript.cs: ab82d9b432b4ff3c2be587dcfc2ef88f -> f6d2d9607a041472806e778f6397f6ff
  custom:scripting/monoscript/fileName/GunScript.cs: 6a8d5652f919b70c5522b0348dc3dc24 -> adaec7589872e88b61019be0f1bdc549
  custom:video-decoder-ogg-theora: a1e56fd34408186e4bbccfd4996cb3dc -> 
  custom:scripting/monoscript/fileName/DoorScript.cs: 6b64305be1d8e8f7400dbe3b416e4f91 -> 
  custom:scripting/monoscript/fileName/BulletScript.cs: 13477a3b0c98cca55096ea1dcfe934dc -> d888d721bde78eacda1c314a50a2cf74
  custom:CustomObjectIndexerAttribute: 232f87dd983dbecb2a4e21e08eb2cef8 -> 
  custom:container-demuxer-webm: 4f35f7cbe854078d1ac9338744f61a02 -> 
  custom:scripting/monoscript/fileName/ClipScript.cs: d454b9a64ca33d8936f1fee1d0b94333 -> a47e0092d1d896ccc176e69669d3233d
  custom:container-muxer-webm: aa71ff27fc2769a1b78a27578f13a17b -> 
  custom:video-decoder-webm-vp8: 9c59270c3fd7afecdb556c50c9e8de78 -> 
  custom:scripting/monoscript/fileName/MovementScript.cs: 0602eb1700489a3ab9cb01ec15ee773a -> 9a1daee93d0a505568922467e5a5e2e0
  custom:SearchIndexIgnoredProperties: e643bd26f0fe6173181afceb89e7c659 -> 
  custom:AudioImporter_EditorPlatform: 2f0ff77a95e0ac474e3e8eeba4e2f7cb -> 
  custom:video-encoder-webm-vp8: eb34c28f22e8b96e1ab97ce403110664 -> 
  custom:audio-decoder-ogg-vorbis: bf7c407c2cedff20999df2af8eb42d56 -> 
  custom:scripting/monoscript/fileName/Item.cs: c2b7fc65fe255f985743270ca947d8ec -> edfd25bbe8f561e55c7415f9c3adacfe
  custom:audio-encoder-webm-vorbis: bf7c407c2cedff20999df2af8eb42d56 -> 
  custom:scripting/precompiled-assembly-types:Assembly-CSharp: 41f1ee419d251e6e11edcae3f7ceedd4 -> 14f21d8c89919019ed129879e7927412
========================================================================
Received Import Request.
  Time since last request: 6193.958474 seconds.
  path: Assets/Prefabs/Penetrator Clip.prefab
  artifactKey: Guid(f65e2478a3478cf6f89b6468f7b7bd7b) Importer(815301076,1909f56bfc062723c751e8b465ee728b)
Start importing Assets/Prefabs/Penetrator Clip.prefab using Guid(f65e2478a3478cf6f89b6468f7b7bd7b) Importer(815301076,1909f56bfc062723c751e8b465ee728b) [PhysX] Initialized MultithreadedTaskDispatcher with 8 workers.
[PhysX] Initialized MultithreadedTaskDispatcher with 8 workers.
 -> (artifact id: '3b4f474b6ea7b3d0b83342cb4f79adc6') in 0.100549 seconds
Number of updated asset objects reloaded before import = 0
Number of asset objects unloaded after import = 47
========================================================================
Received Import Request.
  Time since last request: 3.352530 seconds.
  path: Assets/Prefabs/Penetrator Clip 1.prefab
  artifactKey: Guid(5b718901c6c86c483b0d1be0dbbb7882) Importer(815301076,1909f56bfc062723c751e8b465ee728b)
Start importing Assets/Prefabs/Penetrator Clip 1.prefab using Guid(5b718901c6c86c483b0d1be0dbbb7882) Importer(815301076,1909f56bfc062723c751e8b465ee728b) [PhysX] Initialized MultithreadedTaskDispatcher with 8 workers.
[PhysX] Initialized MultithreadedTaskDispatcher with 8 workers.
 -> (artifact id: '0e68e04eca2e4f281b6fbcb47d2a9ee7') in 0.009549 seconds
Number of updated asset objects reloaded before import = 0
Number of asset objects unloaded after import = 15
========================================================================
Received Import Request.
  Time since last request: 12.971762 seconds.
  path: Assets/Prefabs/Penetrator Clip.prefab
  artifactKey: Guid(f65e2478a3478cf6f89b6468f7b7bd7b) Importer(815301076,1909f56bfc062723c751e8b465ee728b)
Start importing Assets/Prefabs/Penetrator Clip.prefab using Guid(f65e2478a3478cf6f89b6468f7b7bd7b) Importer(815301076,1909f56bfc062723c751e8b465ee728b) [PhysX] Initialized MultithreadedTaskDispatcher with 8 workers.
[PhysX] Initialized MultithreadedTaskDispatcher with 8 workers.
 -> (artifact id: '5acc6f3bbee9c4200a9ca15e63f890e3') in 0.012536 seconds
Number of updated asset objects reloaded before import = 0
Number of asset objects unloaded after import = 47
========================================================================
Received Prepare
Caller must complete domain reload
Begin MonoManager ReloadAssembly
- Loaded All Assemblies, in  0.524 seconds
Native extension for LinuxStandalone target not found
Native extension for WindowsStandalone target not found
Mono: successfully reloaded assembly
- Finished resetting the current domain, in  0.995 seconds
Domain Reload Profiling: 1518ms
	BeginReloadAssembly (164ms)
		ExecutionOrderSort (0ms)
		DisableScriptedObjects (6ms)
		BackupInstance (0ms)
		ReleaseScriptingObjects (0ms)
		CreateAndSetChildDomain (58ms)
	RebuildCommonClasses (77ms)
	RebuildNativeTypeToScriptingClass (13ms)
	initialDomainReloadingComplete (39ms)
	LoadAllAssembliesAndSetupDomain (230ms)
		LoadAssemblies (270ms)
		RebuildTransferFunctionScriptingTraits (0ms)
		AnalyzeDomain (26ms)
			TypeCache.Refresh (9ms)
				TypeCache.ScanAssembly (0ms)
			ScanForSourceGeneratedMonoScriptInfo (10ms)
			ResolveRequiredComponents (7ms)
	FinalizeReload (996ms)
		ReleaseScriptCaches (0ms)
		RebuildScriptCaches (0ms)
		SetupLoadedEditorAssemblies (582ms)
			LogAssemblyErrors (0ms)
			InitializePlatformSupportModulesInManaged (45ms)
			SetLoadedEditorAssemblies (6ms)
			RefreshPlugins (0ms)
			BeforeProcessingInitializeOnLoad (77ms)
			ProcessInitializeOnLoadAttributes (401ms)
			ProcessInitializeOnLoadMethodAttributes (37ms)
			AfterProcessingInitializeOnLoad (16ms)
			EditorAssembliesLoaded (0ms)
		ExecutionOrderSort2 (0ms)
		AwakeInstancesAfterBackupRestoration (10ms)
Refreshing native plugins compatible for Editor in 1.71 ms, found 0 plugins.
Preloading 0 native plugins for Editor in 0.00 ms.
Unloading 3253 Unused Serialized files (Serialized files now loaded: 0)
Unloading 14 unused Assets / (28.6 KB). Loaded Objects now: 4088.
Memory consumption went from 134.6 MB to 134.6 MB.
Total: 5.203560 ms (FindLiveObjects: 0.417259 ms CreateObjectMapping: 0.262119 ms MarkObjects: 4.466546 ms  DeleteObjects: 0.056400 ms)

Prepare: number of updated asset objects reloaded= 0
AssetImportParameters requested are different than current active one (requested -> active):
  custom:container-demuxer-ogg: 62fdf1f143b41e24485cea50d1cbac27 -> 
  custom:scripting/monoscript/fileName/HandScript.cs: ab82d9b432b4ff3c2be587dcfc2ef88f -> f6d2d9607a041472806e778f6397f6ff
  custom:scripting/monoscript/fileName/GunScript.cs: 6a8d5652f919b70c5522b0348dc3dc24 -> adaec7589872e88b61019be0f1bdc549
  custom:video-decoder-ogg-theora: a1e56fd34408186e4bbccfd4996cb3dc -> 
  custom:scripting/monoscript/fileName/DoorScript.cs: 6b64305be1d8e8f7400dbe3b416e4f91 -> 
  custom:scripting/monoscript/fileName/BulletScript.cs: 13477a3b0c98cca55096ea1dcfe934dc -> d888d721bde78eacda1c314a50a2cf74
  custom:CustomObjectIndexerAttribute: 232f87dd983dbecb2a4e21e08eb2cef8 -> 
  custom:container-demuxer-webm: 4f35f7cbe854078d1ac9338744f61a02 -> 
  custom:scripting/monoscript/fileName/ClipScript.cs: d454b9a64ca33d8936f1fee1d0b94333 -> a47e0092d1d896ccc176e69669d3233d
  custom:container-muxer-webm: aa71ff27fc2769a1b78a27578f13a17b -> 
  custom:video-decoder-webm-vp8: 9c59270c3fd7afecdb556c50c9e8de78 -> 
  custom:scripting/monoscript/fileName/MovementScript.cs: 0602eb1700489a3ab9cb01ec15ee773a -> 9a1daee93d0a505568922467e5a5e2e0
  custom:SearchIndexIgnoredProperties: e643bd26f0fe6173181afceb89e7c659 -> 
  custom:AudioImporter_EditorPlatform: 2f0ff77a95e0ac474e3e8eeba4e2f7cb -> 
  custom:video-encoder-webm-vp8: eb34c28f22e8b96e1ab97ce403110664 -> 
  custom:audio-decoder-ogg-vorbis: bf7c407c2cedff20999df2af8eb42d56 -> 
  custom:scripting/monoscript/fileName/Item.cs: c2b7fc65fe255f985743270ca947d8ec -> edfd25bbe8f561e55c7415f9c3adacfe
  custom:audio-encoder-webm-vorbis: bf7c407c2cedff20999df2af8eb42d56 -> 
  custom:scripting/precompiled-assembly-types:Assembly-CSharp: 41f1ee419d251e6e11edcae3f7ceedd4 -> 14f21d8c89919019ed129879e7927412
========================================================================
Received Prepare
Caller must complete domain reload
Begin MonoManager ReloadAssembly
- Loaded All Assemblies, in  0.495 seconds
Native extension for LinuxStandalone target not found
Native extension for WindowsStandalone target not found
Mono: successfully reloaded assembly
- Finished resetting the current domain, in  0.932 seconds
Domain Reload Profiling: 1427ms
	BeginReloadAssembly (168ms)
		ExecutionOrderSort (0ms)
		DisableScriptedObjects (11ms)
		BackupInstance (0ms)
		ReleaseScriptingObjects (0ms)
		CreateAndSetChildDomain (54ms)
	RebuildCommonClasses (47ms)
	RebuildNativeTypeToScriptingClass (14ms)
	initialDomainReloadingComplete (38ms)
	LoadAllAssembliesAndSetupDomain (228ms)
		LoadAssemblies (270ms)
		RebuildTransferFunctionScriptingTraits (0ms)
		AnalyzeDomain (26ms)
			TypeCache.Refresh (9ms)
				TypeCache.ScanAssembly (0ms)
			ScanForSourceGeneratedMonoScriptInfo (9ms)
			ResolveRequiredComponents (7ms)
	FinalizeReload (933ms)
		ReleaseScriptCaches (0ms)
		RebuildScriptCaches (0ms)
		SetupLoadedEditorAssemblies (543ms)
			LogAssemblyErrors (0ms)
			InitializePlatformSupportModulesInManaged (47ms)
			SetLoadedEditorAssemblies (8ms)
			RefreshPlugins (0ms)
			BeforeProcessingInitializeOnLoad (87ms)
			ProcessInitializeOnLoadAttributes (355ms)
			ProcessInitializeOnLoadMethodAttributes (36ms)
			AfterProcessingInitializeOnLoad (9ms)
			EditorAssembliesLoaded (0ms)
		ExecutionOrderSort2 (0ms)
		AwakeInstancesAfterBackupRestoration (6ms)
Refreshing native plugins compatible for Editor in 1.28 ms, found 0 plugins.
Preloading 0 native plugins for Editor in 0.02 ms.
Unloading 3254 Unused Serialized files (Serialized files now loaded: 0)
Unloading 14 unused Assets / (28.6 KB). Loaded Objects now: 4092.
Memory consumption went from 134.9 MB to 134.9 MB.
Total: 6.516138 ms (FindLiveObjects: 0.545295 ms CreateObjectMapping: 0.388155 ms MarkObjects: 5.526360 ms  DeleteObjects: 0.052910 ms)

Prepare: number of updated asset objects reloaded= 0
AssetImportParameters requested are different than current active one (requested -> active):
  custom:container-demuxer-ogg: 62fdf1f143b41e24485cea50d1cbac27 -> 
  custom:scripting/monoscript/fileName/HandScript.cs: ab82d9b432b4ff3c2be587dcfc2ef88f -> f6d2d9607a041472806e778f6397f6ff
  custom:scripting/monoscript/fileName/GunScript.cs: 6a8d5652f919b70c5522b0348dc3dc24 -> adaec7589872e88b61019be0f1bdc549
  custom:video-decoder-ogg-theora: a1e56fd34408186e4bbccfd4996cb3dc -> 
  custom:scripting/monoscript/fileName/DoorScript.cs: 6b64305be1d8e8f7400dbe3b416e4f91 -> 
  custom:scripting/monoscript/fileName/BulletScript.cs: 13477a3b0c98cca55096ea1dcfe934dc -> d888d721bde78eacda1c314a50a2cf74
  custom:CustomObjectIndexerAttribute: 232f87dd983dbecb2a4e21e08eb2cef8 -> 
  custom:container-demuxer-webm: 4f35f7cbe854078d1ac9338744f61a02 -> 
  custom:scripting/monoscript/fileName/ClipScript.cs: d454b9a64ca33d8936f1fee1d0b94333 -> a47e0092d1d896ccc176e69669d3233d
  custom:container-muxer-webm: aa71ff27fc2769a1b78a27578f13a17b -> 
  custom:video-decoder-webm-vp8: 9c59270c3fd7afecdb556c50c9e8de78 -> 
  custom:scripting/monoscript/fileName/MovementScript.cs: 0602eb1700489a3ab9cb01ec15ee773a -> 9a1daee93d0a505568922467e5a5e2e0
  custom:SearchIndexIgnoredProperties: e643bd26f0fe6173181afceb89e7c659 -> 
  custom:AudioImporter_EditorPlatform: 2f0ff77a95e0ac474e3e8eeba4e2f7cb -> 
  custom:video-encoder-webm-vp8: eb34c28f22e8b96e1ab97ce403110664 -> 
  custom:audio-decoder-ogg-vorbis: bf7c407c2cedff20999df2af8eb42d56 -> 
  custom:scripting/monoscript/fileName/Item.cs: c2b7fc65fe255f985743270ca947d8ec -> edfd25bbe8f561e55c7415f9c3adacfe
  custom:audio-encoder-webm-vorbis: bf7c407c2cedff20999df2af8eb42d56 -> 
  custom:scripting/precompiled-assembly-types:Assembly-CSharp: 41f1ee419d251e6e11edcae3f7ceedd4 -> 14f21d8c89919019ed129879e7927412
========================================================================
Received Prepare
Caller must complete domain reload
Begin MonoManager ReloadAssembly
- Loaded All Assemblies, in  0.467 seconds
Native extension for LinuxStandalone target not found
Native extension for WindowsStandalone target not found
Mono: successfully reloaded assembly
- Finished resetting the current domain, in  0.894 seconds
Domain Reload Profiling: 1361ms
	BeginReloadAssembly (151ms)
		ExecutionOrderSort (0ms)
		DisableScriptedObjects (6ms)
		BackupInstance (0ms)
		ReleaseScriptingObjects (0ms)
		CreateAndSetChildDomain (47ms)
	RebuildCommonClasses (41ms)
	RebuildNativeTypeToScriptingClass (13ms)
	initialDomainReloadingComplete (36ms)
	LoadAllAssembliesAndSetupDomain (225ms)
		LoadAssemblies (265ms)
		RebuildTransferFunctionScriptingTraits (0ms)
		AnalyzeDomain (25ms)
			TypeCache.Refresh (9ms)
				TypeCache.ScanAssembly (0ms)
			ScanForSourceGeneratedMonoScriptInfo (8ms)
			ResolveRequiredComponents (6ms)
	FinalizeReload (895ms)
		ReleaseScriptCaches (0ms)
		RebuildScriptCaches (0ms)
		SetupLoadedEditorAssemblies (506ms)
			LogAssemblyErrors (0ms)
			InitializePlatformSupportModulesInManaged (46ms)
			SetLoadedEditorAssemblies (6ms)
			RefreshPlugins (0ms)
			BeforeProcessingInitializeOnLoad (83ms)
			ProcessInitializeOnLoadAttributes (329ms)
			ProcessInitializeOnLoadMethodAttributes (35ms)
			AfterProcessingInitializeOnLoad (7ms)
			EditorAssembliesLoaded (0ms)
		ExecutionOrderSort2 (0ms)
		AwakeInstancesAfterBackupRestoration (5ms)
Refreshing native plugins compatible for Editor in 1.20 ms, found 0 plugins.
Preloading 0 native plugins for Editor in 0.00 ms.
Unloading 3254 Unused Serialized files (Serialized files now loaded: 0)
Unloading 14 unused Assets / (28.7 KB). Loaded Objects now: 4096.
Memory consumption went from 134.9 MB to 134.9 MB.
Total: 6.667251 ms (FindLiveObjects: 0.364774 ms CreateObjectMapping: 0.420390 ms MarkObjects: 5.805283 ms  DeleteObjects: 0.075272 ms)

Prepare: number of updated asset objects reloaded= 0
AssetImportParameters requested are different than current active one (requested -> active):
  custom:container-demuxer-ogg: 62fdf1f143b41e24485cea50d1cbac27 -> 
  custom:scripting/monoscript/fileName/HandScript.cs: ab82d9b432b4ff3c2be587dcfc2ef88f -> f6d2d9607a041472806e778f6397f6ff
  custom:scripting/monoscript/fileName/GunScript.cs: 6a8d5652f919b70c5522b0348dc3dc24 -> adaec7589872e88b61019be0f1bdc549
  custom:video-decoder-ogg-theora: a1e56fd34408186e4bbccfd4996cb3dc -> 
  custom:scripting/monoscript/fileName/DoorScript.cs: 6b64305be1d8e8f7400dbe3b416e4f91 -> 
  custom:scripting/monoscript/fileName/BulletScript.cs: 13477a3b0c98cca55096ea1dcfe934dc -> d888d721bde78eacda1c314a50a2cf74
  custom:CustomObjectIndexerAttribute: 232f87dd983dbecb2a4e21e08eb2cef8 -> 
  custom:container-demuxer-webm: 4f35f7cbe854078d1ac9338744f61a02 -> 
  custom:scripting/monoscript/fileName/ClipScript.cs: d454b9a64ca33d8936f1fee1d0b94333 -> a47e0092d1d896ccc176e69669d3233d
  custom:container-muxer-webm: aa71ff27fc2769a1b78a27578f13a17b -> 
  custom:video-decoder-webm-vp8: 9c59270c3fd7afecdb556c50c9e8de78 -> 
  custom:scripting/monoscript/fileName/MovementScript.cs: 0602eb1700489a3ab9cb01ec15ee773a -> 9a1daee93d0a505568922467e5a5e2e0
  custom:SearchIndexIgnoredProperties: e643bd26f0fe6173181afceb89e7c659 -> 
  custom:AudioImporter_EditorPlatform: 2f0ff77a95e0ac474e3e8eeba4e2f7cb -> 
  custom:video-encoder-webm-vp8: eb34c28f22e8b96e1ab97ce403110664 -> 
  custom:audio-decoder-ogg-vorbis: bf7c407c2cedff20999df2af8eb42d56 -> 
  custom:scripting/monoscript/fileName/Item.cs: c2b7fc65fe255f985743270ca947d8ec -> edfd25bbe8f561e55c7415f9c3adacfe
  custom:audio-encoder-webm-vorbis: bf7c407c2cedff20999df2af8eb42d56 -> 
  custom:scripting/precompiled-assembly-types:Assembly-CSharp: 41f1ee419d251e6e11edcae3f7ceedd4 -> 14f21d8c89919019ed129879e7927412
========================================================================
Received Prepare
Caller must complete domain reload
Begin MonoManager ReloadAssembly
- Loaded All Assemblies, in  0.529 seconds
Native extension for LinuxStandalone target not found
Native extension for WindowsStandalone target not found
Mono: successfully reloaded assembly
- Finished resetting the current domain, in  1.064 seconds
Domain Reload Profiling: 1592ms
	BeginReloadAssembly (176ms)
		ExecutionOrderSort (0ms)
		DisableScriptedObjects (7ms)
		BackupInstance (0ms)
		ReleaseScriptingObjects (0ms)
		CreateAndSetChildDomain (53ms)
	RebuildCommonClasses (48ms)
	RebuildNativeTypeToScriptingClass (15ms)
	initialDomainReloadingComplete (41ms)
	LoadAllAssembliesAndSetupDomain (249ms)
		LoadAssemblies (297ms)
		RebuildTransferFunctionScriptingTraits (0ms)
		AnalyzeDomain (30ms)
			TypeCache.Refresh (10ms)
				TypeCache.ScanAssembly (0ms)
			ScanForSourceGeneratedMonoScriptInfo (11ms)
			ResolveRequiredComponents (7ms)
	FinalizeReload (1065ms)
		ReleaseScriptCaches (0ms)
		RebuildScriptCaches (0ms)
		SetupLoadedEditorAssemblies (625ms)
			LogAssemblyErrors (0ms)
			InitializePlatformSupportModulesInManaged (55ms)
			SetLoadedEditorAssemblies (7ms)
			RefreshPlugins (0ms)
			BeforeProcessingInitializeOnLoad (90ms)
			ProcessInitializeOnLoadAttributes (418ms)
			ProcessInitializeOnLoadMethodAttributes (46ms)
			AfterProcessingInitializeOnLoad (9ms)
			EditorAssembliesLoaded (0ms)
		ExecutionOrderSort2 (0ms)
		AwakeInstancesAfterBackupRestoration (8ms)
Refreshing native plugins compatible for Editor in 2.01 ms, found 0 plugins.
Preloading 0 native plugins for Editor in 0.00 ms.
Unloading 3254 Unused Serialized files (Serialized files now loaded: 0)
Unloading 14 unused Assets / (28.6 KB). Loaded Objects now: 4100.
Memory consumption went from 134.9 MB to 134.9 MB.
Total: 8.837248 ms (FindLiveObjects: 0.400312 ms CreateObjectMapping: 0.401118 ms MarkObjects: 7.841222 ms  DeleteObjects: 0.192087 ms)

Prepare: number of updated asset objects reloaded= 0
AssetImportParameters requested are different than current active one (requested -> active):
  custom:container-demuxer-ogg: 62fdf1f143b41e24485cea50d1cbac27 -> 
  custom:scripting/monoscript/fileName/HandScript.cs: ab82d9b432b4ff3c2be587dcfc2ef88f -> f6d2d9607a041472806e778f6397f6ff
  custom:scripting/monoscript/fileName/GunScript.cs: 6a8d5652f919b70c5522b0348dc3dc24 -> adaec7589872e88b61019be0f1bdc549
  custom:video-decoder-ogg-theora: a1e56fd34408186e4bbccfd4996cb3dc -> 
  custom:scripting/monoscript/fileName/DoorScript.cs: 6b64305be1d8e8f7400dbe3b416e4f91 -> 
  custom:scripting/monoscript/fileName/BulletScript.cs: 13477a3b0c98cca55096ea1dcfe934dc -> d888d721bde78eacda1c314a50a2cf74
  custom:CustomObjectIndexerAttribute: 232f87dd983dbecb2a4e21e08eb2cef8 -> 
  custom:container-demuxer-webm: 4f35f7cbe854078d1ac9338744f61a02 -> 
  custom:scripting/monoscript/fileName/ClipScript.cs: d454b9a64ca33d8936f1fee1d0b94333 -> a47e0092d1d896ccc176e69669d3233d
  custom:container-muxer-webm: aa71ff27fc2769a1b78a27578f13a17b -> 
  custom:video-decoder-webm-vp8: 9c59270c3fd7afecdb556c50c9e8de78 -> 
  custom:scripting/monoscript/fileName/MovementScript.cs: 0602eb1700489a3ab9cb01ec15ee773a -> 9a1daee93d0a505568922467e5a5e2e0
  custom:SearchIndexIgnoredProperties: e643bd26f0fe6173181afceb89e7c659 -> 
  custom:AudioImporter_EditorPlatform: 2f0ff77a95e0ac474e3e8eeba4e2f7cb -> 
  custom:video-encoder-webm-vp8: eb34c28f22e8b96e1ab97ce403110664 -> 
  custom:audio-decoder-ogg-vorbis: bf7c407c2cedff20999df2af8eb42d56 -> 
  custom:scripting/monoscript/fileName/Item.cs: c2b7fc65fe255f985743270ca947d8ec -> edfd25bbe8f561e55c7415f9c3adacfe
  custom:audio-encoder-webm-vorbis: bf7c407c2cedff20999df2af8eb42d56 -> 
  custom:scripting/precompiled-assembly-types:Assembly-CSharp: 41f1ee419d251e6e11edcae3f7ceedd4 -> 14f21d8c89919019ed129879e7927412
========================================================================
Received Prepare
Caller must complete domain reload
Begin MonoManager ReloadAssembly
- Loaded All Assemblies, in  0.487 seconds
Native extension for LinuxStandalone target not found
Native extension for WindowsStandalone target not found
Mono: successfully reloaded assembly
- Finished resetting the current domain, in  0.933 seconds
Domain Reload Profiling: 1420ms
	BeginReloadAssembly (158ms)
		ExecutionOrderSort (0ms)
		DisableScriptedObjects (8ms)
		BackupInstance (0ms)
		ReleaseScriptingObjects (0ms)
		CreateAndSetChildDomain (51ms)
	RebuildCommonClasses (46ms)
	RebuildNativeTypeToScriptingClass (15ms)
	initialDomainReloadingComplete (39ms)
	LoadAllAssembliesAndSetupDomain (228ms)
		LoadAssemblies (267ms)
		RebuildTransferFunctionScriptingTraits (0ms)
		AnalyzeDomain (26ms)
			TypeCache.Refresh (10ms)
				TypeCache.ScanAssembly (0ms)
			ScanForSourceGeneratedMonoScriptInfo (8ms)
			ResolveRequiredComponents (7ms)
	FinalizeReload (934ms)
		ReleaseScriptCaches (0ms)
		RebuildScriptCaches (0ms)
		SetupLoadedEditorAssemblies (535ms)
			LogAssemblyErrors (0ms)
			InitializePlatformSupportModulesInManaged (53ms)
			SetLoadedEditorAssemblies (6ms)
			RefreshPlugins (0ms)
			BeforeProcessingInitializeOnLoad (80ms)
			ProcessInitializeOnLoadAttributes (350ms)
			ProcessInitializeOnLoadMethodAttributes (37ms)
			AfterProcessingInitializeOnLoad (9ms)
			EditorAssembliesLoaded (0ms)
		ExecutionOrderSort2 (0ms)
		AwakeInstancesAfterBackupRestoration (7ms)
Refreshing native plugins compatible for Editor in 1.13 ms, found 0 plugins.
Preloading 0 native plugins for Editor in 0.00 ms.
Unloading 3254 Unused Serialized files (Serialized files now loaded: 0)
Unloading 14 unused Assets / (28.6 KB). Loaded Objects now: 4104.
Memory consumption went from 134.9 MB to 134.9 MB.
Total: 9.324520 ms (FindLiveObjects: 0.357321 ms CreateObjectMapping: 1.350569 ms MarkObjects: 7.544311 ms  DeleteObjects: 0.070304 ms)

Prepare: number of updated asset objects reloaded= 0
AssetImportParameters requested are different than current active one (requested -> active):
  custom:container-demuxer-ogg: 62fdf1f143b41e24485cea50d1cbac27 -> 
  custom:scripting/monoscript/fileName/HandScript.cs: ab82d9b432b4ff3c2be587dcfc2ef88f -> f6d2d9607a041472806e778f6397f6ff
  custom:scripting/monoscript/fileName/GunScript.cs: 6a8d5652f919b70c5522b0348dc3dc24 -> adaec7589872e88b61019be0f1bdc549
  custom:video-decoder-ogg-theora: a1e56fd34408186e4bbccfd4996cb3dc -> 
  custom:scripting/monoscript/fileName/DoorScript.cs: 6b64305be1d8e8f7400dbe3b416e4f91 -> 
  custom:scripting/monoscript/fileName/BulletScript.cs: 13477a3b0c98cca55096ea1dcfe934dc -> d888d721bde78eacda1c314a50a2cf74
  custom:CustomObjectIndexerAttribute: 232f87dd983dbecb2a4e21e08eb2cef8 -> 
  custom:container-demuxer-webm: 4f35f7cbe854078d1ac9338744f61a02 -> 
  custom:scripting/monoscript/fileName/ClipScript.cs: d454b9a64ca33d8936f1fee1d0b94333 -> a47e0092d1d896ccc176e69669d3233d
  custom:container-muxer-webm: aa71ff27fc2769a1b78a27578f13a17b -> 
  custom:video-decoder-webm-vp8: 9c59270c3fd7afecdb556c50c9e8de78 -> 
  custom:scripting/monoscript/fileName/MovementScript.cs: 0602eb1700489a3ab9cb01ec15ee773a -> 9a1daee93d0a505568922467e5a5e2e0
  custom:SearchIndexIgnoredProperties: e643bd26f0fe6173181afceb89e7c659 -> 
  custom:AudioImporter_EditorPlatform: 2f0ff77a95e0ac474e3e8eeba4e2f7cb -> 
  custom:video-encoder-webm-vp8: eb34c28f22e8b96e1ab97ce403110664 -> 
  custom:audio-decoder-ogg-vorbis: bf7c407c2cedff20999df2af8eb42d56 -> 
  custom:scripting/monoscript/fileName/Item.cs: c2b7fc65fe255f985743270ca947d8ec -> edfd25bbe8f561e55c7415f9c3adacfe
  custom:audio-encoder-webm-vorbis: bf7c407c2cedff20999df2af8eb42d56 -> 
  custom:scripting/precompiled-assembly-types:Assembly-CSharp: 41f1ee419d251e6e11edcae3f7ceedd4 -> 14f21d8c89919019ed129879e7927412
========================================================================
Received Prepare
Caller must complete domain reload
Begin MonoManager ReloadAssembly
- Loaded All Assemblies, in  0.487 seconds
Native extension for LinuxStandalone target not found
Native extension for WindowsStandalone target not found
Mono: successfully reloaded assembly
- Finished resetting the current domain, in  0.992 seconds
Domain Reload Profiling: 1479ms
	BeginReloadAssembly (160ms)
		ExecutionOrderSort (0ms)
		DisableScriptedObjects (7ms)
		BackupInstance (0ms)
		ReleaseScriptingObjects (0ms)
		CreateAndSetChildDomain (51ms)
	RebuildCommonClasses (44ms)
	RebuildNativeTypeToScriptingClass (13ms)
	initialDomainReloadingComplete (38ms)
	LoadAllAssembliesAndSetupDomain (231ms)
		LoadAssemblies (271ms)
		RebuildTransferFunctionScriptingTraits (0ms)
		AnalyzeDomain (28ms)
			TypeCache.Refresh (9ms)
				TypeCache.ScanAssembly (0ms)
			ScanForSourceGeneratedMonoScriptInfo (10ms)
			ResolveRequiredComponents (7ms)
	FinalizeReload (993ms)
		ReleaseScriptCaches (0ms)
		RebuildScriptCaches (0ms)
		SetupLoadedEditorAssemblies (583ms)
			LogAssemblyErrors (0ms)
			InitializePlatformSupportModulesInManaged (52ms)
			SetLoadedEditorAssemblies (6ms)
			RefreshPlugins (0ms)
			BeforeProcessingInitializeOnLoad (87ms)
			ProcessInitializeOnLoadAttributes (386ms)
			ProcessInitializeOnLoadMethodAttributes (43ms)
			AfterProcessingInitializeOnLoad (9ms)
			EditorAssembliesLoaded (0ms)
		ExecutionOrderSort2 (0ms)
		AwakeInstancesAfterBackupRestoration (8ms)
Refreshing native plugins compatible for Editor in 1.64 ms, found 0 plugins.
Preloading 0 native plugins for Editor in 0.00 ms.
Unloading 3254 Unused Serialized files (Serialized files now loaded: 0)
Unloading 14 unused Assets / (28.7 KB). Loaded Objects now: 4108.
Memory consumption went from 134.9 MB to 134.9 MB.
Total: 8.263252 ms (FindLiveObjects: 0.835116 ms CreateObjectMapping: 0.536085 ms MarkObjects: 6.817693 ms  DeleteObjects: 0.071107 ms)

Prepare: number of updated asset objects reloaded= 0
AssetImportParameters requested are different than current active one (requested -> active):
  custom:container-demuxer-ogg: 62fdf1f143b41e24485cea50d1cbac27 -> 
  custom:scripting/monoscript/fileName/HandScript.cs: ab82d9b432b4ff3c2be587dcfc2ef88f -> f6d2d9607a041472806e778f6397f6ff
  custom:scripting/monoscript/fileName/GunScript.cs: 6a8d5652f919b70c5522b0348dc3dc24 -> adaec7589872e88b61019be0f1bdc549
  custom:video-decoder-ogg-theora: a1e56fd34408186e4bbccfd4996cb3dc -> 
  custom:scripting/monoscript/fileName/DoorScript.cs: 6b64305be1d8e8f7400dbe3b416e4f91 -> 
  custom:scripting/monoscript/fileName/BulletScript.cs: 13477a3b0c98cca55096ea1dcfe934dc -> d888d721bde78eacda1c314a50a2cf74
  custom:CustomObjectIndexerAttribute: 232f87dd983dbecb2a4e21e08eb2cef8 -> 
  custom:container-demuxer-webm: 4f35f7cbe854078d1ac9338744f61a02 -> 
  custom:scripting/monoscript/fileName/ClipScript.cs: d454b9a64ca33d8936f1fee1d0b94333 -> a47e0092d1d896ccc176e69669d3233d
  custom:container-muxer-webm: aa71ff27fc2769a1b78a27578f13a17b -> 
  custom:video-decoder-webm-vp8: 9c59270c3fd7afecdb556c50c9e8de78 -> 
  custom:scripting/monoscript/fileName/MovementScript.cs: 0602eb1700489a3ab9cb01ec15ee773a -> 9a1daee93d0a505568922467e5a5e2e0
  custom:SearchIndexIgnoredProperties: e643bd26f0fe6173181afceb89e7c659 -> 
  custom:AudioImporter_EditorPlatform: 2f0ff77a95e0ac474e3e8eeba4e2f7cb -> 
  custom:video-encoder-webm-vp8: eb34c28f22e8b96e1ab97ce403110664 -> 
  custom:audio-decoder-ogg-vorbis: bf7c407c2cedff20999df2af8eb42d56 -> 
  custom:scripting/monoscript/fileName/Item.cs: c2b7fc65fe255f985743270ca947d8ec -> edfd25bbe8f561e55c7415f9c3adacfe
  custom:audio-encoder-webm-vorbis: bf7c407c2cedff20999df2af8eb42d56 -> 
  custom:scripting/precompiled-assembly-types:Assembly-CSharp: 41f1ee419d251e6e11edcae3f7ceedd4 -> 14f21d8c89919019ed129879e7927412
========================================================================
Received Prepare
Caller must complete domain reload
Begin MonoManager ReloadAssembly
- Loaded All Assemblies, in  0.586 seconds
Native extension for LinuxStandalone target not found
Native extension for WindowsStandalone target not found
Mono: successfully reloaded assembly
- Finished resetting the current domain, in  1.223 seconds
Domain Reload Profiling: 1809ms
	BeginReloadAssembly (196ms)
		ExecutionOrderSort (0ms)
		DisableScriptedObjects (7ms)
		BackupInstance (0ms)
		ReleaseScriptingObjects (0ms)
		CreateAndSetChildDomain (58ms)
	RebuildCommonClasses (61ms)
	RebuildNativeTypeToScriptingClass (15ms)
	initialDomainReloadingComplete (40ms)
	LoadAllAssembliesAndSetupDomain (273ms)
		LoadAssemblies (321ms)
		RebuildTransferFunctionScriptingTraits (0ms)
		AnalyzeDomain (46ms)
			TypeCache.Refresh (14ms)
				TypeCache.ScanAssembly (1ms)
			ScanForSourceGeneratedMonoScriptInfo (19ms)
			ResolveRequiredComponents (11ms)
	FinalizeReload (1223ms)
		ReleaseScriptCaches (0ms)
		RebuildScriptCaches (0ms)
		SetupLoadedEditorAssemblies (628ms)
			LogAssemblyErrors (0ms)
			InitializePlatformSupportModulesInManaged (50ms)
			SetLoadedEditorAssemblies (6ms)
			RefreshPlugins (0ms)
			BeforeProcessingInitializeOnLoad (90ms)
			ProcessInitializeOnLoadAttributes (432ms)
			ProcessInitializeOnLoadMethodAttributes (40ms)
			AfterProcessingInitializeOnLoad (10ms)
			EditorAssembliesLoaded (0ms)
		ExecutionOrderSort2 (0ms)
		AwakeInstancesAfterBackupRestoration (12ms)
Refreshing native plugins compatible for Editor in 1.19 ms, found 0 plugins.
Preloading 0 native plugins for Editor in 0.00 ms.
Unloading 3254 Unused Serialized files (Serialized files now loaded: 0)
Unloading 14 unused Assets / (28.6 KB). Loaded Objects now: 4112.
Memory consumption went from 134.9 MB to 134.9 MB.
Total: 6.281584 ms (FindLiveObjects: 0.521860 ms CreateObjectMapping: 1.495743 ms MarkObjects: 4.208418 ms  DeleteObjects: 0.053942 ms)

Prepare: number of updated asset objects reloaded= 0
AssetImportParameters requested are different than current active one (requested -> active):
  custom:container-demuxer-ogg: 62fdf1f143b41e24485cea50d1cbac27 -> 
  custom:scripting/monoscript/fileName/HandScript.cs: ab82d9b432b4ff3c2be587dcfc2ef88f -> f6d2d9607a041472806e778f6397f6ff
  custom:scripting/monoscript/fileName/GunScript.cs: 6a8d5652f919b70c5522b0348dc3dc24 -> adaec7589872e88b61019be0f1bdc549
  custom:video-decoder-ogg-theora: a1e56fd34408186e4bbccfd4996cb3dc -> 
  custom:scripting/monoscript/fileName/DoorScript.cs: 6b64305be1d8e8f7400dbe3b416e4f91 -> 
  custom:scripting/monoscript/fileName/BulletScript.cs: 13477a3b0c98cca55096ea1dcfe934dc -> d888d721bde78eacda1c314a50a2cf74
  custom:CustomObjectIndexerAttribute: 232f87dd983dbecb2a4e21e08eb2cef8 -> 
  custom:container-demuxer-webm: 4f35f7cbe854078d1ac9338744f61a02 -> 
  custom:scripting/monoscript/fileName/ClipScript.cs: d454b9a64ca33d8936f1fee1d0b94333 -> a47e0092d1d896ccc176e69669d3233d
  custom:container-muxer-webm: aa71ff27fc2769a1b78a27578f13a17b -> 
  custom:video-decoder-webm-vp8: 9c59270c3fd7afecdb556c50c9e8de78 -> 
  custom:scripting/monoscript/fileName/MovementScript.cs: 0602eb1700489a3ab9cb01ec15ee773a -> 9a1daee93d0a505568922467e5a5e2e0
  custom:SearchIndexIgnoredProperties: e643bd26f0fe6173181afceb89e7c659 -> 
  custom:AudioImporter_EditorPlatform: 2f0ff77a95e0ac474e3e8eeba4e2f7cb -> 
  custom:video-encoder-webm-vp8: eb34c28f22e8b96e1ab97ce403110664 -> 
  custom:audio-decoder-ogg-vorbis: bf7c407c2cedff20999df2af8eb42d56 -> 
  custom:scripting/monoscript/fileName/Item.cs: c2b7fc65fe255f985743270ca947d8ec -> edfd25bbe8f561e55c7415f9c3adacfe
  custom:audio-encoder-webm-vorbis: bf7c407c2cedff20999df2af8eb42d56 -> 
  custom:scripting/precompiled-assembly-types:Assembly-CSharp: 41f1ee419d251e6e11edcae3f7ceedd4 -> 14f21d8c89919019ed129879e7927412
========================================================================
Received Prepare
Caller must complete domain reload
Begin MonoManager ReloadAssembly
- Loaded All Assemblies, in  0.471 seconds
Native extension for LinuxStandalone target not found
Native extension for WindowsStandalone target not found
Mono: successfully reloaded assembly
- Finished resetting the current domain, in  0.879 seconds
Domain Reload Profiling: 1349ms
	BeginReloadAssembly (158ms)
		ExecutionOrderSort (0ms)
		DisableScriptedObjects (7ms)
		BackupInstance (0ms)
		ReleaseScriptingObjects (0ms)
		CreateAndSetChildDomain (48ms)
	RebuildCommonClasses (44ms)
	RebuildNativeTypeToScriptingClass (12ms)
	initialDomainReloadingComplete (38ms)
	LoadAllAssembliesAndSetupDomain (218ms)
		LoadAssemblies (263ms)
		RebuildTransferFunctionScriptingTraits (0ms)
		AnalyzeDomain (25ms)
			TypeCache.Refresh (9ms)
				TypeCache.ScanAssembly (0ms)
			ScanForSourceGeneratedMonoScriptInfo (9ms)
			ResolveRequiredComponents (6ms)
	FinalizeReload (879ms)
		ReleaseScriptCaches (0ms)
		RebuildScriptCaches (0ms)
		SetupLoadedEditorAssemblies (495ms)
			LogAssemblyErrors (0ms)
			InitializePlatformSupportModulesInManaged (45ms)
			SetLoadedEditorAssemblies (6ms)
			RefreshPlugins (0ms)
			BeforeProcessingInitializeOnLoad (80ms)
			ProcessInitializeOnLoadAttributes (321ms)
			ProcessInitializeOnLoadMethodAttributes (33ms)
			AfterProcessingInitializeOnLoad (9ms)
			EditorAssembliesLoaded (0ms)
		ExecutionOrderSort2 (0ms)
		AwakeInstancesAfterBackupRestoration (8ms)
Refreshing native plugins compatible for Editor in 1.91 ms, found 0 plugins.
Preloading 0 native plugins for Editor in 0.00 ms.
Unloading 3254 Unused Serialized files (Serialized files now loaded: 0)
Unloading 14 unused Assets / (28.7 KB). Loaded Objects now: 4116.
Memory consumption went from 134.9 MB to 134.9 MB.
Total: 5.099526 ms (FindLiveObjects: 0.499925 ms CreateObjectMapping: 0.468512 ms MarkObjects: 4.028418 ms  DeleteObjects: 0.101149 ms)

Prepare: number of updated asset objects reloaded= 0
AssetImportParameters requested are different than current active one (requested -> active):
  custom:container-demuxer-ogg: 62fdf1f143b41e24485cea50d1cbac27 -> 
  custom:scripting/monoscript/fileName/HandScript.cs: ab82d9b432b4ff3c2be587dcfc2ef88f -> f6d2d9607a041472806e778f6397f6ff
  custom:scripting/monoscript/fileName/GunScript.cs: 6a8d5652f919b70c5522b0348dc3dc24 -> adaec7589872e88b61019be0f1bdc549
  custom:video-decoder-ogg-theora: a1e56fd34408186e4bbccfd4996cb3dc -> 
  custom:scripting/monoscript/fileName/DoorScript.cs: 6b64305be1d8e8f7400dbe3b416e4f91 -> 
  custom:scripting/monoscript/fileName/BulletScript.cs: 13477a3b0c98cca55096ea1dcfe934dc -> d888d721bde78eacda1c314a50a2cf74
  custom:CustomObjectIndexerAttribute: 232f87dd983dbecb2a4e21e08eb2cef8 -> 
  custom:container-demuxer-webm: 4f35f7cbe854078d1ac9338744f61a02 -> 
  custom:scripting/monoscript/fileName/ClipScript.cs: d454b9a64ca33d8936f1fee1d0b94333 -> a47e0092d1d896ccc176e69669d3233d
  custom:container-muxer-webm: aa71ff27fc2769a1b78a27578f13a17b -> 
  custom:video-decoder-webm-vp8: 9c59270c3fd7afecdb556c50c9e8de78 -> 
  custom:scripting/monoscript/fileName/MovementScript.cs: 0602eb1700489a3ab9cb01ec15ee773a -> 9a1daee93d0a505568922467e5a5e2e0
  custom:SearchIndexIgnoredProperties: e643bd26f0fe6173181afceb89e7c659 -> 
  custom:AudioImporter_EditorPlatform: 2f0ff77a95e0ac474e3e8eeba4e2f7cb -> 
  custom:video-encoder-webm-vp8: eb34c28f22e8b96e1ab97ce403110664 -> 
  custom:audio-decoder-ogg-vorbis: bf7c407c2cedff20999df2af8eb42d56 -> 
  custom:scripting/monoscript/fileName/Item.cs: c2b7fc65fe255f985743270ca947d8ec -> edfd25bbe8f561e55c7415f9c3adacfe
  custom:audio-encoder-webm-vorbis: bf7c407c2cedff20999df2af8eb42d56 -> 
  custom:scripting/precompiled-assembly-types:Assembly-CSharp: 41f1ee419d251e6e11edcae3f7ceedd4 -> 14f21d8c89919019ed129879e7927412
========================================================================
Received Prepare
Caller must complete domain reload
Begin MonoManager ReloadAssembly
- Loaded All Assemblies, in  0.475 seconds
Native extension for LinuxStandalone target not found
Native extension for WindowsStandalone target not found
Mono: successfully reloaded assembly
- Finished resetting the current domain, in  0.881 seconds
Domain Reload Profiling: 1356ms
	BeginReloadAssembly (157ms)
		ExecutionOrderSort (0ms)
		DisableScriptedObjects (6ms)
		BackupInstance (0ms)
		ReleaseScriptingObjects (0ms)
		CreateAndSetChildDomain (51ms)
	RebuildCommonClasses (47ms)
	RebuildNativeTypeToScriptingClass (13ms)
	initialDomainReloadingComplete (38ms)
	LoadAllAssembliesAndSetupDomain (219ms)
		LoadAssemblies (258ms)
		RebuildTransferFunctionScriptingTraits (0ms)
		AnalyzeDomain (26ms)
			TypeCache.Refresh (9ms)
				TypeCache.ScanAssembly (0ms)
			ScanForSourceGeneratedMonoScriptInfo (9ms)
			ResolveRequiredComponents (6ms)
	FinalizeReload (882ms)
		ReleaseScriptCaches (0ms)
		RebuildScriptCaches (0ms)
		SetupLoadedEditorAssemblies (497ms)
			LogAssemblyErrors (0ms)
			InitializePlatformSupportModulesInManaged (48ms)
			SetLoadedEditorAssemblies (6ms)
			RefreshPlugins (0ms)
			BeforeProcessingInitializeOnLoad (77ms)
			ProcessInitializeOnLoadAttributes (317ms)
			ProcessInitializeOnLoadMethodAttributes (39ms)
			AfterProcessingInitializeOnLoad (10ms)
			EditorAssembliesLoaded (0ms)
		ExecutionOrderSort2 (0ms)
		AwakeInstancesAfterBackupRestoration (8ms)
Refreshing native plugins compatible for Editor in 1.09 ms, found 0 plugins.
Preloading 0 native plugins for Editor in 0.00 ms.
Unloading 3254 Unused Serialized files (Serialized files now loaded: 0)
Unloading 14 unused Assets / (28.7 KB). Loaded Objects now: 4120.
Memory consumption went from 134.9 MB to 134.9 MB.
Total: 4.089668 ms (FindLiveObjects: 0.403253 ms CreateObjectMapping: 0.305819 ms MarkObjects: 3.309789 ms  DeleteObjects: 0.068934 ms)

Prepare: number of updated asset objects reloaded= 0
AssetImportParameters requested are different than current active one (requested -> active):
  custom:container-demuxer-ogg: 62fdf1f143b41e24485cea50d1cbac27 -> 
  custom:scripting/monoscript/fileName/HandScript.cs: ab82d9b432b4ff3c2be587dcfc2ef88f -> f6d2d9607a041472806e778f6397f6ff
  custom:scripting/monoscript/fileName/GunScript.cs: 6a8d5652f919b70c5522b0348dc3dc24 -> adaec7589872e88b61019be0f1bdc549
  custom:video-decoder-ogg-theora: a1e56fd34408186e4bbccfd4996cb3dc -> 
  custom:scripting/monoscript/fileName/DoorScript.cs: 6b64305be1d8e8f7400dbe3b416e4f91 -> 
  custom:scripting/monoscript/fileName/BulletScript.cs: 13477a3b0c98cca55096ea1dcfe934dc -> d888d721bde78eacda1c314a50a2cf74
  custom:CustomObjectIndexerAttribute: 232f87dd983dbecb2a4e21e08eb2cef8 -> 
  custom:container-demuxer-webm: 4f35f7cbe854078d1ac9338744f61a02 -> 
  custom:scripting/monoscript/fileName/ClipScript.cs: d454b9a64ca33d8936f1fee1d0b94333 -> a47e0092d1d896ccc176e69669d3233d
  custom:container-muxer-webm: aa71ff27fc2769a1b78a27578f13a17b -> 
  custom:video-decoder-webm-vp8: 9c59270c3fd7afecdb556c50c9e8de78 -> 
  custom:scripting/monoscript/fileName/MovementScript.cs: 0602eb1700489a3ab9cb01ec15ee773a -> 9a1daee93d0a505568922467e5a5e2e0
  custom:SearchIndexIgnoredProperties: e643bd26f0fe6173181afceb89e7c659 -> 
  custom:AudioImporter_EditorPlatform: 2f0ff77a95e0ac474e3e8eeba4e2f7cb -> 
  custom:video-encoder-webm-vp8: eb34c28f22e8b96e1ab97ce403110664 -> 
  custom:audio-decoder-ogg-vorbis: bf7c407c2cedff20999df2af8eb42d56 -> 
  custom:scripting/monoscript/fileName/Item.cs: c2b7fc65fe255f985743270ca947d8ec -> edfd25bbe8f561e55c7415f9c3adacfe
  custom:audio-encoder-webm-vorbis: bf7c407c2cedff20999df2af8eb42d56 -> 
  custom:scripting/precompiled-assembly-types:Assembly-CSharp: 41f1ee419d251e6e11edcae3f7ceedd4 -> 14f21d8c89919019ed129879e7927412
========================================================================
Received Import Request.
  Time since last request: 686.974246 seconds.
  path: Assets/Prefabs/Penetrator Clip 1.prefab
  artifactKey: Guid(5b718901c6c86c483b0d1be0dbbb7882) Importer(815301076,1909f56bfc062723c751e8b465ee728b)
Start importing Assets/Prefabs/Penetrator Clip 1.prefab using Guid(5b718901c6c86c483b0d1be0dbbb7882) Importer(815301076,1909f56bfc062723c751e8b465ee728b) [PhysX] Initialized MultithreadedTaskDispatcher with 8 workers.
[PhysX] Initialized MultithreadedTaskDispatcher with 8 workers.
 -> (artifact id: '09f81f10ffb5e081ae6b6decb5881403') in 0.089906 seconds
Number of updated asset objects reloaded before import = 0
Number of asset objects unloaded after import = 15
========================================================================
Received Prepare
Caller must complete domain reload
Begin MonoManager ReloadAssembly
- Loaded All Assemblies, in  0.461 seconds
Native extension for LinuxStandalone target not found
Native extension for WindowsStandalone target not found
Mono: successfully reloaded assembly
- Finished resetting the current domain, in  0.964 seconds
Domain Reload Profiling: 1425ms
	BeginReloadAssembly (152ms)
		ExecutionOrderSort (0ms)
		DisableScriptedObjects (6ms)
		BackupInstance (0ms)
		ReleaseScriptingObjects (0ms)
		CreateAndSetChildDomain (52ms)
	RebuildCommonClasses (42ms)
	RebuildNativeTypeToScriptingClass (15ms)
	initialDomainReloadingComplete (37ms)
	LoadAllAssembliesAndSetupDomain (215ms)
		LoadAssemblies (252ms)
		RebuildTransferFunctionScriptingTraits (0ms)
		AnalyzeDomain (26ms)
			TypeCache.Refresh (9ms)
				TypeCache.ScanAssembly (0ms)
			ScanForSourceGeneratedMonoScriptInfo (9ms)
			ResolveRequiredComponents (6ms)
	FinalizeReload (965ms)
		ReleaseScriptCaches (0ms)
		RebuildScriptCaches (0ms)
		SetupLoadedEditorAssemblies (581ms)
			LogAssemblyErrors (0ms)
			InitializePlatformSupportModulesInManaged (46ms)
			SetLoadedEditorAssemblies (7ms)
			RefreshPlugins (0ms)
			BeforeProcessingInitializeOnLoad (100ms)
			ProcessInitializeOnLoadAttributes (383ms)
			ProcessInitializeOnLoadMethodAttributes (38ms)
			AfterProcessingInitializeOnLoad (8ms)
			EditorAssembliesLoaded (0ms)
		ExecutionOrderSort2 (0ms)
		AwakeInstancesAfterBackupRestoration (5ms)
Refreshing native plugins compatible for Editor in 1.16 ms, found 0 plugins.
Preloading 0 native plugins for Editor in 0.00 ms.
Unloading 3253 Unused Serialized files (Serialized files now loaded: 0)
Unloading 14 unused Assets / (28.7 KB). Loaded Objects now: 4124.
Memory consumption went from 134.7 MB to 134.6 MB.
Total: 5.748382 ms (FindLiveObjects: 0.314474 ms CreateObjectMapping: 0.220740 ms MarkObjects: 5.147991 ms  DeleteObjects: 0.063767 ms)

Prepare: number of updated asset objects reloaded= 0
AssetImportParameters requested are different than current active one (requested -> active):
  custom:container-demuxer-ogg: 62fdf1f143b41e24485cea50d1cbac27 -> 
  custom:scripting/monoscript/fileName/HandScript.cs: ab82d9b432b4ff3c2be587dcfc2ef88f -> f6d2d9607a041472806e778f6397f6ff
  custom:scripting/monoscript/fileName/GunScript.cs: 6a8d5652f919b70c5522b0348dc3dc24 -> adaec7589872e88b61019be0f1bdc549
  custom:video-decoder-ogg-theora: a1e56fd34408186e4bbccfd4996cb3dc -> 
  custom:scripting/monoscript/fileName/DoorScript.cs: 6b64305be1d8e8f7400dbe3b416e4f91 -> 
  custom:scripting/monoscript/fileName/BulletScript.cs: 13477a3b0c98cca55096ea1dcfe934dc -> d888d721bde78eacda1c314a50a2cf74
  custom:CustomObjectIndexerAttribute: 232f87dd983dbecb2a4e21e08eb2cef8 -> 
  custom:container-demuxer-webm: 4f35f7cbe854078d1ac9338744f61a02 -> 
  custom:scripting/monoscript/fileName/ClipScript.cs: d454b9a64ca33d8936f1fee1d0b94333 -> a47e0092d1d896ccc176e69669d3233d
  custom:container-muxer-webm: aa71ff27fc2769a1b78a27578f13a17b -> 
  custom:video-decoder-webm-vp8: 9c59270c3fd7afecdb556c50c9e8de78 -> 
  custom:scripting/monoscript/fileName/MovementScript.cs: 0602eb1700489a3ab9cb01ec15ee773a -> 9a1daee93d0a505568922467e5a5e2e0
  custom:SearchIndexIgnoredProperties: e643bd26f0fe6173181afceb89e7c659 -> 
  custom:AudioImporter_EditorPlatform: 2f0ff77a95e0ac474e3e8eeba4e2f7cb -> 
  custom:video-encoder-webm-vp8: eb34c28f22e8b96e1ab97ce403110664 -> 
  custom:audio-decoder-ogg-vorbis: bf7c407c2cedff20999df2af8eb42d56 -> 
  custom:scripting/monoscript/fileName/Item.cs: c2b7fc65fe255f985743270ca947d8ec -> edfd25bbe8f561e55c7415f9c3adacfe
  custom:audio-encoder-webm-vorbis: bf7c407c2cedff20999df2af8eb42d56 -> 
  custom:scripting/precompiled-assembly-types:Assembly-CSharp: 41f1ee419d251e6e11edcae3f7ceedd4 -> 14f21d8c89919019ed129879e7927412
========================================================================
Received Prepare
Caller must complete domain reload
Begin MonoManager ReloadAssembly
- Loaded All Assemblies, in  0.515 seconds
Native extension for LinuxStandalone target not found
Native extension for WindowsStandalone target not found
Mono: successfully reloaded assembly
- Finished resetting the current domain, in  1.015 seconds
Domain Reload Profiling: 1530ms
	BeginReloadAssembly (167ms)
		ExecutionOrderSort (0ms)
		DisableScriptedObjects (7ms)
		BackupInstance (0ms)
		ReleaseScriptingObjects (0ms)
		CreateAndSetChildDomain (60ms)
	RebuildCommonClasses (43ms)
	RebuildNativeTypeToScriptingClass (13ms)
	initialDomainReloadingComplete (41ms)
	LoadAllAssembliesAndSetupDomain (249ms)
		LoadAssemblies (281ms)
		RebuildTransferFunctionScriptingTraits (0ms)
		AnalyzeDomain (33ms)
			TypeCache.Refresh (12ms)
				TypeCache.ScanAssembly (0ms)
			ScanForSourceGeneratedMonoScriptInfo (12ms)
			ResolveRequiredComponents (8ms)
	FinalizeReload (1016ms)
		ReleaseScriptCaches (0ms)
		RebuildScriptCaches (0ms)
		SetupLoadedEditorAssemblies (558ms)
			LogAssemblyErrors (0ms)
			InitializePlatformSupportModulesInManaged (56ms)
			SetLoadedEditorAssemblies (8ms)
			RefreshPlugins (0ms)
			BeforeProcessingInitializeOnLoad (105ms)
			ProcessInitializeOnLoadAttributes (351ms)
			ProcessInitializeOnLoadMethodAttributes (31ms)
			AfterProcessingInitializeOnLoad (7ms)
			EditorAssembliesLoaded (0ms)
		ExecutionOrderSort2 (0ms)
		AwakeInstancesAfterBackupRestoration (6ms)
Refreshing native plugins compatible for Editor in 1.07 ms, found 0 plugins.
Preloading 0 native plugins for Editor in 0.00 ms.
Unloading 3254 Unused Serialized files (Serialized files now loaded: 0)
Unloading 14 unused Assets / (28.6 KB). Loaded Objects now: 4128.
Memory consumption went from 134.9 MB to 134.9 MB.
Total: 4.302360 ms (FindLiveObjects: 0.312589 ms CreateObjectMapping: 0.287741 ms MarkObjects: 3.642053 ms  DeleteObjects: 0.058433 ms)

Prepare: number of updated asset objects reloaded= 0
AssetImportParameters requested are different than current active one (requested -> active):
  custom:container-demuxer-ogg: 62fdf1f143b41e24485cea50d1cbac27 -> 
  custom:scripting/monoscript/fileName/HandScript.cs: ab82d9b432b4ff3c2be587dcfc2ef88f -> f6d2d9607a041472806e778f6397f6ff
  custom:scripting/monoscript/fileName/GunScript.cs: 6a8d5652f919b70c5522b0348dc3dc24 -> adaec7589872e88b61019be0f1bdc549
  custom:video-decoder-ogg-theora: a1e56fd34408186e4bbccfd4996cb3dc -> 
  custom:scripting/monoscript/fileName/DoorScript.cs: 6b64305be1d8e8f7400dbe3b416e4f91 -> 
  custom:scripting/monoscript/fileName/BulletScript.cs: 13477a3b0c98cca55096ea1dcfe934dc -> d888d721bde78eacda1c314a50a2cf74
  custom:CustomObjectIndexerAttribute: 232f87dd983dbecb2a4e21e08eb2cef8 -> 
  custom:container-demuxer-webm: 4f35f7cbe854078d1ac9338744f61a02 -> 
  custom:scripting/monoscript/fileName/ClipScript.cs: d454b9a64ca33d8936f1fee1d0b94333 -> a47e0092d1d896ccc176e69669d3233d
  custom:container-muxer-webm: aa71ff27fc2769a1b78a27578f13a17b -> 
  custom:video-decoder-webm-vp8: 9c59270c3fd7afecdb556c50c9e8de78 -> 
  custom:scripting/monoscript/fileName/MovementScript.cs: 0602eb1700489a3ab9cb01ec15ee773a -> 9a1daee93d0a505568922467e5a5e2e0
  custom:SearchIndexIgnoredProperties: e643bd26f0fe6173181afceb89e7c659 -> 
  custom:AudioImporter_EditorPlatform: 2f0ff77a95e0ac474e3e8eeba4e2f7cb -> 
  custom:video-encoder-webm-vp8: eb34c28f22e8b96e1ab97ce403110664 -> 
  custom:audio-decoder-ogg-vorbis: bf7c407c2cedff20999df2af8eb42d56 -> 
  custom:scripting/monoscript/fileName/Item.cs: c2b7fc65fe255f985743270ca947d8ec -> edfd25bbe8f561e55c7415f9c3adacfe
  custom:audio-encoder-webm-vorbis: bf7c407c2cedff20999df2af8eb42d56 -> 
  custom:scripting/precompiled-assembly-types:Assembly-CSharp: 41f1ee419d251e6e11edcae3f7ceedd4 -> 14f21d8c89919019ed129879e7927412
========================================================================
Received Prepare
Caller must complete domain reload
Begin MonoManager ReloadAssembly
- Loaded All Assemblies, in  0.488 seconds
Native extension for LinuxStandalone target not found
Native extension for WindowsStandalone target not found
Mono: successfully reloaded assembly
- Finished resetting the current domain, in  1.153 seconds
Domain Reload Profiling: 1642ms
	BeginReloadAssembly (158ms)
		ExecutionOrderSort (0ms)
		DisableScriptedObjects (6ms)
		BackupInstance (0ms)
		ReleaseScriptingObjects (0ms)
		CreateAndSetChildDomain (52ms)
	RebuildCommonClasses (48ms)
	RebuildNativeTypeToScriptingClass (13ms)
	initialDomainReloadingComplete (38ms)
	LoadAllAssembliesAndSetupDomain (229ms)
		LoadAssemblies (266ms)
		RebuildTransferFunctionScriptingTraits (0ms)
		AnalyzeDomain (30ms)
			TypeCache.Refresh (10ms)
				TypeCache.ScanAssembly (0ms)
			ScanForSourceGeneratedMonoScriptInfo (11ms)
			ResolveRequiredComponents (8ms)
	FinalizeReload (1155ms)
		ReleaseScriptCaches (0ms)
		RebuildScriptCaches (0ms)
		SetupLoadedEditorAssemblies (693ms)
			LogAssemblyErrors (0ms)
			InitializePlatformSupportModulesInManaged (62ms)
			SetLoadedEditorAssemblies (9ms)
			RefreshPlugins (0ms)
			BeforeProcessingInitializeOnLoad (104ms)
			ProcessInitializeOnLoadAttributes (466ms)
			ProcessInitializeOnLoadMethodAttributes (44ms)
			AfterProcessingInitializeOnLoad (9ms)
			EditorAssembliesLoaded (0ms)
		ExecutionOrderSort2 (0ms)
		AwakeInstancesAfterBackupRestoration (7ms)
Refreshing native plugins compatible for Editor in 1.18 ms, found 0 plugins.
Preloading 0 native plugins for Editor in 0.00 ms.
Unloading 3254 Unused Serialized files (Serialized files now loaded: 0)
Unloading 14 unused Assets / (28.7 KB). Loaded Objects now: 4132.
Memory consumption went from 134.9 MB to 134.9 MB.
Total: 5.745255 ms (FindLiveObjects: 0.317942 ms CreateObjectMapping: 0.261980 ms MarkObjects: 5.077754 ms  DeleteObjects: 0.085470 ms)

Prepare: number of updated asset objects reloaded= 0
AssetImportParameters requested are different than current active one (requested -> active):
  custom:container-demuxer-ogg: 62fdf1f143b41e24485cea50d1cbac27 -> 
  custom:scripting/monoscript/fileName/HandScript.cs: ab82d9b432b4ff3c2be587dcfc2ef88f -> f6d2d9607a041472806e778f6397f6ff
  custom:scripting/monoscript/fileName/GunScript.cs: 6a8d5652f919b70c5522b0348dc3dc24 -> adaec7589872e88b61019be0f1bdc549
  custom:video-decoder-ogg-theora: a1e56fd34408186e4bbccfd4996cb3dc -> 
  custom:scripting/monoscript/fileName/DoorScript.cs: 6b64305be1d8e8f7400dbe3b416e4f91 -> 
  custom:scripting/monoscript/fileName/BulletScript.cs: 13477a3b0c98cca55096ea1dcfe934dc -> d888d721bde78eacda1c314a50a2cf74
  custom:CustomObjectIndexerAttribute: 232f87dd983dbecb2a4e21e08eb2cef8 -> 
  custom:container-demuxer-webm: 4f35f7cbe854078d1ac9338744f61a02 -> 
  custom:scripting/monoscript/fileName/ClipScript.cs: d454b9a64ca33d8936f1fee1d0b94333 -> a47e0092d1d896ccc176e69669d3233d
  custom:container-muxer-webm: aa71ff27fc2769a1b78a27578f13a17b -> 
  custom:video-decoder-webm-vp8: 9c59270c3fd7afecdb556c50c9e8de78 -> 
  custom:scripting/monoscript/fileName/MovementScript.cs: 0602eb1700489a3ab9cb01ec15ee773a -> 9a1daee93d0a505568922467e5a5e2e0
  custom:SearchIndexIgnoredProperties: e643bd26f0fe6173181afceb89e7c659 -> 
  custom:AudioImporter_EditorPlatform: 2f0ff77a95e0ac474e3e8eeba4e2f7cb -> 
  custom:video-encoder-webm-vp8: eb34c28f22e8b96e1ab97ce403110664 -> 
  custom:audio-decoder-ogg-vorbis: bf7c407c2cedff20999df2af8eb42d56 -> 
  custom:scripting/monoscript/fileName/Item.cs: c2b7fc65fe255f985743270ca947d8ec -> edfd25bbe8f561e55c7415f9c3adacfe
  custom:audio-encoder-webm-vorbis: bf7c407c2cedff20999df2af8eb42d56 -> 
  custom:scripting/precompiled-assembly-types:Assembly-CSharp: 41f1ee419d251e6e11edcae3f7ceedd4 -> 14f21d8c89919019ed129879e7927412
========================================================================
Received Import Request.
  Time since last request: 363.430995 seconds.
  path: Assets/Prefabs/Penetrator Clip 1.prefab
  artifactKey: Guid(5b718901c6c86c483b0d1be0dbbb7882) Importer(815301076,1909f56bfc062723c751e8b465ee728b)
Start importing Assets/Prefabs/Penetrator Clip 1.prefab using Guid(5b718901c6c86c483b0d1be0dbbb7882) Importer(815301076,1909f56bfc062723c751e8b465ee728b) [PhysX] Initialized MultithreadedTaskDispatcher with 8 workers.
[PhysX] Initialized MultithreadedTaskDispatcher with 8 workers.
 -> (artifact id: 'c898e258fbd93ea28fc0de4baa91d209') in 0.114001 seconds
Number of updated asset objects reloaded before import = 0
Number of asset objects unloaded after import = 16
========================================================================
Received Import Request.
  Time since last request: 11.733885 seconds.
  path: Assets/Prefabs/Penetrator Clip.prefab
  artifactKey: Guid(f65e2478a3478cf6f89b6468f7b7bd7b) Importer(815301076,1909f56bfc062723c751e8b465ee728b)
Start importing Assets/Prefabs/Penetrator Clip.prefab using Guid(f65e2478a3478cf6f89b6468f7b7bd7b) Importer(815301076,1909f56bfc062723c751e8b465ee728b) [PhysX] Initialized MultithreadedTaskDispatcher with 8 workers.
[PhysX] Initialized MultithreadedTaskDispatcher with 8 workers.
 -> (artifact id: '033a3cd55f7fa26155aa5c420f1a5130') in 0.015652 seconds
Number of updated asset objects reloaded before import = 0
Number of asset objects unloaded after import = 48
========================================================================
Received Import Request.
  Time since last request: 2.671476 seconds.
  path: Assets/Prefabs/Penetrator Clip.prefab
  artifactKey: Guid(f65e2478a3478cf6f89b6468f7b7bd7b) Importer(815301076,1909f56bfc062723c751e8b465ee728b)
Start importing Assets/Prefabs/Penetrator Clip.prefab using Guid(f65e2478a3478cf6f89b6468f7b7bd7b) Importer(815301076,1909f56bfc062723c751e8b465ee728b) [PhysX] Initialized MultithreadedTaskDispatcher with 8 workers.
[PhysX] Initialized MultithreadedTaskDispatcher with 8 workers.
 -> (artifact id: '3a79ef00845a38716af751af307c1ff7') in 0.012736 seconds
Number of updated asset objects reloaded before import = 0
Number of asset objects unloaded after import = 48
========================================================================
Received Prepare
Caller must complete domain reload
Begin MonoManager ReloadAssembly
- Loaded All Assemblies, in  0.502 seconds
Native extension for LinuxStandalone target not found
Native extension for WindowsStandalone target not found
Mono: successfully reloaded assembly
- Finished resetting the current domain, in  1.046 seconds
Domain Reload Profiling: 1548ms
	BeginReloadAssembly (163ms)
		ExecutionOrderSort (0ms)
		DisableScriptedObjects (5ms)
		BackupInstance (0ms)
		ReleaseScriptingObjects (0ms)
		CreateAndSetChildDomain (59ms)
	RebuildCommonClasses (50ms)
	RebuildNativeTypeToScriptingClass (13ms)
	initialDomainReloadingComplete (40ms)
	LoadAllAssembliesAndSetupDomain (235ms)
		LoadAssemblies (270ms)
		RebuildTransferFunctionScriptingTraits (0ms)
		AnalyzeDomain (31ms)
			TypeCache.Refresh (12ms)
				TypeCache.ScanAssembly (0ms)
			ScanForSourceGeneratedMonoScriptInfo (11ms)
			ResolveRequiredComponents (7ms)
	FinalizeReload (1047ms)
		ReleaseScriptCaches (0ms)
		RebuildScriptCaches (0ms)
		SetupLoadedEditorAssemblies (579ms)
			LogAssemblyErrors (0ms)
			InitializePlatformSupportModulesInManaged (48ms)
			SetLoadedEditorAssemblies (6ms)
			RefreshPlugins (0ms)
			BeforeProcessingInitializeOnLoad (93ms)
			ProcessInitializeOnLoadAttributes (392ms)
			ProcessInitializeOnLoadMethodAttributes (33ms)
			AfterProcessingInitializeOnLoad (7ms)
			EditorAssembliesLoaded (0ms)
		ExecutionOrderSort2 (0ms)
		AwakeInstancesAfterBackupRestoration (5ms)
Refreshing native plugins compatible for Editor in 1.11 ms, found 0 plugins.
Preloading 0 native plugins for Editor in 0.00 ms.
Unloading 3253 Unused Serialized files (Serialized files now loaded: 0)
Unloading 14 unused Assets / (28.7 KB). Loaded Objects now: 4136.
Memory consumption went from 134.7 MB to 134.6 MB.
Total: 4.070123 ms (FindLiveObjects: 0.364733 ms CreateObjectMapping: 0.306109 ms MarkObjects: 3.334343 ms  DeleteObjects: 0.063730 ms)

Prepare: number of updated asset objects reloaded= 0
AssetImportParameters requested are different than current active one (requested -> active):
  custom:container-demuxer-ogg: 62fdf1f143b41e24485cea50d1cbac27 -> 
  custom:scripting/monoscript/fileName/HandScript.cs: ab82d9b432b4ff3c2be587dcfc2ef88f -> f6d2d9607a041472806e778f6397f6ff
  custom:scripting/monoscript/fileName/GunScript.cs: 6a8d5652f919b70c5522b0348dc3dc24 -> adaec7589872e88b61019be0f1bdc549
  custom:video-decoder-ogg-theora: a1e56fd34408186e4bbccfd4996cb3dc -> 
  custom:scripting/monoscript/fileName/DoorScript.cs: 6b64305be1d8e8f7400dbe3b416e4f91 -> 
  custom:scripting/monoscript/fileName/BulletScript.cs: 13477a3b0c98cca55096ea1dcfe934dc -> d888d721bde78eacda1c314a50a2cf74
  custom:CustomObjectIndexerAttribute: 232f87dd983dbecb2a4e21e08eb2cef8 -> 
  custom:container-demuxer-webm: 4f35f7cbe854078d1ac9338744f61a02 -> 
  custom:scripting/monoscript/fileName/ClipScript.cs: d454b9a64ca33d8936f1fee1d0b94333 -> a47e0092d1d896ccc176e69669d3233d
  custom:container-muxer-webm: aa71ff27fc2769a1b78a27578f13a17b -> 
  custom:video-decoder-webm-vp8: 9c59270c3fd7afecdb556c50c9e8de78 -> 
  custom:scripting/monoscript/fileName/MovementScript.cs: 0602eb1700489a3ab9cb01ec15ee773a -> 9a1daee93d0a505568922467e5a5e2e0
  custom:SearchIndexIgnoredProperties: e643bd26f0fe6173181afceb89e7c659 -> 
  custom:AudioImporter_EditorPlatform: 2f0ff77a95e0ac474e3e8eeba4e2f7cb -> 
  custom:video-encoder-webm-vp8: eb34c28f22e8b96e1ab97ce403110664 -> 
  custom:audio-decoder-ogg-vorbis: bf7c407c2cedff20999df2af8eb42d56 -> 
  custom:scripting/monoscript/fileName/Item.cs: c2b7fc65fe255f985743270ca947d8ec -> edfd25bbe8f561e55c7415f9c3adacfe
  custom:audio-encoder-webm-vorbis: bf7c407c2cedff20999df2af8eb42d56 -> 
  custom:scripting/precompiled-assembly-types:Assembly-CSharp: 41f1ee419d251e6e11edcae3f7ceedd4 -> 14f21d8c89919019ed129879e7927412
========================================================================
Received Prepare
Caller must complete domain reload
Begin MonoManager ReloadAssembly
- Loaded All Assemblies, in  0.492 seconds
Native extension for LinuxStandalone target not found
Native extension for WindowsStandalone target not found
Mono: successfully reloaded assembly
- Finished resetting the current domain, in  1.078 seconds
Domain Reload Profiling: 1571ms
	BeginReloadAssembly (156ms)
		ExecutionOrderSort (0ms)
		DisableScriptedObjects (7ms)
		BackupInstance (0ms)
		ReleaseScriptingObjects (0ms)
		CreateAndSetChildDomain (52ms)
	RebuildCommonClasses (53ms)
	RebuildNativeTypeToScriptingClass (14ms)
	initialDomainReloadingComplete (39ms)
	LoadAllAssembliesAndSetupDomain (229ms)
		LoadAssemblies (267ms)
		RebuildTransferFunctionScriptingTraits (0ms)
		AnalyzeDomain (26ms)
			TypeCache.Refresh (9ms)
				TypeCache.ScanAssembly (0ms)
			ScanForSourceGeneratedMonoScriptInfo (9ms)
			ResolveRequiredComponents (7ms)
	FinalizeReload (1080ms)
		ReleaseScriptCaches (0ms)
		RebuildScriptCaches (0ms)
		SetupLoadedEditorAssemblies (668ms)
			LogAssemblyErrors (0ms)
			InitializePlatformSupportModulesInManaged (64ms)
			SetLoadedEditorAssemblies (8ms)
			RefreshPlugins (0ms)
			BeforeProcessingInitializeOnLoad (98ms)
			ProcessInitializeOnLoadAttributes (441ms)
			ProcessInitializeOnLoadMethodAttributes (48ms)
			AfterProcessingInitializeOnLoad (9ms)
			EditorAssembliesLoaded (0ms)
		ExecutionOrderSort2 (0ms)
		AwakeInstancesAfterBackupRestoration (8ms)
Refreshing native plugins compatible for Editor in 1.39 ms, found 0 plugins.
Preloading 0 native plugins for Editor in 0.00 ms.
Unloading 3254 Unused Serialized files (Serialized files now loaded: 0)
Unloading 14 unused Assets / (28.6 KB). Loaded Objects now: 4140.
Memory consumption went from 134.9 MB to 134.9 MB.
Total: 6.492902 ms (FindLiveObjects: 0.385282 ms CreateObjectMapping: 0.340229 ms MarkObjects: 5.685039 ms  DeleteObjects: 0.080568 ms)

Prepare: number of updated asset objects reloaded= 0
AssetImportParameters requested are different than current active one (requested -> active):
  custom:container-demuxer-ogg: 62fdf1f143b41e24485cea50d1cbac27 -> 
  custom:scripting/monoscript/fileName/HandScript.cs: ab82d9b432b4ff3c2be587dcfc2ef88f -> f6d2d9607a041472806e778f6397f6ff
  custom:scripting/monoscript/fileName/GunScript.cs: 6a8d5652f919b70c5522b0348dc3dc24 -> adaec7589872e88b61019be0f1bdc549
  custom:video-decoder-ogg-theora: a1e56fd34408186e4bbccfd4996cb3dc -> 
  custom:scripting/monoscript/fileName/DoorScript.cs: 6b64305be1d8e8f7400dbe3b416e4f91 -> 
  custom:scripting/monoscript/fileName/BulletScript.cs: 13477a3b0c98cca55096ea1dcfe934dc -> d888d721bde78eacda1c314a50a2cf74
  custom:CustomObjectIndexerAttribute: 232f87dd983dbecb2a4e21e08eb2cef8 -> 
  custom:container-demuxer-webm: 4f35f7cbe854078d1ac9338744f61a02 -> 
  custom:scripting/monoscript/fileName/ClipScript.cs: d454b9a64ca33d8936f1fee1d0b94333 -> a47e0092d1d896ccc176e69669d3233d
  custom:container-muxer-webm: aa71ff27fc2769a1b78a27578f13a17b -> 
  custom:video-decoder-webm-vp8: 9c59270c3fd7afecdb556c50c9e8de78 -> 
  custom:scripting/monoscript/fileName/MovementScript.cs: 0602eb1700489a3ab9cb01ec15ee773a -> 9a1daee93d0a505568922467e5a5e2e0
  custom:SearchIndexIgnoredProperties: e643bd26f0fe6173181afceb89e7c659 -> 
  custom:AudioImporter_EditorPlatform: 2f0ff77a95e0ac474e3e8eeba4e2f7cb -> 
  custom:video-encoder-webm-vp8: eb34c28f22e8b96e1ab97ce403110664 -> 
  custom:audio-decoder-ogg-vorbis: bf7c407c2cedff20999df2af8eb42d56 -> 
  custom:scripting/monoscript/fileName/Item.cs: c2b7fc65fe255f985743270ca947d8ec -> edfd25bbe8f561e55c7415f9c3adacfe
  custom:audio-encoder-webm-vorbis: bf7c407c2cedff20999df2af8eb42d56 -> 
  custom:scripting/precompiled-assembly-types:Assembly-CSharp: 41f1ee419d251e6e11edcae3f7ceedd4 -> 14f21d8c89919019ed129879e7927412
========================================================================
Received Prepare
Caller must complete domain reload
Begin MonoManager ReloadAssembly
- Loaded All Assemblies, in  0.474 seconds
Native extension for LinuxStandalone target not found
Native extension for WindowsStandalone target not found
Mono: successfully reloaded assembly
- Finished resetting the current domain, in  0.950 seconds
Domain Reload Profiling: 1423ms
	BeginReloadAssembly (156ms)
		ExecutionOrderSort (0ms)
		DisableScriptedObjects (6ms)
		BackupInstance (0ms)
		ReleaseScriptingObjects (0ms)
		CreateAndSetChildDomain (54ms)
	RebuildCommonClasses (45ms)
	RebuildNativeTypeToScriptingClass (13ms)
	initialDomainReloadingComplete (38ms)
	LoadAllAssembliesAndSetupDomain (220ms)
		LoadAssemblies (258ms)
		RebuildTransferFunctionScriptingTraits (0ms)
		AnalyzeDomain (25ms)
			TypeCache.Refresh (9ms)
				TypeCache.ScanAssembly (0ms)
			ScanForSourceGeneratedMonoScriptInfo (9ms)
			ResolveRequiredComponents (6ms)
	FinalizeReload (950ms)
		ReleaseScriptCaches (0ms)
		RebuildScriptCaches (0ms)
		SetupLoadedEditorAssemblies (540ms)
			LogAssemblyErrors (0ms)
			InitializePlatformSupportModulesInManaged (50ms)
			SetLoadedEditorAssemblies (6ms)
			RefreshPlugins (0ms)
			BeforeProcessingInitializeOnLoad (82ms)
			ProcessInitializeOnLoadAttributes (354ms)
			ProcessInitializeOnLoadMethodAttributes (38ms)
			AfterProcessingInitializeOnLoad (10ms)
			EditorAssembliesLoaded (0ms)
		ExecutionOrderSort2 (0ms)
		AwakeInstancesAfterBackupRestoration (9ms)
Refreshing native plugins compatible for Editor in 1.66 ms, found 0 plugins.
Preloading 0 native plugins for Editor in 0.00 ms.
Unloading 3254 Unused Serialized files (Serialized files now loaded: 0)
Unloading 14 unused Assets / (28.7 KB). Loaded Objects now: 4144.
Memory consumption went from 134.9 MB to 134.9 MB.
Total: 3.927531 ms (FindLiveObjects: 0.379827 ms CreateObjectMapping: 0.264500 ms MarkObjects: 3.221570 ms  DeleteObjects: 0.060460 ms)

Prepare: number of updated asset objects reloaded= 0
AssetImportParameters requested are different than current active one (requested -> active):
  custom:container-demuxer-ogg: 62fdf1f143b41e24485cea50d1cbac27 -> 
  custom:scripting/monoscript/fileName/HandScript.cs: ab82d9b432b4ff3c2be587dcfc2ef88f -> f6d2d9607a041472806e778f6397f6ff
  custom:scripting/monoscript/fileName/GunScript.cs: 6a8d5652f919b70c5522b0348dc3dc24 -> adaec7589872e88b61019be0f1bdc549
  custom:video-decoder-ogg-theora: a1e56fd34408186e4bbccfd4996cb3dc -> 
  custom:scripting/monoscript/fileName/DoorScript.cs: 6b64305be1d8e8f7400dbe3b416e4f91 -> 
  custom:scripting/monoscript/fileName/BulletScript.cs: 13477a3b0c98cca55096ea1dcfe934dc -> d888d721bde78eacda1c314a50a2cf74
  custom:CustomObjectIndexerAttribute: 232f87dd983dbecb2a4e21e08eb2cef8 -> 
  custom:container-demuxer-webm: 4f35f7cbe854078d1ac9338744f61a02 -> 
  custom:scripting/monoscript/fileName/ClipScript.cs: d454b9a64ca33d8936f1fee1d0b94333 -> a47e0092d1d896ccc176e69669d3233d
  custom:container-muxer-webm: aa71ff27fc2769a1b78a27578f13a17b -> 
  custom:video-decoder-webm-vp8: 9c59270c3fd7afecdb556c50c9e8de78 -> 
  custom:scripting/monoscript/fileName/MovementScript.cs: 0602eb1700489a3ab9cb01ec15ee773a -> 9a1daee93d0a505568922467e5a5e2e0
  custom:SearchIndexIgnoredProperties: e643bd26f0fe6173181afceb89e7c659 -> 
  custom:AudioImporter_EditorPlatform: 2f0ff77a95e0ac474e3e8eeba4e2f7cb -> 
  custom:video-encoder-webm-vp8: eb34c28f22e8b96e1ab97ce403110664 -> 
  custom:audio-decoder-ogg-vorbis: bf7c407c2cedff20999df2af8eb42d56 -> 
  custom:scripting/monoscript/fileName/Item.cs: c2b7fc65fe255f985743270ca947d8ec -> edfd25bbe8f561e55c7415f9c3adacfe
  custom:audio-encoder-webm-vorbis: bf7c407c2cedff20999df2af8eb42d56 -> 
  custom:scripting/precompiled-assembly-types:Assembly-CSharp: 41f1ee419d251e6e11edcae3f7ceedd4 -> 14f21d8c89919019ed129879e7927412
========================================================================
Received Prepare
Caller must complete domain reload
Begin MonoManager ReloadAssembly
- Loaded All Assemblies, in  0.493 seconds
Native extension for LinuxStandalone target not found
Native extension for WindowsStandalone target not found
Mono: successfully reloaded assembly
- Finished resetting the current domain, in  0.985 seconds
Domain Reload Profiling: 1477ms
	BeginReloadAssembly (161ms)
		ExecutionOrderSort (0ms)
		DisableScriptedObjects (7ms)
		BackupInstance (0ms)
		ReleaseScriptingObjects (0ms)
		CreateAndSetChildDomain (53ms)
	RebuildCommonClasses (51ms)
	RebuildNativeTypeToScriptingClass (14ms)
	initialDomainReloadingComplete (40ms)
	LoadAllAssembliesAndSetupDomain (226ms)
		LoadAssemblies (266ms)
		RebuildTransferFunctionScriptingTraits (0ms)
		AnalyzeDomain (26ms)
			TypeCache.Refresh (9ms)
				TypeCache.ScanAssembly (0ms)
			ScanForSourceGeneratedMonoScriptInfo (9ms)
			ResolveRequiredComponents (7ms)
	FinalizeReload (985ms)
		ReleaseScriptCaches (0ms)
		RebuildScriptCaches (0ms)
		SetupLoadedEditorAssemblies (580ms)
			LogAssemblyErrors (0ms)
			InitializePlatformSupportModulesInManaged (52ms)
			SetLoadedEditorAssemblies (6ms)
			RefreshPlugins (0ms)
			BeforeProcessingInitializeOnLoad (80ms)
			ProcessInitializeOnLoadAttributes (397ms)
			ProcessInitializeOnLoadMethodAttributes (38ms)
			AfterProcessingInitializeOnLoad (7ms)
			EditorAssembliesLoaded (0ms)
		ExecutionOrderSort2 (0ms)
		AwakeInstancesAfterBackupRestoration (6ms)
Refreshing native plugins compatible for Editor in 1.24 ms, found 0 plugins.
Preloading 0 native plugins for Editor in 0.00 ms.
Unloading 3254 Unused Serialized files (Serialized files now loaded: 0)
Unloading 14 unused Assets / (28.7 KB). Loaded Objects now: 4148.
Memory consumption went from 134.9 MB to 134.9 MB.
Total: 7.424545 ms (FindLiveObjects: 0.489872 ms CreateObjectMapping: 0.609155 ms MarkObjects: 6.104424 ms  DeleteObjects: 0.218266 ms)

Prepare: number of updated asset objects reloaded= 0
AssetImportParameters requested are different than current active one (requested -> active):
  custom:container-demuxer-ogg: 62fdf1f143b41e24485cea50d1cbac27 -> 
  custom:scripting/monoscript/fileName/HandScript.cs: ab82d9b432b4ff3c2be587dcfc2ef88f -> f6d2d9607a041472806e778f6397f6ff
  custom:scripting/monoscript/fileName/GunScript.cs: 6a8d5652f919b70c5522b0348dc3dc24 -> adaec7589872e88b61019be0f1bdc549
  custom:video-decoder-ogg-theora: a1e56fd34408186e4bbccfd4996cb3dc -> 
  custom:scripting/monoscript/fileName/DoorScript.cs: 6b64305be1d8e8f7400dbe3b416e4f91 -> 
  custom:scripting/monoscript/fileName/BulletScript.cs: 13477a3b0c98cca55096ea1dcfe934dc -> d888d721bde78eacda1c314a50a2cf74
  custom:CustomObjectIndexerAttribute: 232f87dd983dbecb2a4e21e08eb2cef8 -> 
  custom:container-demuxer-webm: 4f35f7cbe854078d1ac9338744f61a02 -> 
  custom:scripting/monoscript/fileName/ClipScript.cs: d454b9a64ca33d8936f1fee1d0b94333 -> a47e0092d1d896ccc176e69669d3233d
  custom:container-muxer-webm: aa71ff27fc2769a1b78a27578f13a17b -> 
  custom:video-decoder-webm-vp8: 9c59270c3fd7afecdb556c50c9e8de78 -> 
  custom:scripting/monoscript/fileName/MovementScript.cs: 0602eb1700489a3ab9cb01ec15ee773a -> 9a1daee93d0a505568922467e5a5e2e0
  custom:SearchIndexIgnoredProperties: e643bd26f0fe6173181afceb89e7c659 -> 
  custom:AudioImporter_EditorPlatform: 2f0ff77a95e0ac474e3e8eeba4e2f7cb -> 
  custom:video-encoder-webm-vp8: eb34c28f22e8b96e1ab97ce403110664 -> 
  custom:audio-decoder-ogg-vorbis: bf7c407c2cedff20999df2af8eb42d56 -> 
  custom:scripting/monoscript/fileName/Item.cs: c2b7fc65fe255f985743270ca947d8ec -> edfd25bbe8f561e55c7415f9c3adacfe
  custom:audio-encoder-webm-vorbis: bf7c407c2cedff20999df2af8eb42d56 -> 
  custom:scripting/precompiled-assembly-types:Assembly-CSharp: 41f1ee419d251e6e11edcae3f7ceedd4 -> 14f21d8c89919019ed129879e7927412
========================================================================
Received Import Request.
  Time since last request: 608.436335 seconds.
  path: Assets/Prefabs/Penetrator Clip.prefab
  artifactKey: Guid(f65e2478a3478cf6f89b6468f7b7bd7b) Importer(815301076,1909f56bfc062723c751e8b465ee728b)
Start importing Assets/Prefabs/Penetrator Clip.prefab using Guid(f65e2478a3478cf6f89b6468f7b7bd7b) Importer(815301076,1909f56bfc062723c751e8b465ee728b) [PhysX] Initialized MultithreadedTaskDispatcher with 8 workers.
[PhysX] Initialized MultithreadedTaskDispatcher with 8 workers.
 -> (artifact id: '3b3679fd1ac75d98a389e1871432e09b') in 0.108971 seconds
Number of updated asset objects reloaded before import = 0
Number of asset objects unloaded after import = 48
========================================================================
Received Import Request.
  Time since last request: 3.520549 seconds.
  path: Assets/Prefabs/Penetrator Clip 1.prefab
  artifactKey: Guid(5b718901c6c86c483b0d1be0dbbb7882) Importer(815301076,1909f56bfc062723c751e8b465ee728b)
Start importing Assets/Prefabs/Penetrator Clip 1.prefab using Guid(5b718901c6c86c483b0d1be0dbbb7882) Importer(815301076,1909f56bfc062723c751e8b465ee728b) [PhysX] Initialized MultithreadedTaskDispatcher with 8 workers.
[PhysX] Initialized MultithreadedTaskDispatcher with 8 workers.
 -> (artifact id: 'b0e815cce0c5bf9163d12113f59af2f0') in 0.012207 seconds
Number of updated asset objects reloaded before import = 0
Number of asset objects unloaded after import = 16
========================================================================
Received Import Request.
  Time since last request: 0.171430 seconds.
  path: Assets/Prefabs/Penetrator Clip 1.prefab
  artifactKey: Guid(5b718901c6c86c483b0d1be0dbbb7882) Importer(815301076,1909f56bfc062723c751e8b465ee728b)
Start importing Assets/Prefabs/Penetrator Clip 1.prefab using Guid(5b718901c6c86c483b0d1be0dbbb7882) Importer(815301076,1909f56bfc062723c751e8b465ee728b) [PhysX] Initialized MultithreadedTaskDispatcher with 8 workers.
[PhysX] Initialized MultithreadedTaskDispatcher with 8 workers.
 -> (artifact id: '2261aa0d3fc5149e914b375bc842331b') in 0.009400 seconds
Number of updated asset objects reloaded before import = 0
Number of asset objects unloaded after import = 16
========================================================================
Received Import Request.
  Time since last request: 2.085806 seconds.
  path: Assets/Prefabs/Penetrator Clip 1.prefab
  artifactKey: Guid(5b718901c6c86c483b0d1be0dbbb7882) Importer(815301076,1909f56bfc062723c751e8b465ee728b)
Start importing Assets/Prefabs/Penetrator Clip 1.prefab using Guid(5b718901c6c86c483b0d1be0dbbb7882) Importer(815301076,1909f56bfc062723c751e8b465ee728b) [PhysX] Initialized MultithreadedTaskDispatcher with 8 workers.
[PhysX] Initialized MultithreadedTaskDispatcher with 8 workers.
 -> (artifact id: 'b922a40ecb5c05a8fd59579351123d0e') in 0.010029 seconds
Number of updated asset objects reloaded before import = 0
Number of asset objects unloaded after import = 16
========================================================================
Received Import Request.
  Time since last request: 0.193396 seconds.
  path: Assets/Prefabs/Penetrator Clip 1.prefab
  artifactKey: Guid(5b718901c6c86c483b0d1be0dbbb7882) Importer(815301076,1909f56bfc062723c751e8b465ee728b)
Start importing Assets/Prefabs/Penetrator Clip 1.prefab using Guid(5b718901c6c86c483b0d1be0dbbb7882) Importer(815301076,1909f56bfc062723c751e8b465ee728b) [PhysX] Initialized MultithreadedTaskDispatcher with 8 workers.
[PhysX] Initialized MultithreadedTaskDispatcher with 8 workers.
 -> (artifact id: 'd3afc6798eb5fa2b02f761709b330833') in 0.008401 seconds
Number of updated asset objects reloaded before import = 0
Number of asset objects unloaded after import = 16
========================================================================
Received Import Request.
  Time since last request: 3.330044 seconds.
  path: Assets/Prefabs/Penetrator Clip 1.prefab
  artifactKey: Guid(5b718901c6c86c483b0d1be0dbbb7882) Importer(815301076,1909f56bfc062723c751e8b465ee728b)
Start importing Assets/Prefabs/Penetrator Clip 1.prefab using Guid(5b718901c6c86c483b0d1be0dbbb7882) Importer(815301076,1909f56bfc062723c751e8b465ee728b) [PhysX] Initialized MultithreadedTaskDispatcher with 8 workers.
[PhysX] Initialized MultithreadedTaskDispatcher with 8 workers.
 -> (artifact id: 'fe1bc12be28b5298cf519c9df38703d7') in 0.011125 seconds
Number of updated asset objects reloaded before import = 0
Number of asset objects unloaded after import = 16
========================================================================
Received Prepare
Caller must complete domain reload
Begin MonoManager ReloadAssembly
- Loaded All Assemblies, in  0.508 seconds
Native extension for LinuxStandalone target not found
Native extension for WindowsStandalone target not found
Mono: successfully reloaded assembly
- Finished resetting the current domain, in  1.144 seconds
Domain Reload Profiling: 1652ms
	BeginReloadAssembly (171ms)
		ExecutionOrderSort (0ms)
		DisableScriptedObjects (7ms)
		BackupInstance (0ms)
		ReleaseScriptingObjects (0ms)
		CreateAndSetChildDomain (60ms)
	RebuildCommonClasses (52ms)
	RebuildNativeTypeToScriptingClass (14ms)
	initialDomainReloadingComplete (41ms)
	LoadAllAssembliesAndSetupDomain (229ms)
		LoadAssemblies (270ms)
		RebuildTransferFunctionScriptingTraits (0ms)
		AnalyzeDomain (28ms)
			TypeCache.Refresh (10ms)
				TypeCache.ScanAssembly (0ms)
			ScanForSourceGeneratedMonoScriptInfo (10ms)
			ResolveRequiredComponents (7ms)
	FinalizeReload (1145ms)
		ReleaseScriptCaches (0ms)
		RebuildScriptCaches (0ms)
		SetupLoadedEditorAssemblies (679ms)
			LogAssemblyErrors (0ms)
			InitializePlatformSupportModulesInManaged (69ms)
			SetLoadedEditorAssemblies (8ms)
			RefreshPlugins (0ms)
			BeforeProcessingInitializeOnLoad (114ms)
			ProcessInitializeOnLoadAttributes (445ms)
			ProcessInitializeOnLoadMethodAttributes (36ms)
			AfterProcessingInitializeOnLoad (7ms)
			EditorAssembliesLoaded (0ms)
		ExecutionOrderSort2 (0ms)
		AwakeInstancesAfterBackupRestoration (5ms)
Refreshing native plugins compatible for Editor in 1.88 ms, found 0 plugins.
Preloading 0 native plugins for Editor in 0.00 ms.
Unloading 3253 Unused Serialized files (Serialized files now loaded: 0)
Unloading 14 unused Assets / (28.7 KB). Loaded Objects now: 4152.
Memory consumption went from 134.7 MB to 134.7 MB.
Total: 5.730026 ms (FindLiveObjects: 0.754649 ms CreateObjectMapping: 0.651558 ms MarkObjects: 4.227878 ms  DeleteObjects: 0.094522 ms)

Prepare: number of updated asset objects reloaded= 0
AssetImportParameters requested are different than current active one (requested -> active):
  custom:container-demuxer-ogg: 62fdf1f143b41e24485cea50d1cbac27 -> 
  custom:scripting/monoscript/fileName/HandScript.cs: ab82d9b432b4ff3c2be587dcfc2ef88f -> f6d2d9607a041472806e778f6397f6ff
  custom:scripting/monoscript/fileName/GunScript.cs: 6a8d5652f919b70c5522b0348dc3dc24 -> adaec7589872e88b61019be0f1bdc549
  custom:video-decoder-ogg-theora: a1e56fd34408186e4bbccfd4996cb3dc -> 
  custom:scripting/monoscript/fileName/DoorScript.cs: 6b64305be1d8e8f7400dbe3b416e4f91 -> 
  custom:scripting/monoscript/fileName/BulletScript.cs: 13477a3b0c98cca55096ea1dcfe934dc -> d888d721bde78eacda1c314a50a2cf74
  custom:CustomObjectIndexerAttribute: 232f87dd983dbecb2a4e21e08eb2cef8 -> 
  custom:container-demuxer-webm: 4f35f7cbe854078d1ac9338744f61a02 -> 
  custom:scripting/monoscript/fileName/ClipScript.cs: d454b9a64ca33d8936f1fee1d0b94333 -> a47e0092d1d896ccc176e69669d3233d
  custom:container-muxer-webm: aa71ff27fc2769a1b78a27578f13a17b -> 
  custom:video-decoder-webm-vp8: 9c59270c3fd7afecdb556c50c9e8de78 -> 
  custom:scripting/monoscript/fileName/MovementScript.cs: 0602eb1700489a3ab9cb01ec15ee773a -> 9a1daee93d0a505568922467e5a5e2e0
  custom:SearchIndexIgnoredProperties: e643bd26f0fe6173181afceb89e7c659 -> 
  custom:AudioImporter_EditorPlatform: 2f0ff77a95e0ac474e3e8eeba4e2f7cb -> 
  custom:video-encoder-webm-vp8: eb34c28f22e8b96e1ab97ce403110664 -> 
  custom:audio-decoder-ogg-vorbis: bf7c407c2cedff20999df2af8eb42d56 -> 
  custom:scripting/monoscript/fileName/Item.cs: c2b7fc65fe255f985743270ca947d8ec -> edfd25bbe8f561e55c7415f9c3adacfe
  custom:audio-encoder-webm-vorbis: bf7c407c2cedff20999df2af8eb42d56 -> 
  custom:scripting/precompiled-assembly-types:Assembly-CSharp: 41f1ee419d251e6e11edcae3f7ceedd4 -> 14f21d8c89919019ed129879e7927412
========================================================================
Received Prepare
Caller must complete domain reload
Begin MonoManager ReloadAssembly
- Loaded All Assemblies, in  0.486 seconds
Native extension for LinuxStandalone target not found
Native extension for WindowsStandalone target not found
Mono: successfully reloaded assembly
- Finished resetting the current domain, in  0.975 seconds
Domain Reload Profiling: 1461ms
	BeginReloadAssembly (155ms)
		ExecutionOrderSort (0ms)
		DisableScriptedObjects (6ms)
		BackupInstance (0ms)
		ReleaseScriptingObjects (0ms)
		CreateAndSetChildDomain (51ms)
	RebuildCommonClasses (49ms)
	RebuildNativeTypeToScriptingClass (16ms)
	initialDomainReloadingComplete (39ms)
	LoadAllAssembliesAndSetupDomain (226ms)
		LoadAssemblies (265ms)
		RebuildTransferFunctionScriptingTraits (0ms)
		AnalyzeDomain (26ms)
			TypeCache.Refresh (9ms)
				TypeCache.ScanAssembly (0ms)
			ScanForSourceGeneratedMonoScriptInfo (9ms)
			ResolveRequiredComponents (7ms)
	FinalizeReload (977ms)
		ReleaseScriptCaches (0ms)
		RebuildScriptCaches (0ms)
		SetupLoadedEditorAssemblies (553ms)
			LogAssemblyErrors (0ms)
			InitializePlatformSupportModulesInManaged (47ms)
			SetLoadedEditorAssemblies (6ms)
			RefreshPlugins (0ms)
			BeforeProcessingInitializeOnLoad (86ms)
			ProcessInitializeOnLoadAttributes (372ms)
			ProcessInitializeOnLoadMethodAttributes (32ms)
			AfterProcessingInitializeOnLoad (9ms)
			EditorAssembliesLoaded (0ms)
		ExecutionOrderSort2 (0ms)
		AwakeInstancesAfterBackupRestoration (8ms)
Refreshing native plugins compatible for Editor in 1.10 ms, found 0 plugins.
Preloading 0 native plugins for Editor in 0.00 ms.
Unloading 3254 Unused Serialized files (Serialized files now loaded: 0)
Unloading 14 unused Assets / (28.7 KB). Loaded Objects now: 4156.
Memory consumption went from 134.9 MB to 134.9 MB.
Total: 4.412343 ms (FindLiveObjects: 0.335959 ms CreateObjectMapping: 0.309877 ms MarkObjects: 3.706962 ms  DeleteObjects: 0.057888 ms)

Prepare: number of updated asset objects reloaded= 0
AssetImportParameters requested are different than current active one (requested -> active):
  custom:container-demuxer-ogg: 62fdf1f143b41e24485cea50d1cbac27 -> 
  custom:scripting/monoscript/fileName/HandScript.cs: ab82d9b432b4ff3c2be587dcfc2ef88f -> f6d2d9607a041472806e778f6397f6ff
  custom:scripting/monoscript/fileName/GunScript.cs: 6a8d5652f919b70c5522b0348dc3dc24 -> adaec7589872e88b61019be0f1bdc549
  custom:video-decoder-ogg-theora: a1e56fd34408186e4bbccfd4996cb3dc -> 
  custom:scripting/monoscript/fileName/DoorScript.cs: 6b64305be1d8e8f7400dbe3b416e4f91 -> 
  custom:scripting/monoscript/fileName/BulletScript.cs: 13477a3b0c98cca55096ea1dcfe934dc -> d888d721bde78eacda1c314a50a2cf74
  custom:CustomObjectIndexerAttribute: 232f87dd983dbecb2a4e21e08eb2cef8 -> 
  custom:container-demuxer-webm: 4f35f7cbe854078d1ac9338744f61a02 -> 
  custom:scripting/monoscript/fileName/ClipScript.cs: d454b9a64ca33d8936f1fee1d0b94333 -> a47e0092d1d896ccc176e69669d3233d
  custom:container-muxer-webm: aa71ff27fc2769a1b78a27578f13a17b -> 
  custom:video-decoder-webm-vp8: 9c59270c3fd7afecdb556c50c9e8de78 -> 
  custom:scripting/monoscript/fileName/MovementScript.cs: 0602eb1700489a3ab9cb01ec15ee773a -> 9a1daee93d0a505568922467e5a5e2e0
  custom:SearchIndexIgnoredProperties: e643bd26f0fe6173181afceb89e7c659 -> 
  custom:AudioImporter_EditorPlatform: 2f0ff77a95e0ac474e3e8eeba4e2f7cb -> 
  custom:video-encoder-webm-vp8: eb34c28f22e8b96e1ab97ce403110664 -> 
  custom:audio-decoder-ogg-vorbis: bf7c407c2cedff20999df2af8eb42d56 -> 
  custom:scripting/monoscript/fileName/Item.cs: c2b7fc65fe255f985743270ca947d8ec -> edfd25bbe8f561e55c7415f9c3adacfe
  custom:audio-encoder-webm-vorbis: bf7c407c2cedff20999df2af8eb42d56 -> 
  custom:scripting/precompiled-assembly-types:Assembly-CSharp: 41f1ee419d251e6e11edcae3f7ceedd4 -> 14f21d8c89919019ed129879e7927412
========================================================================
Received Prepare
Caller must complete domain reload
Begin MonoManager ReloadAssembly
- Loaded All Assemblies, in  0.529 seconds
Native extension for LinuxStandalone target not found
Native extension for WindowsStandalone target not found
Mono: successfully reloaded assembly
- Finished resetting the current domain, in  1.099 seconds
Domain Reload Profiling: 1628ms
	BeginReloadAssembly (158ms)
		ExecutionOrderSort (0ms)
		DisableScriptedObjects (6ms)
		BackupInstance (0ms)
		ReleaseScriptingObjects (0ms)
		CreateAndSetChildDomain (52ms)
	RebuildCommonClasses (50ms)
	RebuildNativeTypeToScriptingClass (13ms)
	initialDomainReloadingComplete (39ms)
	LoadAllAssembliesAndSetupDomain (268ms)
		LoadAssemblies (297ms)
		RebuildTransferFunctionScriptingTraits (0ms)
		AnalyzeDomain (37ms)
			TypeCache.Refresh (12ms)
				TypeCache.ScanAssembly (0ms)
			ScanForSourceGeneratedMonoScriptInfo (13ms)
			ResolveRequiredComponents (10ms)
	FinalizeReload (1100ms)
		ReleaseScriptCaches (0ms)
		RebuildScriptCaches (0ms)
		SetupLoadedEditorAssemblies (583ms)
			LogAssemblyErrors (0ms)
			InitializePlatformSupportModulesInManaged (55ms)
			SetLoadedEditorAssemblies (9ms)
			RefreshPlugins (0ms)
			BeforeProcessingInitializeOnLoad (94ms)
			ProcessInitializeOnLoadAttributes (382ms)
			ProcessInitializeOnLoadMethodAttributes (36ms)
			AfterProcessingInitializeOnLoad (7ms)
			EditorAssembliesLoaded (0ms)
		ExecutionOrderSort2 (0ms)
		AwakeInstancesAfterBackupRestoration (6ms)
Refreshing native plugins compatible for Editor in 1.10 ms, found 0 plugins.
Preloading 0 native plugins for Editor in 0.00 ms.
Unloading 3254 Unused Serialized files (Serialized files now loaded: 0)
Unloading 14 unused Assets / (28.7 KB). Loaded Objects now: 4160.
Memory consumption went from 134.9 MB to 134.9 MB.
Total: 6.320996 ms (FindLiveObjects: 0.394948 ms CreateObjectMapping: 0.299354 ms MarkObjects: 5.567689 ms  DeleteObjects: 0.057652 ms)

Prepare: number of updated asset objects reloaded= 0
AssetImportParameters requested are different than current active one (requested -> active):
  custom:container-demuxer-ogg: 62fdf1f143b41e24485cea50d1cbac27 -> 
  custom:scripting/monoscript/fileName/HandScript.cs: ab82d9b432b4ff3c2be587dcfc2ef88f -> f6d2d9607a041472806e778f6397f6ff
  custom:scripting/monoscript/fileName/GunScript.cs: 6a8d5652f919b70c5522b0348dc3dc24 -> adaec7589872e88b61019be0f1bdc549
  custom:video-decoder-ogg-theora: a1e56fd34408186e4bbccfd4996cb3dc -> 
  custom:scripting/monoscript/fileName/DoorScript.cs: 6b64305be1d8e8f7400dbe3b416e4f91 -> 
  custom:scripting/monoscript/fileName/BulletScript.cs: 13477a3b0c98cca55096ea1dcfe934dc -> d888d721bde78eacda1c314a50a2cf74
  custom:CustomObjectIndexerAttribute: 232f87dd983dbecb2a4e21e08eb2cef8 -> 
  custom:container-demuxer-webm: 4f35f7cbe854078d1ac9338744f61a02 -> 
  custom:scripting/monoscript/fileName/ClipScript.cs: d454b9a64ca33d8936f1fee1d0b94333 -> a47e0092d1d896ccc176e69669d3233d
  custom:container-muxer-webm: aa71ff27fc2769a1b78a27578f13a17b -> 
  custom:video-decoder-webm-vp8: 9c59270c3fd7afecdb556c50c9e8de78 -> 
  custom:scripting/monoscript/fileName/MovementScript.cs: 0602eb1700489a3ab9cb01ec15ee773a -> 9a1daee93d0a505568922467e5a5e2e0
  custom:SearchIndexIgnoredProperties: e643bd26f0fe6173181afceb89e7c659 -> 
  custom:AudioImporter_EditorPlatform: 2f0ff77a95e0ac474e3e8eeba4e2f7cb -> 
  custom:video-encoder-webm-vp8: eb34c28f22e8b96e1ab97ce403110664 -> 
  custom:audio-decoder-ogg-vorbis: bf7c407c2cedff20999df2af8eb42d56 -> 
  custom:scripting/monoscript/fileName/Item.cs: c2b7fc65fe255f985743270ca947d8ec -> edfd25bbe8f561e55c7415f9c3adacfe
  custom:audio-encoder-webm-vorbis: bf7c407c2cedff20999df2af8eb42d56 -> 
  custom:scripting/precompiled-assembly-types:Assembly-CSharp: 41f1ee419d251e6e11edcae3f7ceedd4 -> 14f21d8c89919019ed129879e7927412
========================================================================
Received Import Request.
  Time since last request: 330.640700 seconds.
  path: Assets/Prefabs/Penetrator Clip 1.prefab
  artifactKey: Guid(5b718901c6c86c483b0d1be0dbbb7882) Importer(815301076,1909f56bfc062723c751e8b465ee728b)
Start importing Assets/Prefabs/Penetrator Clip 1.prefab using Guid(5b718901c6c86c483b0d1be0dbbb7882) Importer(815301076,1909f56bfc062723c751e8b465ee728b) [PhysX] Initialized MultithreadedTaskDispatcher with 8 workers.
[PhysX] Initialized MultithreadedTaskDispatcher with 8 workers.
 -> (artifact id: 'e5972c543e8c24c9307a913ff09f418e') in 0.097820 seconds
Number of updated asset objects reloaded before import = 0
Number of asset objects unloaded after import = 16
========================================================================
Received Import Request.
  Time since last request: 3.043201 seconds.
  path: Assets/Prefabs/Penetrator.prefab
  artifactKey: Guid(f9ea8778b63c653a8b2221995b3aaa5d) Importer(815301076,1909f56bfc062723c751e8b465ee728b)
Start importing Assets/Prefabs/Penetrator.prefab using Guid(f9ea8778b63c653a8b2221995b3aaa5d) Importer(815301076,1909f56bfc062723c751e8b465ee728b) [PhysX] Initialized MultithreadedTaskDispatcher with 8 workers.
[PhysX] Initialized MultithreadedTaskDispatcher with 8 workers.
 -> (artifact id: '397e93fbf3693366d640ac15e03e6915') in 0.024425 seconds
Number of updated asset objects reloaded before import = 0
Number of asset objects unloaded after import = 46
========================================================================
Received Prepare
Caller must complete domain reload
Begin MonoManager ReloadAssembly
- Loaded All Assemblies, in  0.536 seconds
Native extension for LinuxStandalone target not found
Native extension for WindowsStandalone target not found
Mono: successfully reloaded assembly
- Finished resetting the current domain, in  0.921 seconds
Domain Reload Profiling: 1456ms
	BeginReloadAssembly (159ms)
		ExecutionOrderSort (0ms)
		DisableScriptedObjects (6ms)
		BackupInstance (0ms)
		ReleaseScriptingObjects (0ms)
		CreateAndSetChildDomain (53ms)
	RebuildCommonClasses (50ms)
	RebuildNativeTypeToScriptingClass (13ms)
	initialDomainReloadingComplete (41ms)
	LoadAllAssembliesAndSetupDomain (272ms)
		LoadAssemblies (309ms)
		RebuildTransferFunctionScriptingTraits (0ms)
		AnalyzeDomain (30ms)
			TypeCache.Refresh (12ms)
				TypeCache.ScanAssembly (1ms)
			ScanForSourceGeneratedMonoScriptInfo (8ms)
			ResolveRequiredComponents (9ms)
	FinalizeReload (922ms)
		ReleaseScriptCaches (0ms)
		RebuildScriptCaches (0ms)
		SetupLoadedEditorAssemblies (499ms)
			LogAssemblyErrors (0ms)
			InitializePlatformSupportModulesInManaged (47ms)
			SetLoadedEditorAssemblies (6ms)
			RefreshPlugins (0ms)
			BeforeProcessingInitializeOnLoad (85ms)
			ProcessInitializeOnLoadAttributes (323ms)
			ProcessInitializeOnLoadMethodAttributes (32ms)
			AfterProcessingInitializeOnLoad (6ms)
			EditorAssembliesLoaded (0ms)
		ExecutionOrderSort2 (0ms)
		AwakeInstancesAfterBackupRestoration (6ms)
Refreshing native plugins compatible for Editor in 1.71 ms, found 0 plugins.
Preloading 0 native plugins for Editor in 0.00 ms.
Unloading 3253 Unused Serialized files (Serialized files now loaded: 0)
Unloading 16 unused Assets / (29.8 KB). Loaded Objects now: 4164.
Memory consumption went from 134.7 MB to 134.7 MB.
Total: 6.677778 ms (FindLiveObjects: 0.465317 ms CreateObjectMapping: 0.305504 ms MarkObjects: 5.747703 ms  DeleteObjects: 0.157668 ms)

Prepare: number of updated asset objects reloaded= 0
AssetImportParameters requested are different than current active one (requested -> active):
  custom:container-demuxer-ogg: 62fdf1f143b41e24485cea50d1cbac27 -> 
  custom:scripting/monoscript/fileName/HandScript.cs: ab82d9b432b4ff3c2be587dcfc2ef88f -> f6d2d9607a041472806e778f6397f6ff
  custom:scripting/monoscript/fileName/GunScript.cs: 6a8d5652f919b70c5522b0348dc3dc24 -> adaec7589872e88b61019be0f1bdc549
  custom:video-decoder-ogg-theora: a1e56fd34408186e4bbccfd4996cb3dc -> 
  custom:scripting/monoscript/fileName/DoorScript.cs: 6b64305be1d8e8f7400dbe3b416e4f91 -> 
  custom:scripting/monoscript/fileName/BulletScript.cs: 13477a3b0c98cca55096ea1dcfe934dc -> d888d721bde78eacda1c314a50a2cf74
  custom:CustomObjectIndexerAttribute: 232f87dd983dbecb2a4e21e08eb2cef8 -> 
  custom:container-demuxer-webm: 4f35f7cbe854078d1ac9338744f61a02 -> 
  custom:scripting/monoscript/fileName/ClipScript.cs: d454b9a64ca33d8936f1fee1d0b94333 -> a47e0092d1d896ccc176e69669d3233d
  custom:container-muxer-webm: aa71ff27fc2769a1b78a27578f13a17b -> 
  custom:video-decoder-webm-vp8: 9c59270c3fd7afecdb556c50c9e8de78 -> 
  custom:scripting/monoscript/fileName/MovementScript.cs: 0602eb1700489a3ab9cb01ec15ee773a -> 9a1daee93d0a505568922467e5a5e2e0
  custom:SearchIndexIgnoredProperties: e643bd26f0fe6173181afceb89e7c659 -> 
  custom:AudioImporter_EditorPlatform: 2f0ff77a95e0ac474e3e8eeba4e2f7cb -> 
  custom:video-encoder-webm-vp8: eb34c28f22e8b96e1ab97ce403110664 -> 
  custom:audio-decoder-ogg-vorbis: bf7c407c2cedff20999df2af8eb42d56 -> 
  custom:scripting/monoscript/fileName/Item.cs: c2b7fc65fe255f985743270ca947d8ec -> edfd25bbe8f561e55c7415f9c3adacfe
  custom:audio-encoder-webm-vorbis: bf7c407c2cedff20999df2af8eb42d56 -> 
  custom:scripting/precompiled-assembly-types:Assembly-CSharp: 41f1ee419d251e6e11edcae3f7ceedd4 -> 14f21d8c89919019ed129879e7927412
========================================================================
Received Prepare
Caller must complete domain reload
Begin MonoManager ReloadAssembly
- Loaded All Assemblies, in  0.497 seconds
Native extension for LinuxStandalone target not found
Native extension for WindowsStandalone target not found
Mono: successfully reloaded assembly
- Finished resetting the current domain, in  1.152 seconds
Domain Reload Profiling: 1650ms
	BeginReloadAssembly (159ms)
		ExecutionOrderSort (0ms)
		DisableScriptedObjects (6ms)
		BackupInstance (0ms)
		ReleaseScriptingObjects (0ms)
		CreateAndSetChildDomain (52ms)
	RebuildCommonClasses (45ms)
	RebuildNativeTypeToScriptingClass (12ms)
	initialDomainReloadingComplete (37ms)
	LoadAllAssembliesAndSetupDomain (243ms)
		LoadAssemblies (280ms)
		RebuildTransferFunctionScriptingTraits (0ms)
		AnalyzeDomain (30ms)
			TypeCache.Refresh (9ms)
				TypeCache.ScanAssembly (0ms)
			ScanForSourceGeneratedMonoScriptInfo (11ms)
			ResolveRequiredComponents (9ms)
	FinalizeReload (1154ms)
		ReleaseScriptCaches (0ms)
		RebuildScriptCaches (0ms)
		SetupLoadedEditorAssemblies (704ms)
			LogAssemblyErrors (0ms)
			InitializePlatformSupportModulesInManaged (62ms)
			SetLoadedEditorAssemblies (13ms)
			RefreshPlugins (0ms)
			BeforeProcessingInitializeOnLoad (122ms)
			ProcessInitializeOnLoadAttributes (461ms)
			ProcessInitializeOnLoadMethodAttributes (38ms)
			AfterProcessingInitializeOnLoad (7ms)
			EditorAssembliesLoaded (0ms)
		ExecutionOrderSort2 (0ms)
		AwakeInstancesAfterBackupRestoration (5ms)
Refreshing native plugins compatible for Editor in 2.01 ms, found 0 plugins.
Preloading 0 native plugins for Editor in 0.00 ms.
Unloading 3254 Unused Serialized files (Serialized files now loaded: 0)
Unloading 14 unused Assets / (28.7 KB). Loaded Objects now: 4168.
Memory consumption went from 134.9 MB to 134.9 MB.
Total: 5.999443 ms (FindLiveObjects: 0.565985 ms CreateObjectMapping: 0.809355 ms MarkObjects: 4.546105 ms  DeleteObjects: 0.076427 ms)

Prepare: number of updated asset objects reloaded= 0
AssetImportParameters requested are different than current active one (requested -> active):
  custom:container-demuxer-ogg: 62fdf1f143b41e24485cea50d1cbac27 -> 
  custom:scripting/monoscript/fileName/HandScript.cs: ab82d9b432b4ff3c2be587dcfc2ef88f -> f6d2d9607a041472806e778f6397f6ff
  custom:scripting/monoscript/fileName/GunScript.cs: 6a8d5652f919b70c5522b0348dc3dc24 -> adaec7589872e88b61019be0f1bdc549
  custom:video-decoder-ogg-theora: a1e56fd34408186e4bbccfd4996cb3dc -> 
  custom:scripting/monoscript/fileName/DoorScript.cs: 6b64305be1d8e8f7400dbe3b416e4f91 -> 
  custom:scripting/monoscript/fileName/BulletScript.cs: 13477a3b0c98cca55096ea1dcfe934dc -> d888d721bde78eacda1c314a50a2cf74
  custom:CustomObjectIndexerAttribute: 232f87dd983dbecb2a4e21e08eb2cef8 -> 
  custom:container-demuxer-webm: 4f35f7cbe854078d1ac9338744f61a02 -> 
  custom:scripting/monoscript/fileName/ClipScript.cs: d454b9a64ca33d8936f1fee1d0b94333 -> a47e0092d1d896ccc176e69669d3233d
  custom:container-muxer-webm: aa71ff27fc2769a1b78a27578f13a17b -> 
  custom:video-decoder-webm-vp8: 9c59270c3fd7afecdb556c50c9e8de78 -> 
  custom:scripting/monoscript/fileName/MovementScript.cs: 0602eb1700489a3ab9cb01ec15ee773a -> 9a1daee93d0a505568922467e5a5e2e0
  custom:SearchIndexIgnoredProperties: e643bd26f0fe6173181afceb89e7c659 -> 
  custom:AudioImporter_EditorPlatform: 2f0ff77a95e0ac474e3e8eeba4e2f7cb -> 
  custom:video-encoder-webm-vp8: eb34c28f22e8b96e1ab97ce403110664 -> 
  custom:audio-decoder-ogg-vorbis: bf7c407c2cedff20999df2af8eb42d56 -> 
  custom:scripting/monoscript/fileName/Item.cs: c2b7fc65fe255f985743270ca947d8ec -> edfd25bbe8f561e55c7415f9c3adacfe
  custom:audio-encoder-webm-vorbis: bf7c407c2cedff20999df2af8eb42d56 -> 
  custom:scripting/precompiled-assembly-types:Assembly-CSharp: 41f1ee419d251e6e11edcae3f7ceedd4 -> 14f21d8c89919019ed129879e7927412
