Unity Editor version:    2022.3.62f1 (4af31df58517)
Branch:                  2022.3/staging
Build type:              Release
Batch mode:              YES
System name:             Linux
Distro version:          #78-Ubuntu SMP PREEMPT_DYNAMIC Tue Aug 12 11:34:18 UTC 2025
Kernel version:          6.8.0-78-generic
Architecture:            x86_64
Available memory:        15634 MB
Using pre-set license
Pro License: YES

(Unity:10245): Gtk-CRITICAL **: 15:42:10.405: gtk_window_set_default_icon: assertion 'GDK_IS_PIXBUF (icon)' failed

(Unity:10245): GLib-GObject-CRITICAL **: 15:42:10.405: g_object_unref: assertion 'G_IS_OBJECT (object)' failed
Desktop is 1920 x 1080 @ 60 Hz
Initialize udev device monitor.

COMMAND LINE ARGUMENTS:
Unity
-adb2
-batchMode
-noUpm
-name
AssetImportWorker1
-projectPath
/home/forelone/Documents/Projeler/Clipdown
-logFile
Logs/AssetImportWorker1.log
-srvPort
42497
Successfully changed project path to: /home/forelone/Documents/Projeler/Clipdown
/home/forelone/Documents/Projeler/Clipdown
[UnityMemory] Configuration Parameters - Can be set up in boot.config
    "memorysetup-bucket-allocator-granularity=16"
    "memorysetup-bucket-allocator-bucket-count=8"
    "memorysetup-bucket-allocator-block-size=33554432"
    "memorysetup-bucket-allocator-block-count=8"
    "memorysetup-main-allocator-block-size=16777216"
    "memorysetup-thread-allocator-block-size=16777216"
    "memorysetup-gfx-main-allocator-block-size=16777216"
    "memorysetup-gfx-thread-allocator-block-size=16777216"
    "memorysetup-cache-allocator-block-size=4194304"
    "memorysetup-typetree-allocator-block-size=2097152"
    "memorysetup-profiler-bucket-allocator-granularity=16"
    "memorysetup-profiler-bucket-allocator-bucket-count=8"
    "memorysetup-profiler-bucket-allocator-block-size=33554432"
    "memorysetup-profiler-bucket-allocator-block-count=8"
    "memorysetup-profiler-allocator-block-size=16777216"
    "memorysetup-profiler-editor-allocator-block-size=1048576"
    "memorysetup-temp-allocator-size-main=16777216"
    "memorysetup-job-temp-allocator-block-size=2097152"
    "memorysetup-job-temp-allocator-block-size-background=1048576"
    "memorysetup-job-temp-allocator-reduction-small-platforms=262144"
    "memorysetup-allocator-temp-initial-block-size-main=262144"
    "memorysetup-allocator-temp-initial-block-size-worker=262144"
    "memorysetup-temp-allocator-size-background-worker=32768"
    "memorysetup-temp-allocator-size-job-worker=262144"
    "memorysetup-temp-allocator-size-preload-manager=33554432"
    "memorysetup-temp-allocator-size-nav-mesh-worker=65536"
    "memorysetup-temp-allocator-size-audio-worker=65536"
    "memorysetup-temp-allocator-size-cloud-worker=32768"
    "memorysetup-temp-allocator-size-gi-baking-worker=262144"
    "memorysetup-temp-allocator-size-gfx=262144"
Player connection [125740239377408]  Target information:

Player connection [125740239377408]  * "[IP] 192.168.0.106 [Port] 0 [Flags] 2 [Guid] 1770783291 [EditorId] 1770783291 [Version] 1048832 [Id] LinuxEditor(16,192.168.0.106) [Debug] 1 [PackageName] LinuxEditor [ProjectName] Editor" 

Player connection [125740239377408] Host joined multi-casting on [225.0.0.222:54997]...
Player connection [125740239377408] Host joined alternative multi-casting on [225.0.0.222:34997]...
Input System module state changed to: Initialized.
[PhysX] Initialized MultithreadedTaskDispatcher with 8 workers.
Refreshing native plugins compatible for Editor in 3,67 ms, found 0 plugins.
Preloading 0 native plugins for Editor in 0,00 ms.
Initialize engine version: 2022.3.62f1 (4af31df58517)
[Subsystems] Discovering subsystems at path /home/forelone/Unity/Hub/Editor/2022.3.62f1/Editor/Data/Resources/UnitySubsystems
[Subsystems] Discovering subsystems at path /home/forelone/Documents/Projeler/Clipdown/Assets
GLX Extensions: GLX_ARB_context_flush_control GLX_ARB_create_context GLX_ARB_create_context_no_error GLX_ARB_create_context_profile GLX_ARB_create_context_robustness GLX_ARB_fbconfig_float GLX_ARB_framebuffer_sRGB GLX_ARB_get_proc_address GLX_ARB_multisample GLX_EXT_buffer_age GLX_EXT_create_context_es2_profile GLX_EXT_create_context_es_profile GLX_EXT_fbconfig_packed_float GLX_EXT_framebuffer_sRGB GLX_EXT_no_config_context GLX_EXT_swap_control GLX_EXT_swap_control_tear GLX_EXT_texture_from_pixmap GLX_EXT_visual_info GLX_EXT_visual_rating GLX_INTEL_swap_event GLX_MESA_copy_sub_buffer GLX_MESA_gl_interop GLX_MESA_query_renderer GLX_MESA_swap_control GLX_OML_sync_control GLX_SGIS_multisample GLX_SGIX_fbconfig GLX_SGIX_pbuffer GLX_SGIX_visual_select_group GLX_SGI_make_current_read GLX_SGI_swap_control GLX_SGI_video_sync 
Renderer: Mesa Intel(R) HD Graphics 630 (KBL GT2)
Vendor:   Intel
Version:  4.6 (Core Profile) Mesa 25.0.7-0ubuntu0.24.04.1
GLES:     0
 GL_3DFX_texture_compression_FXT1 GL_AMD_conservative_depth GL_AMD_depth_clamp_separate GL_AMD_draw_buffers_blend GL_AMD_gpu_shader_int64 GL_AMD_multi_draw_indirect GL_AMD_performance_monitor GL_AMD_pinned_memory GL_AMD_query_buffer_object GL_AMD_seamless_cubemap_per_texture GL_AMD_shader_stencil_export GL_AMD_shader_trinary_minmax GL_AMD_texture_texture4 GL_AMD_vertex_shader_layer GL_AMD_vertex_shader_viewport_index GL_ANGLE_texture_compression_dxt3 GL_ANGLE_texture_compression_dxt5 GL_ARB_ES2_compatibility GL_ARB_ES3_1_compatibility GL_ARB_ES3_2_compatibility GL_ARB_ES3_compatibility GL_ARB_arrays_of_arrays GL_ARB_base_instance GL_ARB_blend_func_extended GL_ARB_buffer_storage GL_ARB_clear_buffer_object GL_ARB_clear_texture GL_ARB_clip_control GL_ARB_compressed_texture_pixel_storage GL_ARB_compute_shader GL_ARB_compute_variable_group_size GL_ARB_conditional_render_inverted GL_ARB_conservative_depth GL_ARB_copy_buffer GL_ARB_copy_image GL_ARB_cull_distance GL_ARB_debug_output GL_ARB_depth_buffer_float GL_ARB
_depth_clamp GL_ARB_derivative_control GL_ARB_direct_state_access GL_ARB_draw_buffers GL_ARB_draw_buffers_blend GL_ARB_draw_elements_base_vertex GL_ARB_draw_indirect GL_ARB_draw_instanced GL_ARB_enhanced_layouts GL_ARB_explicit_attrib_location GL_ARB_explicit_uniform_location GL_ARB_fragment_coord_conventions GL_ARB_fragment_layer_viewport GL_ARB_fragment_shader GL_ARB_fragment_shader_interlock GL_ARB_framebuffer_no_attachments GL_ARB_framebuffer_object GL_ARB_framebuffer_sRGB GL_ARB_get_program_binary GL_ARB_get_texture_sub_image GL_ARB_gl_spirv GL_ARB_gpu_shader5 GL_ARB_gpu_shader_fp64 GL_ARB_gpu_shader_int64 GL_ARB_half_float_pixel GL_ARB_half_float_vertex GL_ARB_indirect_parameters GL_ARB_instanced_arrays GL_ARB_internalformat_query GL_ARB_internalformat_query2 GL_ARB_invalidate_subdata GL_ARB_map_buffer_alignment GL_ARB_map_buffer_range GL_ARB_multi_bind GL_ARB_multi_draw_indirect GL_ARB_occlusion_query2 GL_ARB_parallel_shader_compile GL_ARB_pipeline_statistics_query GL_ARB_pixel_buffer_object GL_ARB_po
int_sprite GL_ARB_polygon_offset_clamp GL_ARB_post_depth_coverage GL_ARB_program_interface_query GL_ARB_provoking_vertex GL_ARB_query_buffer_object GL_ARB_robust_buffer_access_behavior GL_ARB_robustness GL_ARB_sample_shading GL_ARB_sampler_objects GL_ARB_seamless_cube_map GL_ARB_seamless_cubemap_per_texture GL_ARB_separate_shader_objects GL_ARB_shader_atomic_counter_ops GL_ARB_shader_atomic_counters GL_ARB_shader_ballot GL_ARB_shader_bit_encoding GL_ARB_shader_clock GL_ARB_shader_draw_parameters GL_ARB_shader_group_vote GL_ARB_shader_image_load_store GL_ARB_shader_image_size GL_ARB_shader_objects GL_ARB_shader_precision GL_ARB_shader_stencil_export GL_ARB_shader_storage_buffer_object GL_ARB_shader_subroutine GL_ARB_shader_texture_image_samples GL_ARB_shader_texture_lod GL_ARB_shader_viewport_layer_array GL_ARB_shading_language_420pack GL_ARB_shading_language_include GL_ARB_shading_language_packing GL_ARB_spirv_extensions GL_ARB_stencil_texturing GL_ARB_sync GL_ARB_tessellation_shader GL_ARB_texture_barrier G
L_ARB_texture_border_clamp GL_ARB_texture_buffer_object GL_ARB_texture_buffer_object_rgb32 GL_ARB_texture_buffer_range GL_ARB_texture_compression_bptc GL_ARB_texture_compression_rgtc GL_ARB_texture_cube_map_array GL_ARB_texture_filter_anisotropic GL_ARB_texture_float GL_ARB_texture_gather GL_ARB_texture_mirror_clamp_to_edge GL_ARB_texture_multisample GL_ARB_texture_non_power_of_two GL_ARB_texture_query_levels GL_ARB_texture_query_lod GL_ARB_texture_rectangle GL_ARB_texture_rg GL_ARB_texture_rgb10_a2ui GL_ARB_texture_stencil8 GL_ARB_texture_storage GL_ARB_texture_storage_multisample GL_ARB_texture_swizzle GL_ARB_texture_view GL_ARB_timer_query GL_ARB_transform_feedback2 GL_ARB_transform_feedback3 GL_ARB_transform_feedback_instanced GL_ARB_transform_feedback_overflow_query GL_ARB_uniform_buffer_object GL_ARB_vertex_array_bgra GL_ARB_vertex_array_object GL_ARB_vertex_attrib_64bit GL_ARB_vertex_attrib_binding GL_ARB_vertex_buffer_object GL_ARB_vertex_shader GL_ARB_vertex_type_10f_11f_11f_rev GL_ARB_vertex_type_2
_10_10_10_rev GL_ARB_viewport_array GL_ATI_blend_equation_separate GL_ATI_texture_float GL_EXT_EGL_image_storage GL_EXT_EGL_image_storage_compression GL_EXT_EGL_sync GL_EXT_abgr GL_EXT_blend_equation_separate GL_EXT_debug_label GL_EXT_demote_to_helper_invocation GL_EXT_draw_buffers2 GL_EXT_draw_instanced GL_EXT_framebuffer_blit GL_EXT_framebuffer_multisample GL_EXT_framebuffer_multisample_blit_scaled GL_EXT_framebuffer_object GL_EXT_framebuffer_sRGB GL_EXT_memory_object GL_EXT_memory_object_fd GL_EXT_packed_depth_stencil GL_EXT_packed_float GL_EXT_pixel_buffer_object GL_EXT_polygon_offset_clamp GL_EXT_provoking_vertex GL_EXT_semaphore GL_EXT_semaphore_fd GL_EXT_shader_framebuffer_fetch GL_EXT_shader_framebuffer_fetch_non_coherent GL_EXT_shader_integer_mix GL_EXT_shader_samples_identical GL_EXT_texture_array GL_EXT_texture_compression_dxt1 GL_EXT_texture_compression_rgtc GL_EXT_texture_compression_s3tc GL_EXT_texture_filter_anisotropic GL_EXT_texture_integer GL_EXT_texture_sRGB GL_EXT_texture_sRGB_R8 GL_EXT_t
exture_sRGB_decode GL_EXT_texture_shadow_lod GL_EXT_texture_shared_exponent GL_EXT_texture_snorm GL_EXT_texture_storage GL_EXT_texture_swizzle GL_EXT_timer_query GL_EXT_transform_feedback GL_EXT_vertex_array_bgra GL_EXT_vertex_attrib_64bit GL_IBM_multimode_draw_arrays GL_INTEL_blackhole_render GL_INTEL_conservative_rasterization GL_INTEL_performance_query GL_INTEL_shader_atomic_float_minmax GL_INTEL_shader_integer_functions2 GL_KHR_blend_equation_advanced GL_KHR_blend_equation_advanced_coherent GL_KHR_context_flush_control GL_KHR_debug GL_KHR_no_error GL_KHR_parallel_shader_compile GL_KHR_robust_buffer_access_behavior GL_KHR_robustness GL_KHR_texture_compression_astc_ldr GL_KHR_texture_compression_astc_sliced_3d GL_MESA_framebuffer_flip_y GL_MESA_pack_invert GL_MESA_shader_integer_functions GL_MESA_texture_const_bandwidth GL_MESA_texture_signed_rgba GL_NV_alpha_to_coverage_dither_control GL_NV_compute_shader_derivatives GL_NV_conditional_render GL_NV_copy_image GL_NV_depth_clamp GL_NV_fragment_shader_interlo
ck GL_NV_packed_depth_stencil GL_NV_texture_barrier GL_OES_EGL_image GL_S3_s3tc
OPENGL LOG: Creating OpenGL 4.6 graphics device ; Context level  <OpenGL 4.5> ; Context handle -1302090016
Initialize mono
Mono path[0] = '/home/forelone/Unity/Hub/Editor/2022.3.62f1/Editor/Data/Managed'
Mono path[1] = '/home/forelone/Unity/Hub/Editor/2022.3.62f1/Editor/Data/MonoBleedingEdge/lib/mono/unityjit-linux'
Mono config path = '/home/forelone/Unity/Hub/Editor/2022.3.62f1/Editor/Data/MonoBleedingEdge/etc'
Using monoOptions --debugger-agent=transport=dt_socket,embedding=1,server=y,suspend=n,address=127.0.0.1:56245
Begin MonoManager ReloadAssembly
Registering precompiled unity dll's ...
Register platform support module: /home/forelone/Unity/Hub/Editor/2022.3.62f1/Editor/Data/PlaybackEngines/WindowsStandaloneSupport/UnityEditor.WindowsStandalone.Extensions.dll
Register platform support module: /home/forelone/Unity/Hub/Editor/2022.3.62f1/Editor/Data/PlaybackEngines/LinuxStandaloneSupport/UnityEditor.LinuxStandalone.Extensions.dll
Registered in 0,012329 seconds.
- Loaded All Assemblies, in  0,419 seconds
Native extension for LinuxStandalone target not found
Native extension for WindowsStandalone target not found
Mono: successfully reloaded assembly
- Finished resetting the current domain, in  0,404 seconds
Domain Reload Profiling: 823ms
	BeginReloadAssembly (93ms)
		ExecutionOrderSort (0ms)
		DisableScriptedObjects (0ms)
		BackupInstance (0ms)
		ReleaseScriptingObjects (0ms)
		CreateAndSetChildDomain (1ms)
	RebuildCommonClasses (46ms)
	RebuildNativeTypeToScriptingClass (14ms)
	initialDomainReloadingComplete (84ms)
	LoadAllAssembliesAndSetupDomain (181ms)
		LoadAssemblies (93ms)
		RebuildTransferFunctionScriptingTraits (0ms)
		AnalyzeDomain (179ms)
			TypeCache.Refresh (177ms)
				TypeCache.ScanAssembly (160ms)
			ScanForSourceGeneratedMonoScriptInfo (0ms)
			ResolveRequiredComponents (1ms)
	FinalizeReload (405ms)
		ReleaseScriptCaches (0ms)
		RebuildScriptCaches (0ms)
		SetupLoadedEditorAssemblies (334ms)
			LogAssemblyErrors (0ms)
			InitializePlatformSupportModulesInManaged (52ms)
			SetLoadedEditorAssemblies (10ms)
			RefreshPlugins (0ms)
			BeforeProcessingInitializeOnLoad (3ms)
			ProcessInitializeOnLoadAttributes (203ms)
			ProcessInitializeOnLoadMethodAttributes (66ms)
			AfterProcessingInitializeOnLoad (0ms)
			EditorAssembliesLoaded (0ms)
		ExecutionOrderSort2 (0ms)
		AwakeInstancesAfterBackupRestoration (0ms)
========================================================================
Worker process is ready to serve import requests
Caller must complete domain reload
Begin MonoManager ReloadAssembly
- Loaded All Assemblies, in  0,741 seconds
Native extension for LinuxStandalone target not found
Native extension for WindowsStandalone target not found
Mono: successfully reloaded assembly
- Finished resetting the current domain, in  0,760 seconds
Domain Reload Profiling: 1501ms
	BeginReloadAssembly (171ms)
		ExecutionOrderSort (0ms)
		DisableScriptedObjects (6ms)
		BackupInstance (0ms)
		ReleaseScriptingObjects (0ms)
		CreateAndSetChildDomain (37ms)
	RebuildCommonClasses (44ms)
	RebuildNativeTypeToScriptingClass (13ms)
	initialDomainReloadingComplete (59ms)
	LoadAllAssembliesAndSetupDomain (453ms)
		LoadAssemblies (308ms)
		RebuildTransferFunctionScriptingTraits (0ms)
		AnalyzeDomain (227ms)
			TypeCache.Refresh (200ms)
				TypeCache.ScanAssembly (184ms)
			ScanForSourceGeneratedMonoScriptInfo (20ms)
			ResolveRequiredComponents (6ms)
	FinalizeReload (761ms)
		ReleaseScriptCaches (0ms)
		RebuildScriptCaches (0ms)
		SetupLoadedEditorAssemblies (550ms)
			LogAssemblyErrors (0ms)
			InitializePlatformSupportModulesInManaged (50ms)
			SetLoadedEditorAssemblies (4ms)
			RefreshPlugins (0ms)
			BeforeProcessingInitializeOnLoad (72ms)
			ProcessInitializeOnLoadAttributes (380ms)
			ProcessInitializeOnLoadMethodAttributes (37ms)
			AfterProcessingInitializeOnLoad (7ms)
			EditorAssembliesLoaded (0ms)
		ExecutionOrderSort2 (0ms)
		AwakeInstancesAfterBackupRestoration (5ms)
Launched and connected shader compiler UnityShaderCompiler after 0.01 seconds
Refreshing native plugins compatible for Editor in 1.41 ms, found 0 plugins.
Preloading 0 native plugins for Editor in 0.00 ms.
Unloading 3260 Unused Serialized files (Serialized files now loaded: 0)
Unloading 18 unused Assets / (27.1 KB). Loaded Objects now: 3751.
Memory consumption went from 132.4 MB to 132.4 MB.
Total: 5.686497 ms (FindLiveObjects: 0.366527 ms CreateObjectMapping: 0.264423 ms MarkObjects: 4.850121 ms  DeleteObjects: 0.203744 ms)

AssetImportParameters requested are different than current active one (requested -> active):
  custom:container-demuxer-ogg: 62fdf1f143b41e24485cea50d1cbac27 -> 
  custom:video-decoder-ogg-theora: a1e56fd34408186e4bbccfd4996cb3dc -> 
  custom:CustomObjectIndexerAttribute: 232f87dd983dbecb2a4e21e08eb2cef8 -> 
  custom:container-demuxer-webm: 4f35f7cbe854078d1ac9338744f61a02 -> 
  custom:container-muxer-webm: aa71ff27fc2769a1b78a27578f13a17b -> 
  custom:video-decoder-webm-vp8: 9c59270c3fd7afecdb556c50c9e8de78 -> 
  custom:SearchIndexIgnoredProperties: e643bd26f0fe6173181afceb89e7c659 -> 
  custom:AudioImporter_EditorPlatform: 2f0ff77a95e0ac474e3e8eeba4e2f7cb -> 
  custom:video-encoder-webm-vp8: eb34c28f22e8b96e1ab97ce403110664 -> 
  custom:audio-decoder-ogg-vorbis: bf7c407c2cedff20999df2af8eb42d56 -> 
  custom:audio-encoder-webm-vorbis: bf7c407c2cedff20999df2af8eb42d56 -> 
========================================================================
Received Prepare
Caller must complete domain reload
Begin MonoManager ReloadAssembly
- Loaded All Assemblies, in  0.491 seconds
Native extension for LinuxStandalone target not found
Native extension for WindowsStandalone target not found
Mono: successfully reloaded assembly
- Finished resetting the current domain, in  0.948 seconds
Domain Reload Profiling: 1439ms
	BeginReloadAssembly (144ms)
		ExecutionOrderSort (0ms)
		DisableScriptedObjects (7ms)
		BackupInstance (0ms)
		ReleaseScriptingObjects (0ms)
		CreateAndSetChildDomain (43ms)
	RebuildCommonClasses (39ms)
	RebuildNativeTypeToScriptingClass (12ms)
	initialDomainReloadingComplete (38ms)
	LoadAllAssembliesAndSetupDomain (257ms)
		LoadAssemblies (294ms)
		RebuildTransferFunctionScriptingTraits (0ms)
		AnalyzeDomain (24ms)
			TypeCache.Refresh (8ms)
				TypeCache.ScanAssembly (0ms)
			ScanForSourceGeneratedMonoScriptInfo (8ms)
			ResolveRequiredComponents (6ms)
	FinalizeReload (949ms)
		ReleaseScriptCaches (0ms)
		RebuildScriptCaches (0ms)
		SetupLoadedEditorAssemblies (563ms)
			LogAssemblyErrors (0ms)
			InitializePlatformSupportModulesInManaged (54ms)
			SetLoadedEditorAssemblies (8ms)
			RefreshPlugins (0ms)
			BeforeProcessingInitializeOnLoad (89ms)
			ProcessInitializeOnLoadAttributes (376ms)
			ProcessInitializeOnLoadMethodAttributes (31ms)
			AfterProcessingInitializeOnLoad (6ms)
			EditorAssembliesLoaded (0ms)
		ExecutionOrderSort2 (0ms)
		AwakeInstancesAfterBackupRestoration (5ms)
Refreshing native plugins compatible for Editor in 1.08 ms, found 0 plugins.
Preloading 0 native plugins for Editor in 0.00 ms.
Unloading 3253 Unused Serialized files (Serialized files now loaded: 0)
Unloading 14 unused Assets / (28.5 KB). Loaded Objects now: 3755.
Memory consumption went from 131.6 MB to 131.6 MB.
Total: 4.131090 ms (FindLiveObjects: 0.299324 ms CreateObjectMapping: 0.193414 ms MarkObjects: 3.581089 ms  DeleteObjects: 0.056064 ms)

Prepare: number of updated asset objects reloaded= 0
AssetImportParameters requested are different than current active one (requested -> active):
  custom:container-demuxer-ogg: 62fdf1f143b41e24485cea50d1cbac27 -> 
  custom:scripting/monoscript/fileName/HandScript.cs: ab82d9b432b4ff3c2be587dcfc2ef88f -> f6d2d9607a041472806e778f6397f6ff
  custom:scripting/monoscript/fileName/GunScript.cs: 6a8d5652f919b70c5522b0348dc3dc24 -> adaec7589872e88b61019be0f1bdc549
  custom:video-decoder-ogg-theora: a1e56fd34408186e4bbccfd4996cb3dc -> 
  custom:scripting/monoscript/fileName/BulletScript.cs: 13477a3b0c98cca55096ea1dcfe934dc -> d888d721bde78eacda1c314a50a2cf74
  custom:CustomObjectIndexerAttribute: 232f87dd983dbecb2a4e21e08eb2cef8 -> 
  custom:container-demuxer-webm: 4f35f7cbe854078d1ac9338744f61a02 -> 
  custom:scripting/monoscript/fileName/ClipScript.cs: d454b9a64ca33d8936f1fee1d0b94333 -> a47e0092d1d896ccc176e69669d3233d
  custom:container-muxer-webm: aa71ff27fc2769a1b78a27578f13a17b -> 
  custom:video-decoder-webm-vp8: 9c59270c3fd7afecdb556c50c9e8de78 -> 
  custom:scripting/monoscript/fileName/MovementScript.cs: 0602eb1700489a3ab9cb01ec15ee773a -> 9a1daee93d0a505568922467e5a5e2e0
  custom:SearchIndexIgnoredProperties: e643bd26f0fe6173181afceb89e7c659 -> 
  custom:AudioImporter_EditorPlatform: 2f0ff77a95e0ac474e3e8eeba4e2f7cb -> 
  custom:video-encoder-webm-vp8: eb34c28f22e8b96e1ab97ce403110664 -> 
  custom:audio-decoder-ogg-vorbis: bf7c407c2cedff20999df2af8eb42d56 -> 
  custom:scripting/monoscript/fileName/Item.cs: c2b7fc65fe255f985743270ca947d8ec -> edfd25bbe8f561e55c7415f9c3adacfe
  custom:audio-encoder-webm-vorbis: bf7c407c2cedff20999df2af8eb42d56 -> 
  custom:scripting/precompiled-assembly-types:Assembly-CSharp: be7cd846428441ed6c71065bcd346447 -> 14f21d8c89919019ed129879e7927412
========================================================================
Received Import Request.
  Time since last request: 16606.596514 seconds.
  path: Assets/Models/CityPack/KayKit_City_Builder_Bits_1.0_FREE/sample.png
  artifactKey: Guid(38e2c825112dc3732b9c679b85291502) Importer(815301076,1909f56bfc062723c751e8b465ee728b)
Start importing Assets/Models/CityPack/KayKit_City_Builder_Bits_1.0_FREE/sample.png using Guid(38e2c825112dc3732b9c679b85291502) Importer(815301076,1909f56bfc062723c751e8b465ee728b) [PhysX] Initialized MultithreadedTaskDispatcher with 8 workers.
[PhysX] Initialized MultithreadedTaskDispatcher with 8 workers.
 -> (artifact id: 'd82dcf213049aab7efe971fd0c353c07') in 0.068129 seconds
Number of updated asset objects reloaded before import = 0
Number of asset objects unloaded after import = 2
========================================================================
Received Import Request.
  Time since last request: 6.968425 seconds.
  path: Assets/Models/CityPack/KayKit_City_Builder_Bits_1.0_FREE/Assets/fbx/bench.fbx
  artifactKey: Guid(c131ca9f46b83ddf891a6738dd90c3e5) Importer(815301076,1909f56bfc062723c751e8b465ee728b)
Start importing Assets/Models/CityPack/KayKit_City_Builder_Bits_1.0_FREE/Assets/fbx/bench.fbx using Guid(c131ca9f46b83ddf891a6738dd90c3e5) Importer(815301076,1909f56bfc062723c751e8b465ee728b) [PhysX] Initialized MultithreadedTaskDispatcher with 8 workers.
[PhysX] Initialized MultithreadedTaskDispatcher with 8 workers.
[PhysX] Initialized MultithreadedTaskDispatcher with 8 workers.
[PhysX] Initialized MultithreadedTaskDispatcher with 8 workers.
 -> (artifact id: '5170ba7890f72a86aec9f23abac28e1a') in 0.128043 seconds
Number of updated asset objects reloaded before import = 0
Number of asset objects unloaded after import = 9
========================================================================
Received Import Request.
  Time since last request: 0.000029 seconds.
  path: Assets/Models/CityPack/KayKit_City_Builder_Bits_1.0_FREE/Assets/fbx/building_D_withoutBase.fbx
  artifactKey: Guid(6a11eb7f8f6842181a2bda688326903d) Importer(815301076,1909f56bfc062723c751e8b465ee728b)
Start importing Assets/Models/CityPack/KayKit_City_Builder_Bits_1.0_FREE/Assets/fbx/building_D_withoutBase.fbx using Guid(6a11eb7f8f6842181a2bda688326903d) Importer(815301076,1909f56bfc062723c751e8b465ee728b) [PhysX] Initialized MultithreadedTaskDispatcher with 8 workers.
[PhysX] Initialized MultithreadedTaskDispatcher with 8 workers.
[PhysX] Initialized MultithreadedTaskDispatcher with 8 workers.
[PhysX] Initialized MultithreadedTaskDispatcher with 8 workers.
 -> (artifact id: '356766468a669c34195f84690772856a') in 0.021373 seconds
Number of updated asset objects reloaded before import = 0
Number of asset objects unloaded after import = 9
========================================================================
Received Import Request.
  Time since last request: 0.000037 seconds.
  path: Assets/Models/CityPack/KayKit_City_Builder_Bits_1.0_FREE/Assets/fbx/building_F.fbx
  artifactKey: Guid(3b54f02c7fa3265c7848873ca56b476c) Importer(815301076,1909f56bfc062723c751e8b465ee728b)
Start importing Assets/Models/CityPack/KayKit_City_Builder_Bits_1.0_FREE/Assets/fbx/building_F.fbx using Guid(3b54f02c7fa3265c7848873ca56b476c) Importer(815301076,1909f56bfc062723c751e8b465ee728b) [PhysX] Initialized MultithreadedTaskDispatcher with 8 workers.
[PhysX] Initialized MultithreadedTaskDispatcher with 8 workers.
[PhysX] Initialized MultithreadedTaskDispatcher with 8 workers.
[PhysX] Initialized MultithreadedTaskDispatcher with 8 workers.
 -> (artifact id: 'a0f9944ec1e99c049bcc0dc5a87eea7e') in 0.016906 seconds
Number of updated asset objects reloaded before import = 0
Number of asset objects unloaded after import = 9
========================================================================
Received Import Request.
  Time since last request: 0.000025 seconds.
  path: Assets/Models/CityPack/KayKit_City_Builder_Bits_1.0_FREE/Assets/fbx/building_G_withoutBase.fbx
  artifactKey: Guid(9e243f95c5e280d20bb487299f99ff49) Importer(815301076,1909f56bfc062723c751e8b465ee728b)
Start importing Assets/Models/CityPack/KayKit_City_Builder_Bits_1.0_FREE/Assets/fbx/building_G_withoutBase.fbx using Guid(9e243f95c5e280d20bb487299f99ff49) Importer(815301076,1909f56bfc062723c751e8b465ee728b) [PhysX] Initialized MultithreadedTaskDispatcher with 8 workers.
[PhysX] Initialized MultithreadedTaskDispatcher with 8 workers.
[PhysX] Initialized MultithreadedTaskDispatcher with 8 workers.
[PhysX] Initialized MultithreadedTaskDispatcher with 8 workers.
 -> (artifact id: '63516732e02690a121e6e3b7df08c81f') in 0.022265 seconds
Number of updated asset objects reloaded before import = 0
Number of asset objects unloaded after import = 9
========================================================================
Received Import Request.
  Time since last request: 0.000023 seconds.
  path: Assets/Models/CityPack/KayKit_City_Builder_Bits_1.0_FREE/Assets/fbx/box_B.fbx
  artifactKey: Guid(3c4ad07645892e605b03e612ec80dfcd) Importer(815301076,1909f56bfc062723c751e8b465ee728b)
Start importing Assets/Models/CityPack/KayKit_City_Builder_Bits_1.0_FREE/Assets/fbx/box_B.fbx using Guid(3c4ad07645892e605b03e612ec80dfcd) Importer(815301076,1909f56bfc062723c751e8b465ee728b) [PhysX] Initialized MultithreadedTaskDispatcher with 8 workers.
[PhysX] Initialized MultithreadedTaskDispatcher with 8 workers.
[PhysX] Initialized MultithreadedTaskDispatcher with 8 workers.
[PhysX] Initialized MultithreadedTaskDispatcher with 8 workers.
 -> (artifact id: 'aa5f487d529bae72f33df5f76ad2fcbb') in 0.025659 seconds
Number of updated asset objects reloaded before import = 0
Number of asset objects unloaded after import = 9
========================================================================
Received Import Request.
  Time since last request: 0.000018 seconds.
  path: Assets/Models/CityPack/KayKit_City_Builder_Bits_1.0_FREE/Assets/fbx/building_C.fbx
  artifactKey: Guid(3ee36e2292bdcc201a46086124a8d742) Importer(815301076,1909f56bfc062723c751e8b465ee728b)
Start importing Assets/Models/CityPack/KayKit_City_Builder_Bits_1.0_FREE/Assets/fbx/building_C.fbx using Guid(3ee36e2292bdcc201a46086124a8d742) Importer(815301076,1909f56bfc062723c751e8b465ee728b) [PhysX] Initialized MultithreadedTaskDispatcher with 8 workers.
[PhysX] Initialized MultithreadedTaskDispatcher with 8 workers.
[PhysX] Initialized MultithreadedTaskDispatcher with 8 workers.
[PhysX] Initialized MultithreadedTaskDispatcher with 8 workers.
 -> (artifact id: 'b890a0013c92f34a90aef9fe2141a919') in 0.023023 seconds
Number of updated asset objects reloaded before import = 0
Number of asset objects unloaded after import = 9
========================================================================
Received Import Request.
  Time since last request: 0.000018 seconds.
  path: Assets/Models/CityPack/KayKit_City_Builder_Bits_1.0_FREE/Assets/fbx/building_A_withoutBase.fbx
  artifactKey: Guid(455211291c3ab72268a1c793ca797386) Importer(815301076,1909f56bfc062723c751e8b465ee728b)
Start importing Assets/Models/CityPack/KayKit_City_Builder_Bits_1.0_FREE/Assets/fbx/building_A_withoutBase.fbx using Guid(455211291c3ab72268a1c793ca797386) Importer(815301076,1909f56bfc062723c751e8b465ee728b) [PhysX] Initialized MultithreadedTaskDispatcher with 8 workers.
[PhysX] Initialized MultithreadedTaskDispatcher with 8 workers.
[PhysX] Initialized MultithreadedTaskDispatcher with 8 workers.
[PhysX] Initialized MultithreadedTaskDispatcher with 8 workers.
 -> (artifact id: '8086fa3f364177897339de46a78fab20') in 0.016078 seconds
Number of updated asset objects reloaded before import = 0
Number of asset objects unloaded after import = 9
========================================================================
Received Import Request.
  Time since last request: 0.000026 seconds.
  path: Assets/Models/CityPack/KayKit_City_Builder_Bits_1.0_FREE/Assets/fbx/firehydrant.fbx
  artifactKey: Guid(075fa5b563bfd6b8ba99663e7843c010) Importer(815301076,1909f56bfc062723c751e8b465ee728b)
Start importing Assets/Models/CityPack/KayKit_City_Builder_Bits_1.0_FREE/Assets/fbx/firehydrant.fbx using Guid(075fa5b563bfd6b8ba99663e7843c010) Importer(815301076,1909f56bfc062723c751e8b465ee728b) [PhysX] Initialized MultithreadedTaskDispatcher with 8 workers.
[PhysX] Initialized MultithreadedTaskDispatcher with 8 workers.
[PhysX] Initialized MultithreadedTaskDispatcher with 8 workers.
[PhysX] Initialized MultithreadedTaskDispatcher with 8 workers.
 -> (artifact id: '26488c2fd03bfb15c3bf29b81f5fcfd8') in 0.019222 seconds
Number of updated asset objects reloaded before import = 0
Number of asset objects unloaded after import = 9
========================================================================
Received Import Request.
  Time since last request: 0.000021 seconds.
  path: Assets/Models/CityPack/KayKit_City_Builder_Bits_1.0_FREE/Assets/fbx/car_sedan.fbx
  artifactKey: Guid(48aa9eaa9b953517f90ce31b38114a21) Importer(815301076,1909f56bfc062723c751e8b465ee728b)
Start importing Assets/Models/CityPack/KayKit_City_Builder_Bits_1.0_FREE/Assets/fbx/car_sedan.fbx using Guid(48aa9eaa9b953517f90ce31b38114a21) Importer(815301076,1909f56bfc062723c751e8b465ee728b) [PhysX] Initialized MultithreadedTaskDispatcher with 8 workers.
[PhysX] Initialized MultithreadedTaskDispatcher with 8 workers.
[PhysX] Initialized MultithreadedTaskDispatcher with 8 workers.
[PhysX] Initialized MultithreadedTaskDispatcher with 8 workers.
[PhysX] Initialized MultithreadedTaskDispatcher with 8 workers.
[PhysX] Initialized MultithreadedTaskDispatcher with 8 workers.
[PhysX] Initialized MultithreadedTaskDispatcher with 8 workers.
[PhysX] Initialized MultithreadedTaskDispatcher with 8 workers.
[PhysX] Initialized MultithreadedTaskDispatcher with 8 workers.
[PhysX] Initialized MultithreadedTaskDispatcher with 8 workers.
[PhysX] Initialized MultithreadedTaskDispatcher with 8 workers.
[PhysX] Initialized MultithreadedTaskDispatcher with 8 workers.
 -> (artifact id: 'f3affc86d7eda25820009d61416bd110') in 0.071023 seconds
Number of updated asset objects reloaded before import = 0
Number of asset objects unloaded after import = 29
========================================================================
Received Import Request.
  Time since last request: 0.000018 seconds.
  path: Assets/Models/CityPack/KayKit_City_Builder_Bits_1.0_FREE/Assets/fbx/car_police.fbx
  artifactKey: Guid(686452d57efbe9e26ba8cf425c6df8dd) Importer(815301076,1909f56bfc062723c751e8b465ee728b)
Start importing Assets/Models/CityPack/KayKit_City_Builder_Bits_1.0_FREE/Assets/fbx/car_police.fbx using Guid(686452d57efbe9e26ba8cf425c6df8dd) Importer(815301076,1909f56bfc062723c751e8b465ee728b) [PhysX] Initialized MultithreadedTaskDispatcher with 8 workers.
[PhysX] Initialized MultithreadedTaskDispatcher with 8 workers.
[PhysX] Initialized MultithreadedTaskDispatcher with 8 workers.
[PhysX] Initialized MultithreadedTaskDispatcher with 8 workers.
[PhysX] Initialized MultithreadedTaskDispatcher with 8 workers.
[PhysX] Initialized MultithreadedTaskDispatcher with 8 workers.
[PhysX] Initialized MultithreadedTaskDispatcher with 8 workers.
[PhysX] Initialized MultithreadedTaskDispatcher with 8 workers.
[PhysX] Initialized MultithreadedTaskDispatcher with 8 workers.
[PhysX] Initialized MultithreadedTaskDispatcher with 8 workers.
[PhysX] Initialized MultithreadedTaskDispatcher with 8 workers.
[PhysX] Initialized MultithreadedTaskDispatcher with 8 workers.
 -> (artifact id: 'c840f64cf2aa3edb8614a269b9f5e923') in 0.055295 seconds
Number of updated asset objects reloaded before import = 0
Number of asset objects unloaded after import = 29
========================================================================
Received Import Request.
  Time since last request: 0.000038 seconds.
  path: Assets/Models/CityPack/KayKit_City_Builder_Bits_1.0_FREE/Assets/fbx/building_H.fbx
  artifactKey: Guid(58568d75cebdecb3ea23bbb613e53e30) Importer(815301076,1909f56bfc062723c751e8b465ee728b)
Start importing Assets/Models/CityPack/KayKit_City_Builder_Bits_1.0_FREE/Assets/fbx/building_H.fbx using Guid(58568d75cebdecb3ea23bbb613e53e30) Importer(815301076,1909f56bfc062723c751e8b465ee728b) [PhysX] Initialized MultithreadedTaskDispatcher with 8 workers.
[PhysX] Initialized MultithreadedTaskDispatcher with 8 workers.
[PhysX] Initialized MultithreadedTaskDispatcher with 8 workers.
[PhysX] Initialized MultithreadedTaskDispatcher with 8 workers.
 -> (artifact id: 'c853cd2f4d5753aa783c514c261b8b93') in 0.017801 seconds
Number of updated asset objects reloaded before import = 0
Number of asset objects unloaded after import = 9
========================================================================
Received Import Request.
  Time since last request: 0.000038 seconds.
  path: Assets/Models/CityPack/KayKit_City_Builder_Bits_1.0_FREE/Assets/fbx/road_straight_crossing.fbx
  artifactKey: Guid(502b2b1c728517eddabf7b6ec288084c) Importer(815301076,1909f56bfc062723c751e8b465ee728b)
Start importing Assets/Models/CityPack/KayKit_City_Builder_Bits_1.0_FREE/Assets/fbx/road_straight_crossing.fbx using Guid(502b2b1c728517eddabf7b6ec288084c) Importer(815301076,1909f56bfc062723c751e8b465ee728b) [PhysX] Initialized MultithreadedTaskDispatcher with 8 workers.
[PhysX] Initialized MultithreadedTaskDispatcher with 8 workers.
[PhysX] Initialized MultithreadedTaskDispatcher with 8 workers.
[PhysX] Initialized MultithreadedTaskDispatcher with 8 workers.
 -> (artifact id: 'e7889a1de95f15e0281429fe67fe2254') in 0.023333 seconds
Number of updated asset objects reloaded before import = 0
Number of asset objects unloaded after import = 9
========================================================================
Received Import Request.
  Time since last request: 0.000020 seconds.
  path: Assets/Models/CityPack/KayKit_City_Builder_Bits_1.0_FREE/Assets/fbx/box_A.fbx
  artifactKey: Guid(5f5c197c8cef876aeb3f63094827afe2) Importer(815301076,1909f56bfc062723c751e8b465ee728b)
Start importing Assets/Models/CityPack/KayKit_City_Builder_Bits_1.0_FREE/Assets/fbx/box_A.fbx using Guid(5f5c197c8cef876aeb3f63094827afe2) Importer(815301076,1909f56bfc062723c751e8b465ee728b) [PhysX] Initialized MultithreadedTaskDispatcher with 8 workers.
[PhysX] Initialized MultithreadedTaskDispatcher with 8 workers.
[PhysX] Initialized MultithreadedTaskDispatcher with 8 workers.
[PhysX] Initialized MultithreadedTaskDispatcher with 8 workers.
 -> (artifact id: '84ffe0a71e5eecb82d134c40d35f8a37') in 0.018498 seconds
Number of updated asset objects reloaded before import = 0
Number of asset objects unloaded after import = 9
========================================================================
Received Import Request.
  Time since last request: 0.000028 seconds.
  path: Assets/Models/CityPack/KayKit_City_Builder_Bits_1.0_FREE/Assets/fbx/building_B.fbx
  artifactKey: Guid(b7427137374ed8c8e877cf55aa002a18) Importer(815301076,1909f56bfc062723c751e8b465ee728b)
Start importing Assets/Models/CityPack/KayKit_City_Builder_Bits_1.0_FREE/Assets/fbx/building_B.fbx using Guid(b7427137374ed8c8e877cf55aa002a18) Importer(815301076,1909f56bfc062723c751e8b465ee728b) [PhysX] Initialized MultithreadedTaskDispatcher with 8 workers.
[PhysX] Initialized MultithreadedTaskDispatcher with 8 workers.
[PhysX] Initialized MultithreadedTaskDispatcher with 8 workers.
[PhysX] Initialized MultithreadedTaskDispatcher with 8 workers.
 -> (artifact id: 'bc61069fd73907fbda1f75d4945179a6') in 0.019660 seconds
Number of updated asset objects reloaded before import = 0
Number of asset objects unloaded after import = 9
========================================================================
Received Import Request.
  Time since last request: 0.000023 seconds.
  path: Assets/Models/CityPack/KayKit_City_Builder_Bits_1.0_FREE/Assets/fbx/trafficlight_B.fbx
  artifactKey: Guid(41a675a94083036ebb88fc36139ce913) Importer(815301076,1909f56bfc062723c751e8b465ee728b)
Start importing Assets/Models/CityPack/KayKit_City_Builder_Bits_1.0_FREE/Assets/fbx/trafficlight_B.fbx using Guid(41a675a94083036ebb88fc36139ce913) Importer(815301076,1909f56bfc062723c751e8b465ee728b) [PhysX] Initialized MultithreadedTaskDispatcher with 8 workers.
[PhysX] Initialized MultithreadedTaskDispatcher with 8 workers.
[PhysX] Initialized MultithreadedTaskDispatcher with 8 workers.
[PhysX] Initialized MultithreadedTaskDispatcher with 8 workers.
 -> (artifact id: 'aa6a7772e87014617cf71becb8c748b2') in 0.019783 seconds
Number of updated asset objects reloaded before import = 0
Number of asset objects unloaded after import = 9
========================================================================
Received Import Request.
  Time since last request: 0.000051 seconds.
  path: Assets/Models/CityPack/KayKit_City_Builder_Bits_1.0_FREE/Assets/fbx/trash_A.fbx
  artifactKey: Guid(53cf6df784ac7b7719e725ed0b7bf343) Importer(815301076,1909f56bfc062723c751e8b465ee728b)
Start importing Assets/Models/CityPack/KayKit_City_Builder_Bits_1.0_FREE/Assets/fbx/trash_A.fbx using Guid(53cf6df784ac7b7719e725ed0b7bf343) Importer(815301076,1909f56bfc062723c751e8b465ee728b) [PhysX] Initialized MultithreadedTaskDispatcher with 8 workers.
[PhysX] Initialized MultithreadedTaskDispatcher with 8 workers.
[PhysX] Initialized MultithreadedTaskDispatcher with 8 workers.
[PhysX] Initialized MultithreadedTaskDispatcher with 8 workers.
 -> (artifact id: 'a8be8952ea97dafcfc0adbb8bf91e290') in 0.020109 seconds
Number of updated asset objects reloaded before import = 0
Number of asset objects unloaded after import = 9
========================================================================
Received Import Request.
  Time since last request: 0.000023 seconds.
  path: Assets/Models/CityPack/KayKit_City_Builder_Bits_1.0_FREE/Assets/fbx/trafficlight_A.fbx
  artifactKey: Guid(3d4482f200a5bc62faead08edf6a437f) Importer(815301076,1909f56bfc062723c751e8b465ee728b)
Start importing Assets/Models/CityPack/KayKit_City_Builder_Bits_1.0_FREE/Assets/fbx/trafficlight_A.fbx using Guid(3d4482f200a5bc62faead08edf6a437f) Importer(815301076,1909f56bfc062723c751e8b465ee728b) [PhysX] Initialized MultithreadedTaskDispatcher with 8 workers.
[PhysX] Initialized MultithreadedTaskDispatcher with 8 workers.
[PhysX] Initialized MultithreadedTaskDispatcher with 8 workers.
[PhysX] Initialized MultithreadedTaskDispatcher with 8 workers.
 -> (artifact id: 'b63ba262c306ed31b520bb64787a3bc0') in 0.022313 seconds
Number of updated asset objects reloaded before import = 0
Number of asset objects unloaded after import = 9
========================================================================
Received Import Request.
  Time since last request: 0.000021 seconds.
  path: Assets/Models/CityPack/KayKit_City_Builder_Bits_1.0_FREE/Assets/fbx/building_C_withoutBase.fbx
  artifactKey: Guid(809bf773d593e0351bafeb64ef7495e8) Importer(815301076,1909f56bfc062723c751e8b465ee728b)
Start importing Assets/Models/CityPack/KayKit_City_Builder_Bits_1.0_FREE/Assets/fbx/building_C_withoutBase.fbx using Guid(809bf773d593e0351bafeb64ef7495e8) Importer(815301076,1909f56bfc062723c751e8b465ee728b) [PhysX] Initialized MultithreadedTaskDispatcher with 8 workers.
[PhysX] Initialized MultithreadedTaskDispatcher with 8 workers.
[PhysX] Initialized MultithreadedTaskDispatcher with 8 workers.
[PhysX] Initialized MultithreadedTaskDispatcher with 8 workers.
 -> (artifact id: '499fc7cd1726a62b1d38cfb4cda481b3') in 0.024040 seconds
Number of updated asset objects reloaded before import = 0
Number of asset objects unloaded after import = 9
========================================================================
Received Import Request.
  Time since last request: 0.000020 seconds.
  path: Assets/Models/CityPack/KayKit_City_Builder_Bits_1.0_FREE/Assets/fbx/trash_B.fbx
  artifactKey: Guid(652d0ccfc02ace53696f508711c4e41b) Importer(815301076,1909f56bfc062723c751e8b465ee728b)
Start importing Assets/Models/CityPack/KayKit_City_Builder_Bits_1.0_FREE/Assets/fbx/trash_B.fbx using Guid(652d0ccfc02ace53696f508711c4e41b) Importer(815301076,1909f56bfc062723c751e8b465ee728b) [PhysX] Initialized MultithreadedTaskDispatcher with 8 workers.
[PhysX] Initialized MultithreadedTaskDispatcher with 8 workers.
[PhysX] Initialized MultithreadedTaskDispatcher with 8 workers.
[PhysX] Initialized MultithreadedTaskDispatcher with 8 workers.
 -> (artifact id: '7cda26f66efcdda9d6f23a4535bff606') in 0.022980 seconds
Number of updated asset objects reloaded before import = 0
Number of asset objects unloaded after import = 9
========================================================================
Received Import Request.
  Time since last request: 0.000023 seconds.
  path: Assets/Models/CityPack/KayKit_City_Builder_Bits_1.0_FREE/Assets/fbx/building_D.fbx
  artifactKey: Guid(4c814244cc502c667921a17dd39d8339) Importer(815301076,1909f56bfc062723c751e8b465ee728b)
Start importing Assets/Models/CityPack/KayKit_City_Builder_Bits_1.0_FREE/Assets/fbx/building_D.fbx using Guid(4c814244cc502c667921a17dd39d8339) Importer(815301076,1909f56bfc062723c751e8b465ee728b) [PhysX] Initialized MultithreadedTaskDispatcher with 8 workers.
[PhysX] Initialized MultithreadedTaskDispatcher with 8 workers.
[PhysX] Initialized MultithreadedTaskDispatcher with 8 workers.
[PhysX] Initialized MultithreadedTaskDispatcher with 8 workers.
 -> (artifact id: 'bbe4cd4b69ffb628c81113b8edd27838') in 0.015442 seconds
Number of updated asset objects reloaded before import = 0
Number of asset objects unloaded after import = 9
========================================================================
Received Import Request.
  Time since last request: 0.000030 seconds.
  path: Assets/Models/CityPack/KayKit_City_Builder_Bits_1.0_FREE/Assets/fbx/citybits_texture.png
  artifactKey: Guid(cb68a152033a7afbbba86803d3053df2) Importer(815301076,1909f56bfc062723c751e8b465ee728b)
Start importing Assets/Models/CityPack/KayKit_City_Builder_Bits_1.0_FREE/Assets/fbx/citybits_texture.png using Guid(cb68a152033a7afbbba86803d3053df2) Importer(815301076,1909f56bfc062723c751e8b465ee728b) [PhysX] Initialized MultithreadedTaskDispatcher with 8 workers.
[PhysX] Initialized MultithreadedTaskDispatcher with 8 workers.
 -> (artifact id: 'fedab3784a5b6462c3654760115ff898') in 0.013644 seconds
Number of updated asset objects reloaded before import = 0
Number of asset objects unloaded after import = 2
========================================================================
Received Import Request.
  Time since last request: 0.000025 seconds.
  path: Assets/Models/CityPack/KayKit_City_Builder_Bits_1.0_FREE/Assets/fbx/watertower.fbx
  artifactKey: Guid(c0a66eb4ebd5a4b1789acac474a414f8) Importer(815301076,1909f56bfc062723c751e8b465ee728b)
Start importing Assets/Models/CityPack/KayKit_City_Builder_Bits_1.0_FREE/Assets/fbx/watertower.fbx using Guid(c0a66eb4ebd5a4b1789acac474a414f8) Importer(815301076,1909f56bfc062723c751e8b465ee728b) [PhysX] Initialized MultithreadedTaskDispatcher with 8 workers.
[PhysX] Initialized MultithreadedTaskDispatcher with 8 workers.
[PhysX] Initialized MultithreadedTaskDispatcher with 8 workers.
[PhysX] Initialized MultithreadedTaskDispatcher with 8 workers.
 -> (artifact id: '481869a10824ec52abdca7da795ff163') in 0.021565 seconds
Number of updated asset objects reloaded before import = 0
Number of asset objects unloaded after import = 9
========================================================================
Received Import Request.
  Time since last request: 1.247900 seconds.
  path: Assets/Models/CityPack/KayKit_City_Builder_Bits_1.0_FREE/Assets/fbx (unity)/bench.fbx
  artifactKey: Guid(5e77baf54290636b8964e6ba6563e438) Importer(815301076,1909f56bfc062723c751e8b465ee728b)
Start importing Assets/Models/CityPack/KayKit_City_Builder_Bits_1.0_FREE/Assets/fbx (unity)/bench.fbx using Guid(5e77baf54290636b8964e6ba6563e438) Importer(815301076,1909f56bfc062723c751e8b465ee728b) [PhysX] Initialized MultithreadedTaskDispatcher with 8 workers.
[PhysX] Initialized MultithreadedTaskDispatcher with 8 workers.
[PhysX] Initialized MultithreadedTaskDispatcher with 8 workers.
[PhysX] Initialized MultithreadedTaskDispatcher with 8 workers.
 -> (artifact id: '9006e5754812d5dd7f8b6e6b73fc111d') in 0.012868 seconds
Number of updated asset objects reloaded before import = 0
Number of asset objects unloaded after import = 9
========================================================================
Received Import Request.
  Time since last request: 0.000024 seconds.
  path: Assets/Models/CityPack/KayKit_City_Builder_Bits_1.0_FREE/Assets/fbx (unity)/car_hatchback.fbx
  artifactKey: Guid(678bb39abff3cc649af8007436bc0fc6) Importer(815301076,1909f56bfc062723c751e8b465ee728b)
Start importing Assets/Models/CityPack/KayKit_City_Builder_Bits_1.0_FREE/Assets/fbx (unity)/car_hatchback.fbx using Guid(678bb39abff3cc649af8007436bc0fc6) Importer(815301076,1909f56bfc062723c751e8b465ee728b) [PhysX] Initialized MultithreadedTaskDispatcher with 8 workers.
[PhysX] Initialized MultithreadedTaskDispatcher with 8 workers.
[PhysX] Initialized MultithreadedTaskDispatcher with 8 workers.
[PhysX] Initialized MultithreadedTaskDispatcher with 8 workers.
[PhysX] Initialized MultithreadedTaskDispatcher with 8 workers.
[PhysX] Initialized MultithreadedTaskDispatcher with 8 workers.
[PhysX] Initialized MultithreadedTaskDispatcher with 8 workers.
[PhysX] Initialized MultithreadedTaskDispatcher with 8 workers.
[PhysX] Initialized MultithreadedTaskDispatcher with 8 workers.
[PhysX] Initialized MultithreadedTaskDispatcher with 8 workers.
[PhysX] Initialized MultithreadedTaskDispatcher with 8 workers.
[PhysX] Initialized MultithreadedTaskDispatcher with 8 workers.
 -> (artifact id: 'bfbee68706b1164126ed8b6a65cbbe95') in 0.051060 seconds
Number of updated asset objects reloaded before import = 0
Number of asset objects unloaded after import = 29
========================================================================
Received Import Request.
  Time since last request: 0.000038 seconds.
  path: Assets/Models/CityPack/KayKit_City_Builder_Bits_1.0_FREE/Assets/fbx (unity)/building_B_withoutBase.fbx
  artifactKey: Guid(81b94419fbd4544d7a5e9830c3e512f0) Importer(815301076,1909f56bfc062723c751e8b465ee728b)
Start importing Assets/Models/CityPack/KayKit_City_Builder_Bits_1.0_FREE/Assets/fbx (unity)/building_B_withoutBase.fbx using Guid(81b94419fbd4544d7a5e9830c3e512f0) Importer(815301076,1909f56bfc062723c751e8b465ee728b) [PhysX] Initialized MultithreadedTaskDispatcher with 8 workers.
[PhysX] Initialized MultithreadedTaskDispatcher with 8 workers.
[PhysX] Initialized MultithreadedTaskDispatcher with 8 workers.
[PhysX] Initialized MultithreadedTaskDispatcher with 8 workers.
 -> (artifact id: '183aab1cc09c3ff0443e0d10b4d89e35') in 0.019809 seconds
Number of updated asset objects reloaded before import = 0
Number of asset objects unloaded after import = 9
========================================================================
Received Import Request.
  Time since last request: 0.000018 seconds.
  path: Assets/Models/CityPack/KayKit_City_Builder_Bits_1.0_FREE/Assets/fbx (unity)/building_G_withoutBase.fbx
  artifactKey: Guid(4f30d3795d62cd092b0ccf54837eb5a8) Importer(815301076,1909f56bfc062723c751e8b465ee728b)
Start importing Assets/Models/CityPack/KayKit_City_Builder_Bits_1.0_FREE/Assets/fbx (unity)/building_G_withoutBase.fbx using Guid(4f30d3795d62cd092b0ccf54837eb5a8) Importer(815301076,1909f56bfc062723c751e8b465ee728b) [PhysX] Initialized MultithreadedTaskDispatcher with 8 workers.
[PhysX] Initialized MultithreadedTaskDispatcher with 8 workers.
[PhysX] Initialized MultithreadedTaskDispatcher with 8 workers.
[PhysX] Initialized MultithreadedTaskDispatcher with 8 workers.
 -> (artifact id: '0a331ba5fb2a363db5c6054602f52739') in 0.016043 seconds
Number of updated asset objects reloaded before import = 0
Number of asset objects unloaded after import = 9
========================================================================
Received Import Request.
  Time since last request: 0.000023 seconds.
  path: Assets/Models/CityPack/KayKit_City_Builder_Bits_1.0_FREE/Assets/fbx (unity)/building_H_withoutBase.fbx
  artifactKey: Guid(4a51f84bf150018d1be8862fec147c73) Importer(815301076,1909f56bfc062723c751e8b465ee728b)
Start importing Assets/Models/CityPack/KayKit_City_Builder_Bits_1.0_FREE/Assets/fbx (unity)/building_H_withoutBase.fbx using Guid(4a51f84bf150018d1be8862fec147c73) Importer(815301076,1909f56bfc062723c751e8b465ee728b) [PhysX] Initialized MultithreadedTaskDispatcher with 8 workers.
[PhysX] Initialized MultithreadedTaskDispatcher with 8 workers.
[PhysX] Initialized MultithreadedTaskDispatcher with 8 workers.
[PhysX] Initialized MultithreadedTaskDispatcher with 8 workers.
 -> (artifact id: '64cec24cabb2e1f5dad862b46123978c') in 0.019770 seconds
Number of updated asset objects reloaded before import = 0
Number of asset objects unloaded after import = 9
========================================================================
Received Import Request.
  Time since last request: 0.000021 seconds.
  path: Assets/Models/CityPack/KayKit_City_Builder_Bits_1.0_FREE/Assets/fbx (unity)/road_straight.fbx
  artifactKey: Guid(e1004b583e2787189b0560162f5c541f) Importer(815301076,1909f56bfc062723c751e8b465ee728b)
Start importing Assets/Models/CityPack/KayKit_City_Builder_Bits_1.0_FREE/Assets/fbx (unity)/road_straight.fbx using Guid(e1004b583e2787189b0560162f5c541f) Importer(815301076,1909f56bfc062723c751e8b465ee728b) [PhysX] Initialized MultithreadedTaskDispatcher with 8 workers.
[PhysX] Initialized MultithreadedTaskDispatcher with 8 workers.
[PhysX] Initialized MultithreadedTaskDispatcher with 8 workers.
[PhysX] Initialized MultithreadedTaskDispatcher with 8 workers.
 -> (artifact id: '6c68820f0644b62baac212d08e21d2dc') in 0.013889 seconds
Number of updated asset objects reloaded before import = 0
Number of asset objects unloaded after import = 9
========================================================================
Received Import Request.
  Time since last request: 0.000034 seconds.
  path: Assets/Models/CityPack/KayKit_City_Builder_Bits_1.0_FREE/Assets/fbx (unity)/building_E_withoutBase.fbx
  artifactKey: Guid(322d67b7614279b1188bbab0483dc2c7) Importer(815301076,1909f56bfc062723c751e8b465ee728b)
Start importing Assets/Models/CityPack/KayKit_City_Builder_Bits_1.0_FREE/Assets/fbx (unity)/building_E_withoutBase.fbx using Guid(322d67b7614279b1188bbab0483dc2c7) Importer(815301076,1909f56bfc062723c751e8b465ee728b) [PhysX] Initialized MultithreadedTaskDispatcher with 8 workers.
[PhysX] Initialized MultithreadedTaskDispatcher with 8 workers.
[PhysX] Initialized MultithreadedTaskDispatcher with 8 workers.
[PhysX] Initialized MultithreadedTaskDispatcher with 8 workers.
 -> (artifact id: '8985f6cefd658a7b417d42bcdf2de479') in 0.021539 seconds
Number of updated asset objects reloaded before import = 0
Number of asset objects unloaded after import = 9
========================================================================
Received Import Request.
  Time since last request: 0.000026 seconds.
  path: Assets/Models/CityPack/KayKit_City_Builder_Bits_1.0_FREE/Assets/fbx (unity)/building_C_withoutBase.fbx
  artifactKey: Guid(29383d3faa74f2747999bbce314b829e) Importer(815301076,1909f56bfc062723c751e8b465ee728b)
Start importing Assets/Models/CityPack/KayKit_City_Builder_Bits_1.0_FREE/Assets/fbx (unity)/building_C_withoutBase.fbx using Guid(29383d3faa74f2747999bbce314b829e) Importer(815301076,1909f56bfc062723c751e8b465ee728b) [PhysX] Initialized MultithreadedTaskDispatcher with 8 workers.
[PhysX] Initialized MultithreadedTaskDispatcher with 8 workers.
[PhysX] Initialized MultithreadedTaskDispatcher with 8 workers.
[PhysX] Initialized MultithreadedTaskDispatcher with 8 workers.
 -> (artifact id: '840a208ef9d4b556cb38707901d8fd03') in 0.015923 seconds
Number of updated asset objects reloaded before import = 0
Number of asset objects unloaded after import = 9
========================================================================
Received Import Request.
  Time since last request: 0.000032 seconds.
  path: Assets/Models/CityPack/KayKit_City_Builder_Bits_1.0_FREE/Assets/fbx (unity)/road_corner.fbx
  artifactKey: Guid(5e8f52976b8d00907b25a30c98b0d977) Importer(815301076,1909f56bfc062723c751e8b465ee728b)
Start importing Assets/Models/CityPack/KayKit_City_Builder_Bits_1.0_FREE/Assets/fbx (unity)/road_corner.fbx using Guid(5e8f52976b8d00907b25a30c98b0d977) Importer(815301076,1909f56bfc062723c751e8b465ee728b) [PhysX] Initialized MultithreadedTaskDispatcher with 8 workers.
[PhysX] Initialized MultithreadedTaskDispatcher with 8 workers.
[PhysX] Initialized MultithreadedTaskDispatcher with 8 workers.
[PhysX] Initialized MultithreadedTaskDispatcher with 8 workers.
 -> (artifact id: 'be3a0153cc93cea77e76432f6a4bcfda') in 0.017619 seconds
Number of updated asset objects reloaded before import = 0
Number of asset objects unloaded after import = 9
========================================================================
Received Import Request.
  Time since last request: 0.000019 seconds.
  path: Assets/Models/CityPack/KayKit_City_Builder_Bits_1.0_FREE/Assets/fbx (unity)/trafficlight_B.fbx
  artifactKey: Guid(2a850ec1708a69571b3207205294647e) Importer(815301076,1909f56bfc062723c751e8b465ee728b)
Start importing Assets/Models/CityPack/KayKit_City_Builder_Bits_1.0_FREE/Assets/fbx (unity)/trafficlight_B.fbx using Guid(2a850ec1708a69571b3207205294647e) Importer(815301076,1909f56bfc062723c751e8b465ee728b) [PhysX] Initialized MultithreadedTaskDispatcher with 8 workers.
[PhysX] Initialized MultithreadedTaskDispatcher with 8 workers.
[PhysX] Initialized MultithreadedTaskDispatcher with 8 workers.
[PhysX] Initialized MultithreadedTaskDispatcher with 8 workers.
 -> (artifact id: 'e04a5a15a73f5eead3ec7acc141c1155') in 0.016169 seconds
Number of updated asset objects reloaded before import = 0
Number of asset objects unloaded after import = 9
========================================================================
Received Import Request.
  Time since last request: 0.000019 seconds.
  path: Assets/Models/CityPack/KayKit_City_Builder_Bits_1.0_FREE/Assets/fbx (unity)/road_tsplit.fbx
  artifactKey: Guid(3dd334a648075643282cf09ac895e924) Importer(815301076,1909f56bfc062723c751e8b465ee728b)
Start importing Assets/Models/CityPack/KayKit_City_Builder_Bits_1.0_FREE/Assets/fbx (unity)/road_tsplit.fbx using Guid(3dd334a648075643282cf09ac895e924) Importer(815301076,1909f56bfc062723c751e8b465ee728b) [PhysX] Initialized MultithreadedTaskDispatcher with 8 workers.
[PhysX] Initialized MultithreadedTaskDispatcher with 8 workers.
[PhysX] Initialized MultithreadedTaskDispatcher with 8 workers.
[PhysX] Initialized MultithreadedTaskDispatcher with 8 workers.
 -> (artifact id: 'e95e8fde622fe2d00b9f67f6a3fde3ae') in 0.020605 seconds
Number of updated asset objects reloaded before import = 0
Number of asset objects unloaded after import = 9
========================================================================
Received Import Request.
  Time since last request: 0.000019 seconds.
  path: Assets/Models/CityPack/KayKit_City_Builder_Bits_1.0_FREE/Assets/fbx (unity)/road_junction.fbx
  artifactKey: Guid(4139bfbc1e2afd9f9946ab3316240c29) Importer(815301076,1909f56bfc062723c751e8b465ee728b)
Start importing Assets/Models/CityPack/KayKit_City_Builder_Bits_1.0_FREE/Assets/fbx (unity)/road_junction.fbx using Guid(4139bfbc1e2afd9f9946ab3316240c29) Importer(815301076,1909f56bfc062723c751e8b465ee728b) [PhysX] Initialized MultithreadedTaskDispatcher with 8 workers.
[PhysX] Initialized MultithreadedTaskDispatcher with 8 workers.
[PhysX] Initialized MultithreadedTaskDispatcher with 8 workers.
[PhysX] Initialized MultithreadedTaskDispatcher with 8 workers.
 -> (artifact id: '056d2d4ed8095d99bbc320f92c91c507') in 0.014569 seconds
Number of updated asset objects reloaded before import = 0
Number of asset objects unloaded after import = 9
========================================================================
Received Import Request.
  Time since last request: 0.000021 seconds.
  path: Assets/Models/CityPack/KayKit_City_Builder_Bits_1.0_FREE/Assets/fbx (unity)/box_B.fbx
  artifactKey: Guid(846feeed5c2aa2664bd0bc90cae7b27e) Importer(815301076,1909f56bfc062723c751e8b465ee728b)
Start importing Assets/Models/CityPack/KayKit_City_Builder_Bits_1.0_FREE/Assets/fbx (unity)/box_B.fbx using Guid(846feeed5c2aa2664bd0bc90cae7b27e) Importer(815301076,1909f56bfc062723c751e8b465ee728b) [PhysX] Initialized MultithreadedTaskDispatcher with 8 workers.
[PhysX] Initialized MultithreadedTaskDispatcher with 8 workers.
[PhysX] Initialized MultithreadedTaskDispatcher with 8 workers.
[PhysX] Initialized MultithreadedTaskDispatcher with 8 workers.
 -> (artifact id: '2fd9f0b7247e11fd5ca528f42bb18aae') in 0.021940 seconds
Number of updated asset objects reloaded before import = 0
Number of asset objects unloaded after import = 9
========================================================================
Received Import Request.
  Time since last request: 0.000020 seconds.
  path: Assets/Models/CityPack/KayKit_City_Builder_Bits_1.0_FREE/Assets/fbx (unity)/trash_B.fbx
  artifactKey: Guid(74f32bfd463e1265095d392ddd05d5bf) Importer(815301076,1909f56bfc062723c751e8b465ee728b)
Start importing Assets/Models/CityPack/KayKit_City_Builder_Bits_1.0_FREE/Assets/fbx (unity)/trash_B.fbx using Guid(74f32bfd463e1265095d392ddd05d5bf) Importer(815301076,1909f56bfc062723c751e8b465ee728b) [PhysX] Initialized MultithreadedTaskDispatcher with 8 workers.
[PhysX] Initialized MultithreadedTaskDispatcher with 8 workers.
[PhysX] Initialized MultithreadedTaskDispatcher with 8 workers.
[PhysX] Initialized MultithreadedTaskDispatcher with 8 workers.
 -> (artifact id: '82d8e3920f465d2ee4636c0a84359a95') in 0.023102 seconds
Number of updated asset objects reloaded before import = 0
Number of asset objects unloaded after import = 9
========================================================================
Received Import Request.
  Time since last request: 0.000020 seconds.
  path: Assets/Models/CityPack/KayKit_City_Builder_Bits_1.0_FREE/Assets/fbx (unity)/box_A.fbx
  artifactKey: Guid(58d6e57836b27218995e6a85dd498aaa) Importer(815301076,1909f56bfc062723c751e8b465ee728b)
Start importing Assets/Models/CityPack/KayKit_City_Builder_Bits_1.0_FREE/Assets/fbx (unity)/box_A.fbx using Guid(58d6e57836b27218995e6a85dd498aaa) Importer(815301076,1909f56bfc062723c751e8b465ee728b) [PhysX] Initialized MultithreadedTaskDispatcher with 8 workers.
[PhysX] Initialized MultithreadedTaskDispatcher with 8 workers.
[PhysX] Initialized MultithreadedTaskDispatcher with 8 workers.
[PhysX] Initialized MultithreadedTaskDispatcher with 8 workers.
 -> (artifact id: '45e3044def328353504dd41cc47490b9') in 0.021070 seconds
Number of updated asset objects reloaded before import = 0
Number of asset objects unloaded after import = 9
========================================================================
Received Import Request.
  Time since last request: 0.000021 seconds.
  path: Assets/Models/CityPack/KayKit_City_Builder_Bits_1.0_FREE/Assets/fbx (unity)/bush.fbx
  artifactKey: Guid(7a0592bf02a8943aeb582e51dbf76281) Importer(815301076,1909f56bfc062723c751e8b465ee728b)
Start importing Assets/Models/CityPack/KayKit_City_Builder_Bits_1.0_FREE/Assets/fbx (unity)/bush.fbx using Guid(7a0592bf02a8943aeb582e51dbf76281) Importer(815301076,1909f56bfc062723c751e8b465ee728b) [PhysX] Initialized MultithreadedTaskDispatcher with 8 workers.
[PhysX] Initialized MultithreadedTaskDispatcher with 8 workers.
[PhysX] Initialized MultithreadedTaskDispatcher with 8 workers.
[PhysX] Initialized MultithreadedTaskDispatcher with 8 workers.
 -> (artifact id: '20a8144023d30f7ba65ca9b81902e63e') in 0.016025 seconds
Number of updated asset objects reloaded before import = 0
Number of asset objects unloaded after import = 9
========================================================================
Received Import Request.
  Time since last request: 0.000038 seconds.
  path: Assets/Models/CityPack/KayKit_City_Builder_Bits_1.0_FREE/Assets/fbx (unity)/building_F.fbx
  artifactKey: Guid(8e1f601ba44c313199b18254b80528f5) Importer(815301076,1909f56bfc062723c751e8b465ee728b)
Start importing Assets/Models/CityPack/KayKit_City_Builder_Bits_1.0_FREE/Assets/fbx (unity)/building_F.fbx using Guid(8e1f601ba44c313199b18254b80528f5) Importer(815301076,1909f56bfc062723c751e8b465ee728b) [PhysX] Initialized MultithreadedTaskDispatcher with 8 workers.
[PhysX] Initialized MultithreadedTaskDispatcher with 8 workers.
[PhysX] Initialized MultithreadedTaskDispatcher with 8 workers.
[PhysX] Initialized MultithreadedTaskDispatcher with 8 workers.
 -> (artifact id: '60afbd2e36dc779c4c503b77f1e6fb55') in 0.022561 seconds
Number of updated asset objects reloaded before import = 0
Number of asset objects unloaded after import = 9
========================================================================
Received Import Request.
  Time since last request: 0.000021 seconds.
  path: Assets/Models/CityPack/KayKit_City_Builder_Bits_1.0_FREE/Assets/fbx (unity)/car_taxi.fbx
  artifactKey: Guid(4eb1cc2df749a478f973340baf35ed46) Importer(815301076,1909f56bfc062723c751e8b465ee728b)
Start importing Assets/Models/CityPack/KayKit_City_Builder_Bits_1.0_FREE/Assets/fbx (unity)/car_taxi.fbx using Guid(4eb1cc2df749a478f973340baf35ed46) Importer(815301076,1909f56bfc062723c751e8b465ee728b) [PhysX] Initialized MultithreadedTaskDispatcher with 8 workers.
[PhysX] Initialized MultithreadedTaskDispatcher with 8 workers.
[PhysX] Initialized MultithreadedTaskDispatcher with 8 workers.
[PhysX] Initialized MultithreadedTaskDispatcher with 8 workers.
[PhysX] Initialized MultithreadedTaskDispatcher with 8 workers.
[PhysX] Initialized MultithreadedTaskDispatcher with 8 workers.
[PhysX] Initialized MultithreadedTaskDispatcher with 8 workers.
[PhysX] Initialized MultithreadedTaskDispatcher with 8 workers.
[PhysX] Initialized MultithreadedTaskDispatcher with 8 workers.
[PhysX] Initialized MultithreadedTaskDispatcher with 8 workers.
[PhysX] Initialized MultithreadedTaskDispatcher with 8 workers.
[PhysX] Initialized MultithreadedTaskDispatcher with 8 workers.
 -> (artifact id: '8839d42db9d90fed263a2c40255fad5e') in 0.058681 seconds
Number of updated asset objects reloaded before import = 0
Number of asset objects unloaded after import = 29
========================================================================
Received Import Request.
  Time since last request: 0.000027 seconds.
  path: Assets/Models/CityPack/KayKit_City_Builder_Bits_1.0_FREE/Assets/fbx (unity)/watertower.fbx
  artifactKey: Guid(6f00b55baffe83ce8ba9940a49de381b) Importer(815301076,1909f56bfc062723c751e8b465ee728b)
Start importing Assets/Models/CityPack/KayKit_City_Builder_Bits_1.0_FREE/Assets/fbx (unity)/watertower.fbx using Guid(6f00b55baffe83ce8ba9940a49de381b) Importer(815301076,1909f56bfc062723c751e8b465ee728b) [PhysX] Initialized MultithreadedTaskDispatcher with 8 workers.
[PhysX] Initialized MultithreadedTaskDispatcher with 8 workers.
[PhysX] Initialized MultithreadedTaskDispatcher with 8 workers.
[PhysX] Initialized MultithreadedTaskDispatcher with 8 workers.
 -> (artifact id: '315cccba5bb5437b1a58c417b907d7a6') in 0.019222 seconds
Number of updated asset objects reloaded before import = 0
Number of asset objects unloaded after import = 9
========================================================================
Received Import Request.
  Time since last request: 0.000027 seconds.
  path: Assets/Models/CityPack/KayKit_City_Builder_Bits_1.0_FREE/Assets/fbx (unity)/building_C.fbx
  artifactKey: Guid(b98980ab0d21ed441b1643805fe01ed0) Importer(815301076,1909f56bfc062723c751e8b465ee728b)
Start importing Assets/Models/CityPack/KayKit_City_Builder_Bits_1.0_FREE/Assets/fbx (unity)/building_C.fbx using Guid(b98980ab0d21ed441b1643805fe01ed0) Importer(815301076,1909f56bfc062723c751e8b465ee728b) [PhysX] Initialized MultithreadedTaskDispatcher with 8 workers.
[PhysX] Initialized MultithreadedTaskDispatcher with 8 workers.
[PhysX] Initialized MultithreadedTaskDispatcher with 8 workers.
[PhysX] Initialized MultithreadedTaskDispatcher with 8 workers.
 -> (artifact id: 'ef6755e78e3e3579ebaa6a954da1c874') in 0.017499 seconds
Number of updated asset objects reloaded before import = 0
Number of asset objects unloaded after import = 9
========================================================================
Received Import Request.
  Time since last request: 0.000025 seconds.
  path: Assets/Models/CityPack/KayKit_City_Builder_Bits_1.0_FREE/Assets/fbx (unity)/building_D.fbx
  artifactKey: Guid(7b578868bd067abb99322eb8a1696c72) Importer(815301076,1909f56bfc062723c751e8b465ee728b)
Start importing Assets/Models/CityPack/KayKit_City_Builder_Bits_1.0_FREE/Assets/fbx (unity)/building_D.fbx using Guid(7b578868bd067abb99322eb8a1696c72) Importer(815301076,1909f56bfc062723c751e8b465ee728b) [PhysX] Initialized MultithreadedTaskDispatcher with 8 workers.
[PhysX] Initialized MultithreadedTaskDispatcher with 8 workers.
[PhysX] Initialized MultithreadedTaskDispatcher with 8 workers.
[PhysX] Initialized MultithreadedTaskDispatcher with 8 workers.
 -> (artifact id: '322cc3ee6ff09b23e0fee2b774382251') in 0.019191 seconds
Number of updated asset objects reloaded before import = 0
Number of asset objects unloaded after import = 9
========================================================================
Received Import Request.
  Time since last request: 0.000020 seconds.
  path: Assets/Models/CityPack/KayKit_City_Builder_Bits_1.0_FREE/Assets/fbx (unity)/building_A.fbx
  artifactKey: Guid(7b88ede432731dd7087322c2632f0409) Importer(815301076,1909f56bfc062723c751e8b465ee728b)
Start importing Assets/Models/CityPack/KayKit_City_Builder_Bits_1.0_FREE/Assets/fbx (unity)/building_A.fbx using Guid(7b88ede432731dd7087322c2632f0409) Importer(815301076,1909f56bfc062723c751e8b465ee728b) [PhysX] Initialized MultithreadedTaskDispatcher with 8 workers.
[PhysX] Initialized MultithreadedTaskDispatcher with 8 workers.
[PhysX] Initialized MultithreadedTaskDispatcher with 8 workers.
[PhysX] Initialized MultithreadedTaskDispatcher with 8 workers.
 -> (artifact id: '6e544a8180aaad0ab251095b07480bfb') in 0.015340 seconds
Number of updated asset objects reloaded before import = 0
Number of asset objects unloaded after import = 9
========================================================================
Received Import Request.
  Time since last request: 0.000049 seconds.
  path: Assets/Models/CityPack/KayKit_City_Builder_Bits_1.0_FREE/Assets/fbx (unity)/road_straight_crossing.fbx
  artifactKey: Guid(43f94d4d7200976998b0ba5cb9c2e1a1) Importer(815301076,1909f56bfc062723c751e8b465ee728b)
Start importing Assets/Models/CityPack/KayKit_City_Builder_Bits_1.0_FREE/Assets/fbx (unity)/road_straight_crossing.fbx using Guid(43f94d4d7200976998b0ba5cb9c2e1a1) Importer(815301076,1909f56bfc062723c751e8b465ee728b) [PhysX] Initialized MultithreadedTaskDispatcher with 8 workers.
[PhysX] Initialized MultithreadedTaskDispatcher with 8 workers.
[PhysX] Initialized MultithreadedTaskDispatcher with 8 workers.
[PhysX] Initialized MultithreadedTaskDispatcher with 8 workers.
 -> (artifact id: '56f830c298d84fd794f830d2c3922ba4') in 0.017916 seconds
Number of updated asset objects reloaded before import = 0
Number of asset objects unloaded after import = 9
========================================================================
Received Import Request.
  Time since last request: 228.998803 seconds.
  path: Assets/Models/CityPack/KayKit_City_Builder_Bits_1.0_FREE/Assets/fbx (unity)/bench.fbx
  artifactKey: Guid(5e77baf54290636b8964e6ba6563e438) Importer(815301076,1909f56bfc062723c751e8b465ee728b)
Start importing Assets/Models/CityPack/KayKit_City_Builder_Bits_1.0_FREE/Assets/fbx (unity)/bench.fbx using Guid(5e77baf54290636b8964e6ba6563e438) Importer(815301076,1909f56bfc062723c751e8b465ee728b) [PhysX] Initialized MultithreadedTaskDispatcher with 8 workers.
[PhysX] Initialized MultithreadedTaskDispatcher with 8 workers.
[PhysX] Initialized MultithreadedTaskDispatcher with 8 workers.
[PhysX] Initialized MultithreadedTaskDispatcher with 8 workers.
 -> (artifact id: 'a428ab709b003581636c1c6a7b110da4') in 0.016875 seconds
Number of updated asset objects reloaded before import = 0
Number of asset objects unloaded after import = 9
========================================================================
Received Import Request.
  Time since last request: 0.000023 seconds.
  path: Assets/Models/CityPack/KayKit_City_Builder_Bits_1.0_FREE/Assets/fbx (unity)/car_hatchback.fbx
  artifactKey: Guid(678bb39abff3cc649af8007436bc0fc6) Importer(815301076,1909f56bfc062723c751e8b465ee728b)
Start importing Assets/Models/CityPack/KayKit_City_Builder_Bits_1.0_FREE/Assets/fbx (unity)/car_hatchback.fbx using Guid(678bb39abff3cc649af8007436bc0fc6) Importer(815301076,1909f56bfc062723c751e8b465ee728b) [PhysX] Initialized MultithreadedTaskDispatcher with 8 workers.
[PhysX] Initialized MultithreadedTaskDispatcher with 8 workers.
[PhysX] Initialized MultithreadedTaskDispatcher with 8 workers.
[PhysX] Initialized MultithreadedTaskDispatcher with 8 workers.
[PhysX] Initialized MultithreadedTaskDispatcher with 8 workers.
[PhysX] Initialized MultithreadedTaskDispatcher with 8 workers.
[PhysX] Initialized MultithreadedTaskDispatcher with 8 workers.
[PhysX] Initialized MultithreadedTaskDispatcher with 8 workers.
[PhysX] Initialized MultithreadedTaskDispatcher with 8 workers.
[PhysX] Initialized MultithreadedTaskDispatcher with 8 workers.
[PhysX] Initialized MultithreadedTaskDispatcher with 8 workers.
[PhysX] Initialized MultithreadedTaskDispatcher with 8 workers.
 -> (artifact id: 'aa57a689341a2cac97d4e11f0192aa2b') in 0.051376 seconds
Number of updated asset objects reloaded before import = 0
Number of asset objects unloaded after import = 29
========================================================================
Received Import Request.
  Time since last request: 0.000025 seconds.
  path: Assets/Models/CityPack/KayKit_City_Builder_Bits_1.0_FREE/Assets/fbx (unity)/building_B_withoutBase.fbx
  artifactKey: Guid(81b94419fbd4544d7a5e9830c3e512f0) Importer(815301076,1909f56bfc062723c751e8b465ee728b)
Start importing Assets/Models/CityPack/KayKit_City_Builder_Bits_1.0_FREE/Assets/fbx (unity)/building_B_withoutBase.fbx using Guid(81b94419fbd4544d7a5e9830c3e512f0) Importer(815301076,1909f56bfc062723c751e8b465ee728b) [PhysX] Initialized MultithreadedTaskDispatcher with 8 workers.
[PhysX] Initialized MultithreadedTaskDispatcher with 8 workers.
[PhysX] Initialized MultithreadedTaskDispatcher with 8 workers.
[PhysX] Initialized MultithreadedTaskDispatcher with 8 workers.
 -> (artifact id: '1559e2375064f9e6701608ba97f2db43') in 0.025948 seconds
Number of updated asset objects reloaded before import = 0
Number of asset objects unloaded after import = 9
========================================================================
Received Import Request.
  Time since last request: 0.000029 seconds.
  path: Assets/Models/CityPack/KayKit_City_Builder_Bits_1.0_FREE/Assets/fbx (unity)/car_stationwagon.fbx
  artifactKey: Guid(c6cb6afa48667ee648da252a65b83184) Importer(815301076,1909f56bfc062723c751e8b465ee728b)
Start importing Assets/Models/CityPack/KayKit_City_Builder_Bits_1.0_FREE/Assets/fbx (unity)/car_stationwagon.fbx using Guid(c6cb6afa48667ee648da252a65b83184) Importer(815301076,1909f56bfc062723c751e8b465ee728b) [PhysX] Initialized MultithreadedTaskDispatcher with 8 workers.
[PhysX] Initialized MultithreadedTaskDispatcher with 8 workers.
[PhysX] Initialized MultithreadedTaskDispatcher with 8 workers.
[PhysX] Initialized MultithreadedTaskDispatcher with 8 workers.
[PhysX] Initialized MultithreadedTaskDispatcher with 8 workers.
[PhysX] Initialized MultithreadedTaskDispatcher with 8 workers.
[PhysX] Initialized MultithreadedTaskDispatcher with 8 workers.
[PhysX] Initialized MultithreadedTaskDispatcher with 8 workers.
[PhysX] Initialized MultithreadedTaskDispatcher with 8 workers.
[PhysX] Initialized MultithreadedTaskDispatcher with 8 workers.
[PhysX] Initialized MultithreadedTaskDispatcher with 8 workers.
[PhysX] Initialized MultithreadedTaskDispatcher with 8 workers.
 -> (artifact id: '714802d9c9c8640abaa24ca08dd7236e') in 0.061242 seconds
Number of updated asset objects reloaded before import = 0
Number of asset objects unloaded after import = 29
========================================================================
Received Import Request.
  Time since last request: 0.000021 seconds.
  path: Assets/Models/CityPack/KayKit_City_Builder_Bits_1.0_FREE/Assets/fbx (unity)/building_C_withoutBase.fbx
  artifactKey: Guid(29383d3faa74f2747999bbce314b829e) Importer(815301076,1909f56bfc062723c751e8b465ee728b)
Start importing Assets/Models/CityPack/KayKit_City_Builder_Bits_1.0_FREE/Assets/fbx (unity)/building_C_withoutBase.fbx using Guid(29383d3faa74f2747999bbce314b829e) Importer(815301076,1909f56bfc062723c751e8b465ee728b) [PhysX] Initialized MultithreadedTaskDispatcher with 8 workers.
[PhysX] Initialized MultithreadedTaskDispatcher with 8 workers.
[PhysX] Initialized MultithreadedTaskDispatcher with 8 workers.
[PhysX] Initialized MultithreadedTaskDispatcher with 8 workers.
 -> (artifact id: '1428185419c18904a76ef81af12c7782') in 0.018441 seconds
Number of updated asset objects reloaded before import = 0
Number of asset objects unloaded after import = 9
========================================================================
Received Import Request.
  Time since last request: 0.000021 seconds.
  path: Assets/Models/CityPack/KayKit_City_Builder_Bits_1.0_FREE/Assets/fbx (unity)/road_corner.fbx
  artifactKey: Guid(5e8f52976b8d00907b25a30c98b0d977) Importer(815301076,1909f56bfc062723c751e8b465ee728b)
Start importing Assets/Models/CityPack/KayKit_City_Builder_Bits_1.0_FREE/Assets/fbx (unity)/road_corner.fbx using Guid(5e8f52976b8d00907b25a30c98b0d977) Importer(815301076,1909f56bfc062723c751e8b465ee728b) [PhysX] Initialized MultithreadedTaskDispatcher with 8 workers.
[PhysX] Initialized MultithreadedTaskDispatcher with 8 workers.
[PhysX] Initialized MultithreadedTaskDispatcher with 8 workers.
[PhysX] Initialized MultithreadedTaskDispatcher with 8 workers.
 -> (artifact id: 'f75a782e56bf5d7275d067862f14a165') in 0.017337 seconds
Number of updated asset objects reloaded before import = 0
Number of asset objects unloaded after import = 9
========================================================================
Received Import Request.
  Time since last request: 0.000018 seconds.
  path: Assets/Models/CityPack/KayKit_City_Builder_Bits_1.0_FREE/Assets/fbx (unity)/trafficlight_B.fbx
  artifactKey: Guid(2a850ec1708a69571b3207205294647e) Importer(815301076,1909f56bfc062723c751e8b465ee728b)
Start importing Assets/Models/CityPack/KayKit_City_Builder_Bits_1.0_FREE/Assets/fbx (unity)/trafficlight_B.fbx using Guid(2a850ec1708a69571b3207205294647e) Importer(815301076,1909f56bfc062723c751e8b465ee728b) [PhysX] Initialized MultithreadedTaskDispatcher with 8 workers.
[PhysX] Initialized MultithreadedTaskDispatcher with 8 workers.
[PhysX] Initialized MultithreadedTaskDispatcher with 8 workers.
[PhysX] Initialized MultithreadedTaskDispatcher with 8 workers.
 -> (artifact id: '3d63c34898fc5d71b57ddb7f2c32b6f9') in 0.025966 seconds
Number of updated asset objects reloaded before import = 0
Number of asset objects unloaded after import = 9
========================================================================
Received Import Request.
  Time since last request: 0.000022 seconds.
  path: Assets/Models/CityPack/KayKit_City_Builder_Bits_1.0_FREE/Assets/fbx (unity)/road_tsplit.fbx
  artifactKey: Guid(3dd334a648075643282cf09ac895e924) Importer(815301076,1909f56bfc062723c751e8b465ee728b)
Start importing Assets/Models/CityPack/KayKit_City_Builder_Bits_1.0_FREE/Assets/fbx (unity)/road_tsplit.fbx using Guid(3dd334a648075643282cf09ac895e924) Importer(815301076,1909f56bfc062723c751e8b465ee728b) [PhysX] Initialized MultithreadedTaskDispatcher with 8 workers.
[PhysX] Initialized MultithreadedTaskDispatcher with 8 workers.
[PhysX] Initialized MultithreadedTaskDispatcher with 8 workers.
[PhysX] Initialized MultithreadedTaskDispatcher with 8 workers.
 -> (artifact id: 'b9f3fca570eef169ed3856ae8b5df83f') in 0.013360 seconds
Number of updated asset objects reloaded before import = 0
Number of asset objects unloaded after import = 9
========================================================================
Received Import Request.
  Time since last request: 0.000021 seconds.
  path: Assets/Models/CityPack/KayKit_City_Builder_Bits_1.0_FREE/Assets/fbx (unity)/building_B.fbx
  artifactKey: Guid(7b180045f08f48269b1601455b7b911c) Importer(815301076,1909f56bfc062723c751e8b465ee728b)
Start importing Assets/Models/CityPack/KayKit_City_Builder_Bits_1.0_FREE/Assets/fbx (unity)/building_B.fbx using Guid(7b180045f08f48269b1601455b7b911c) Importer(815301076,1909f56bfc062723c751e8b465ee728b) [PhysX] Initialized MultithreadedTaskDispatcher with 8 workers.
[PhysX] Initialized MultithreadedTaskDispatcher with 8 workers.
[PhysX] Initialized MultithreadedTaskDispatcher with 8 workers.
[PhysX] Initialized MultithreadedTaskDispatcher with 8 workers.
 -> (artifact id: '4cac9d0775ce8c6dfb9dae1385385800') in 0.014879 seconds
Number of updated asset objects reloaded before import = 0
Number of asset objects unloaded after import = 9
========================================================================
Received Import Request.
  Time since last request: 0.000018 seconds.
  path: Assets/Models/CityPack/KayKit_City_Builder_Bits_1.0_FREE/Assets/fbx (unity)/building_E.fbx
  artifactKey: Guid(f5a132a3320608366930430baaac5a95) Importer(815301076,1909f56bfc062723c751e8b465ee728b)
Start importing Assets/Models/CityPack/KayKit_City_Builder_Bits_1.0_FREE/Assets/fbx (unity)/building_E.fbx using Guid(f5a132a3320608366930430baaac5a95) Importer(815301076,1909f56bfc062723c751e8b465ee728b) [PhysX] Initialized MultithreadedTaskDispatcher with 8 workers.
[PhysX] Initialized MultithreadedTaskDispatcher with 8 workers.
[PhysX] Initialized MultithreadedTaskDispatcher with 8 workers.
[PhysX] Initialized MultithreadedTaskDispatcher with 8 workers.
 -> (artifact id: '10298222ef8c146c024b45b6a83bdc3a') in 0.018980 seconds
Number of updated asset objects reloaded before import = 0
Number of asset objects unloaded after import = 9
========================================================================
Received Import Request.
  Time since last request: 0.000037 seconds.
  path: Assets/Models/CityPack/KayKit_City_Builder_Bits_1.0_FREE/Assets/fbx (unity)/trash_B.fbx
  artifactKey: Guid(74f32bfd463e1265095d392ddd05d5bf) Importer(815301076,1909f56bfc062723c751e8b465ee728b)
Start importing Assets/Models/CityPack/KayKit_City_Builder_Bits_1.0_FREE/Assets/fbx (unity)/trash_B.fbx using Guid(74f32bfd463e1265095d392ddd05d5bf) Importer(815301076,1909f56bfc062723c751e8b465ee728b) [PhysX] Initialized MultithreadedTaskDispatcher with 8 workers.
[PhysX] Initialized MultithreadedTaskDispatcher with 8 workers.
[PhysX] Initialized MultithreadedTaskDispatcher with 8 workers.
[PhysX] Initialized MultithreadedTaskDispatcher with 8 workers.
 -> (artifact id: '87111bf48b51048ee650b411b87e4a2d') in 0.022186 seconds
Number of updated asset objects reloaded before import = 0
Number of asset objects unloaded after import = 9
========================================================================
Received Import Request.
  Time since last request: 0.000018 seconds.
  path: Assets/Models/CityPack/KayKit_City_Builder_Bits_1.0_FREE/Assets/fbx (unity)/box_A.fbx
  artifactKey: Guid(58d6e57836b27218995e6a85dd498aaa) Importer(815301076,1909f56bfc062723c751e8b465ee728b)
Start importing Assets/Models/CityPack/KayKit_City_Builder_Bits_1.0_FREE/Assets/fbx (unity)/box_A.fbx using Guid(58d6e57836b27218995e6a85dd498aaa) Importer(815301076,1909f56bfc062723c751e8b465ee728b) [PhysX] Initialized MultithreadedTaskDispatcher with 8 workers.
[PhysX] Initialized MultithreadedTaskDispatcher with 8 workers.
[PhysX] Initialized MultithreadedTaskDispatcher with 8 workers.
[PhysX] Initialized MultithreadedTaskDispatcher with 8 workers.
 -> (artifact id: '3fc820d39d7f83623216116d7687749c') in 0.014511 seconds
Number of updated asset objects reloaded before import = 0
Number of asset objects unloaded after import = 9
========================================================================
Received Import Request.
  Time since last request: 0.000029 seconds.
  path: Assets/Models/CityPack/KayKit_City_Builder_Bits_1.0_FREE/Assets/fbx (unity)/bush.fbx
  artifactKey: Guid(7a0592bf02a8943aeb582e51dbf76281) Importer(815301076,1909f56bfc062723c751e8b465ee728b)
Start importing Assets/Models/CityPack/KayKit_City_Builder_Bits_1.0_FREE/Assets/fbx (unity)/bush.fbx using Guid(7a0592bf02a8943aeb582e51dbf76281) Importer(815301076,1909f56bfc062723c751e8b465ee728b) [PhysX] Initialized MultithreadedTaskDispatcher with 8 workers.
[PhysX] Initialized MultithreadedTaskDispatcher with 8 workers.
[PhysX] Initialized MultithreadedTaskDispatcher with 8 workers.
[PhysX] Initialized MultithreadedTaskDispatcher with 8 workers.
 -> (artifact id: '779d8b66dd86b8adbfdbdfc64b384a8f') in 0.016886 seconds
Number of updated asset objects reloaded before import = 0
Number of asset objects unloaded after import = 9
========================================================================
Received Import Request.
  Time since last request: 0.000032 seconds.
  path: Assets/Models/CityPack/KayKit_City_Builder_Bits_1.0_FREE/Assets/fbx (unity)/building_F.fbx
  artifactKey: Guid(8e1f601ba44c313199b18254b80528f5) Importer(815301076,1909f56bfc062723c751e8b465ee728b)
Start importing Assets/Models/CityPack/KayKit_City_Builder_Bits_1.0_FREE/Assets/fbx (unity)/building_F.fbx using Guid(8e1f601ba44c313199b18254b80528f5) Importer(815301076,1909f56bfc062723c751e8b465ee728b) [PhysX] Initialized MultithreadedTaskDispatcher with 8 workers.
[PhysX] Initialized MultithreadedTaskDispatcher with 8 workers.
[PhysX] Initialized MultithreadedTaskDispatcher with 8 workers.
[PhysX] Initialized MultithreadedTaskDispatcher with 8 workers.
 -> (artifact id: '79491f8bb8a0ed25e5e4c102091e3ead') in 0.025803 seconds
Number of updated asset objects reloaded before import = 0
Number of asset objects unloaded after import = 9
========================================================================
Received Import Request.
  Time since last request: 0.000024 seconds.
  path: Assets/Models/CityPack/KayKit_City_Builder_Bits_1.0_FREE/Assets/fbx (unity)/car_taxi.fbx
  artifactKey: Guid(4eb1cc2df749a478f973340baf35ed46) Importer(815301076,1909f56bfc062723c751e8b465ee728b)
Start importing Assets/Models/CityPack/KayKit_City_Builder_Bits_1.0_FREE/Assets/fbx (unity)/car_taxi.fbx using Guid(4eb1cc2df749a478f973340baf35ed46) Importer(815301076,1909f56bfc062723c751e8b465ee728b) [PhysX] Initialized MultithreadedTaskDispatcher with 8 workers.
[PhysX] Initialized MultithreadedTaskDispatcher with 8 workers.
[PhysX] Initialized MultithreadedTaskDispatcher with 8 workers.
[PhysX] Initialized MultithreadedTaskDispatcher with 8 workers.
[PhysX] Initialized MultithreadedTaskDispatcher with 8 workers.
[PhysX] Initialized MultithreadedTaskDispatcher with 8 workers.
[PhysX] Initialized MultithreadedTaskDispatcher with 8 workers.
[PhysX] Initialized MultithreadedTaskDispatcher with 8 workers.
[PhysX] Initialized MultithreadedTaskDispatcher with 8 workers.
[PhysX] Initialized MultithreadedTaskDispatcher with 8 workers.
[PhysX] Initialized MultithreadedTaskDispatcher with 8 workers.
[PhysX] Initialized MultithreadedTaskDispatcher with 8 workers.
 -> (artifact id: '9671884685ab8648b69113fe8d59c692') in 0.054046 seconds
Number of updated asset objects reloaded before import = 0
Number of asset objects unloaded after import = 29
========================================================================
Received Import Request.
  Time since last request: 0.000021 seconds.
  path: Assets/Models/CityPack/KayKit_City_Builder_Bits_1.0_FREE/Assets/fbx (unity)/watertower.fbx
  artifactKey: Guid(6f00b55baffe83ce8ba9940a49de381b) Importer(815301076,1909f56bfc062723c751e8b465ee728b)
Start importing Assets/Models/CityPack/KayKit_City_Builder_Bits_1.0_FREE/Assets/fbx (unity)/watertower.fbx using Guid(6f00b55baffe83ce8ba9940a49de381b) Importer(815301076,1909f56bfc062723c751e8b465ee728b) [PhysX] Initialized MultithreadedTaskDispatcher with 8 workers.
[PhysX] Initialized MultithreadedTaskDispatcher with 8 workers.
[PhysX] Initialized MultithreadedTaskDispatcher with 8 workers.
[PhysX] Initialized MultithreadedTaskDispatcher with 8 workers.
 -> (artifact id: 'af7ef3c90f48c0c6cb03e7370d461f9f') in 0.016529 seconds
Number of updated asset objects reloaded before import = 0
Number of asset objects unloaded after import = 9
========================================================================
Received Import Request.
  Time since last request: 0.000020 seconds.
  path: Assets/Models/CityPack/KayKit_City_Builder_Bits_1.0_FREE/Assets/fbx (unity)/building_D_withoutBase.fbx
  artifactKey: Guid(89a7622efbf77026d806568fd1f400be) Importer(815301076,1909f56bfc062723c751e8b465ee728b)
Start importing Assets/Models/CityPack/KayKit_City_Builder_Bits_1.0_FREE/Assets/fbx (unity)/building_D_withoutBase.fbx using Guid(89a7622efbf77026d806568fd1f400be) Importer(815301076,1909f56bfc062723c751e8b465ee728b) [PhysX] Initialized MultithreadedTaskDispatcher with 8 workers.
[PhysX] Initialized MultithreadedTaskDispatcher with 8 workers.
[PhysX] Initialized MultithreadedTaskDispatcher with 8 workers.
[PhysX] Initialized MultithreadedTaskDispatcher with 8 workers.
 -> (artifact id: '91dfeb3c78dbf38992fc911248e4b14d') in 0.016961 seconds
Number of updated asset objects reloaded before import = 0
Number of asset objects unloaded after import = 9
========================================================================
Received Import Request.
  Time since last request: 0.000020 seconds.
  path: Assets/Models/CityPack/KayKit_City_Builder_Bits_1.0_FREE/Assets/fbx (unity)/building_A.fbx
  artifactKey: Guid(7b88ede432731dd7087322c2632f0409) Importer(815301076,1909f56bfc062723c751e8b465ee728b)
Start importing Assets/Models/CityPack/KayKit_City_Builder_Bits_1.0_FREE/Assets/fbx (unity)/building_A.fbx using Guid(7b88ede432731dd7087322c2632f0409) Importer(815301076,1909f56bfc062723c751e8b465ee728b) [PhysX] Initialized MultithreadedTaskDispatcher with 8 workers.
[PhysX] Initialized MultithreadedTaskDispatcher with 8 workers.
[PhysX] Initialized MultithreadedTaskDispatcher with 8 workers.
[PhysX] Initialized MultithreadedTaskDispatcher with 8 workers.
 -> (artifact id: '2d0d76e176f9c0df4e9578041f9b9ed0') in 0.017309 seconds
Number of updated asset objects reloaded before import = 0
Number of asset objects unloaded after import = 9
========================================================================
Received Import Request.
  Time since last request: 47.003452 seconds.
  path: Assets/Models/WeaponPack/Styloo Guns Asset Pack GLTF FBX V1.1/Normal version Color and NormalMap/FBX/ak47variant.fbx
  artifactKey: Guid(9327a35f85b98253b85518ce46ad680b) Importer(815301076,1909f56bfc062723c751e8b465ee728b)
Start importing Assets/Models/WeaponPack/Styloo Guns Asset Pack GLTF FBX V1.1/Normal version Color and NormalMap/FBX/ak47variant.fbx using Guid(9327a35f85b98253b85518ce46ad680b) Importer(815301076,1909f56bfc062723c751e8b465ee728b) [PhysX] Initialized MultithreadedTaskDispatcher with 8 workers.
[PhysX] Initialized MultithreadedTaskDispatcher with 8 workers.
[PhysX] Initialized MultithreadedTaskDispatcher with 8 workers.
[PhysX] Initialized MultithreadedTaskDispatcher with 8 workers.
[PhysX] Initialized MultithreadedTaskDispatcher with 8 workers.
[PhysX] Initialized MultithreadedTaskDispatcher with 8 workers.
[PhysX] Initialized MultithreadedTaskDispatcher with 8 workers.
[PhysX] Initialized MultithreadedTaskDispatcher with 8 workers.
 -> (artifact id: '37c3d50a87752fa16503eeebbb7d984e') in 0.036498 seconds
Number of updated asset objects reloaded before import = 0
Number of asset objects unloaded after import = 18
========================================================================
Received Import Request.
  Time since last request: 0.000016 seconds.
  path: Assets/Models/WeaponPack/Styloo Guns Asset Pack GLTF FBX V1.1/Normal version Color and NormalMap/FBX/incendiary_low.fbx
  artifactKey: Guid(23c41e4eccc86ebeaa898a2a1fbbc4e8) Importer(815301076,1909f56bfc062723c751e8b465ee728b)
Start importing Assets/Models/WeaponPack/Styloo Guns Asset Pack GLTF FBX V1.1/Normal version Color and NormalMap/FBX/incendiary_low.fbx using Guid(23c41e4eccc86ebeaa898a2a1fbbc4e8) Importer(815301076,1909f56bfc062723c751e8b465ee728b) [PhysX] Initialized MultithreadedTaskDispatcher with 8 workers.
[PhysX] Initialized MultithreadedTaskDispatcher with 8 workers.
[PhysX] Initialized MultithreadedTaskDispatcher with 8 workers.
[PhysX] Initialized MultithreadedTaskDispatcher with 8 workers.
[PhysX] Initialized MultithreadedTaskDispatcher with 8 workers.
[PhysX] Initialized MultithreadedTaskDispatcher with 8 workers.
[PhysX] Initialized MultithreadedTaskDispatcher with 8 workers.
[PhysX] Initialized MultithreadedTaskDispatcher with 8 workers.
 -> (artifact id: 'a0685cebf0bf5f83df0422a45ec98f4b') in 0.038167 seconds
Number of updated asset objects reloaded before import = 0
Number of asset objects unloaded after import = 18
========================================================================
Received Import Request.
  Time since last request: 0.000021 seconds.
  path: Assets/Models/WeaponPack/Styloo Guns Asset Pack GLTF FBX V1.1/Normal version Color and NormalMap/FBX/smoke_low.fbx
  artifactKey: Guid(c659e60d758de6ffb94daa822a96e99c) Importer(815301076,1909f56bfc062723c751e8b465ee728b)
Start importing Assets/Models/WeaponPack/Styloo Guns Asset Pack GLTF FBX V1.1/Normal version Color and NormalMap/FBX/smoke_low.fbx using Guid(c659e60d758de6ffb94daa822a96e99c) Importer(815301076,1909f56bfc062723c751e8b465ee728b) [PhysX] Initialized MultithreadedTaskDispatcher with 8 workers.
[PhysX] Initialized MultithreadedTaskDispatcher with 8 workers.
[PhysX] Initialized MultithreadedTaskDispatcher with 8 workers.
[PhysX] Initialized MultithreadedTaskDispatcher with 8 workers.
[PhysX] Initialized MultithreadedTaskDispatcher with 8 workers.
[PhysX] Initialized MultithreadedTaskDispatcher with 8 workers.
[PhysX] Initialized MultithreadedTaskDispatcher with 8 workers.
[PhysX] Initialized MultithreadedTaskDispatcher with 8 workers.
 -> (artifact id: '7b614adfdafa62518c465fdfc269993f') in 0.037905 seconds
Number of updated asset objects reloaded before import = 0
Number of asset objects unloaded after import = 18
========================================================================
Received Import Request.
  Time since last request: 0.000043 seconds.
  path: Assets/Models/WeaponPack/Styloo Guns Asset Pack GLTF FBX V1.1/Normal version Color and NormalMap/FBX/rocketlaunchervariant.fbx
  artifactKey: Guid(709abda4cefa1e2419b93cc3b1948bf9) Importer(815301076,1909f56bfc062723c751e8b465ee728b)
Start importing Assets/Models/WeaponPack/Styloo Guns Asset Pack GLTF FBX V1.1/Normal version Color and NormalMap/FBX/rocketlaunchervariant.fbx using Guid(709abda4cefa1e2419b93cc3b1948bf9) Importer(815301076,1909f56bfc062723c751e8b465ee728b) [PhysX] Initialized MultithreadedTaskDispatcher with 8 workers.
[PhysX] Initialized MultithreadedTaskDispatcher with 8 workers.
[PhysX] Initialized MultithreadedTaskDispatcher with 8 workers.
[PhysX] Initialized MultithreadedTaskDispatcher with 8 workers.
[PhysX] Initialized MultithreadedTaskDispatcher with 8 workers.
[PhysX] Initialized MultithreadedTaskDispatcher with 8 workers.
[PhysX] Initialized MultithreadedTaskDispatcher with 8 workers.
[PhysX] Initialized MultithreadedTaskDispatcher with 8 workers.
[PhysX] Initialized MultithreadedTaskDispatcher with 8 workers.
[PhysX] Initialized MultithreadedTaskDispatcher with 8 workers.
[PhysX] Initialized MultithreadedTaskDispatcher with 8 workers.
[PhysX] Initialized MultithreadedTaskDispatcher with 8 workers.
 -> (artifact id: '2d3b666c4d93260a02601bb847d188e8') in 0.063406 seconds
Number of updated asset objects reloaded before import = 0
Number of asset objects unloaded after import = 28
========================================================================
Received Import Request.
  Time since last request: 0.000029 seconds.
  path: Assets/Models/WeaponPack/Styloo Guns Asset Pack GLTF FBX V1.1/Normal version Color and NormalMap/FBX/rocketlaucher.fbx
  artifactKey: Guid(ba5ecc92d855e9af1886a1daf95f4740) Importer(815301076,1909f56bfc062723c751e8b465ee728b)
Start importing Assets/Models/WeaponPack/Styloo Guns Asset Pack GLTF FBX V1.1/Normal version Color and NormalMap/FBX/rocketlaucher.fbx using Guid(ba5ecc92d855e9af1886a1daf95f4740) Importer(815301076,1909f56bfc062723c751e8b465ee728b) [PhysX] Initialized MultithreadedTaskDispatcher with 8 workers.
[PhysX] Initialized MultithreadedTaskDispatcher with 8 workers.
[PhysX] Initialized MultithreadedTaskDispatcher with 8 workers.
[PhysX] Initialized MultithreadedTaskDispatcher with 8 workers.
[PhysX] Initialized MultithreadedTaskDispatcher with 8 workers.
[PhysX] Initialized MultithreadedTaskDispatcher with 8 workers.
[PhysX] Initialized MultithreadedTaskDispatcher with 8 workers.
[PhysX] Initialized MultithreadedTaskDispatcher with 8 workers.
[PhysX] Initialized MultithreadedTaskDispatcher with 8 workers.
[PhysX] Initialized MultithreadedTaskDispatcher with 8 workers.
[PhysX] Initialized MultithreadedTaskDispatcher with 8 workers.
[PhysX] Initialized MultithreadedTaskDispatcher with 8 workers.
 -> (artifact id: '7e6b2b6c52be75963558de7e661ecce6') in 0.058242 seconds
Number of updated asset objects reloaded before import = 0
Number of asset objects unloaded after import = 28
========================================================================
Received Import Request.
  Time since last request: 0.000023 seconds.
  path: Assets/Models/WeaponPack/Styloo Guns Asset Pack GLTF FBX V1.1/Normal version Color and NormalMap/FBX/mac10.fbx
  artifactKey: Guid(6d6f22062f69d7fbfb022f9530b8a82b) Importer(815301076,1909f56bfc062723c751e8b465ee728b)
Start importing Assets/Models/WeaponPack/Styloo Guns Asset Pack GLTF FBX V1.1/Normal version Color and NormalMap/FBX/mac10.fbx using Guid(6d6f22062f69d7fbfb022f9530b8a82b) Importer(815301076,1909f56bfc062723c751e8b465ee728b) [PhysX] Initialized MultithreadedTaskDispatcher with 8 workers.
[PhysX] Initialized MultithreadedTaskDispatcher with 8 workers.
[PhysX] Initialized MultithreadedTaskDispatcher with 8 workers.
[PhysX] Initialized MultithreadedTaskDispatcher with 8 workers.
[PhysX] Initialized MultithreadedTaskDispatcher with 8 workers.
[PhysX] Initialized MultithreadedTaskDispatcher with 8 workers.
[PhysX] Initialized MultithreadedTaskDispatcher with 8 workers.
[PhysX] Initialized MultithreadedTaskDispatcher with 8 workers.
[PhysX] Initialized MultithreadedTaskDispatcher with 8 workers.
[PhysX] Initialized MultithreadedTaskDispatcher with 8 workers.
[PhysX] Initialized MultithreadedTaskDispatcher with 8 workers.
[PhysX] Initialized MultithreadedTaskDispatcher with 8 workers.
[PhysX] Initialized MultithreadedTaskDispatcher with 8 workers.
[PhysX] Initialized MultithreadedTaskDispatcher with 8 workers.
 -> (artifact id: '2a32fffc1fbbbc0dc307df183dd8a908') in 0.077760 seconds
Number of updated asset objects reloaded before import = 0
Number of asset objects unloaded after import = 33
========================================================================
Received Import Request.
  Time since last request: 0.000019 seconds.
  path: Assets/Models/WeaponPack/Styloo Guns Asset Pack GLTF FBX V1.1/Normal version Color and NormalMap/FBX/bulletshotgun.fbx
  artifactKey: Guid(919bdab5b29007bb0984c8a5cd53fc7d) Importer(815301076,1909f56bfc062723c751e8b465ee728b)
Start importing Assets/Models/WeaponPack/Styloo Guns Asset Pack GLTF FBX V1.1/Normal version Color and NormalMap/FBX/bulletshotgun.fbx using Guid(919bdab5b29007bb0984c8a5cd53fc7d) Importer(815301076,1909f56bfc062723c751e8b465ee728b) [PhysX] Initialized MultithreadedTaskDispatcher with 8 workers.
[PhysX] Initialized MultithreadedTaskDispatcher with 8 workers.
[PhysX] Initialized MultithreadedTaskDispatcher with 8 workers.
[PhysX] Initialized MultithreadedTaskDispatcher with 8 workers.
 -> (artifact id: '7103acc34b115bd1feaba0e06dae6de7') in 0.015293 seconds
Number of updated asset objects reloaded before import = 0
Number of asset objects unloaded after import = 8
========================================================================
Received Import Request.
  Time since last request: 0.000020 seconds.
  path: Assets/Models/WeaponPack/Styloo Guns Asset Pack GLTF FBX V1.1/Normal version Color and NormalMap/FBX/pew.fbx
  artifactKey: Guid(2d3abab5a030be081b02c52854a487e0) Importer(815301076,1909f56bfc062723c751e8b465ee728b)
Start importing Assets/Models/WeaponPack/Styloo Guns Asset Pack GLTF FBX V1.1/Normal version Color and NormalMap/FBX/pew.fbx using Guid(2d3abab5a030be081b02c52854a487e0) Importer(815301076,1909f56bfc062723c751e8b465ee728b) [PhysX] Initialized MultithreadedTaskDispatcher with 8 workers.
[PhysX] Initialized MultithreadedTaskDispatcher with 8 workers.
[PhysX] Initialized MultithreadedTaskDispatcher with 8 workers.
[PhysX] Initialized MultithreadedTaskDispatcher with 8 workers.
[PhysX] Initialized MultithreadedTaskDispatcher with 8 workers.
[PhysX] Initialized MultithreadedTaskDispatcher with 8 workers.
[PhysX] Initialized MultithreadedTaskDispatcher with 8 workers.
[PhysX] Initialized MultithreadedTaskDispatcher with 8 workers.
[PhysX] Initialized MultithreadedTaskDispatcher with 8 workers.
[PhysX] Initialized MultithreadedTaskDispatcher with 8 workers.
 -> (artifact id: 'ae172166f6dc3252aea6b47cf98a62d0') in 0.051289 seconds
Number of updated asset objects reloaded before import = 0
Number of asset objects unloaded after import = 23
========================================================================
Received Import Request.
  Time since last request: 0.000029 seconds.
  path: Assets/Models/WeaponPack/Styloo Guns Asset Pack GLTF FBX V1.1/Normal version Color and NormalMap/FBX/ammobox_low.fbx
  artifactKey: Guid(7fddb0695366887e288514104b7f2978) Importer(815301076,1909f56bfc062723c751e8b465ee728b)
Start importing Assets/Models/WeaponPack/Styloo Guns Asset Pack GLTF FBX V1.1/Normal version Color and NormalMap/FBX/ammobox_low.fbx using Guid(7fddb0695366887e288514104b7f2978) Importer(815301076,1909f56bfc062723c751e8b465ee728b) [PhysX] Initialized MultithreadedTaskDispatcher with 8 workers.
[PhysX] Initialized MultithreadedTaskDispatcher with 8 workers.
[PhysX] Initialized MultithreadedTaskDispatcher with 8 workers.
[PhysX] Initialized MultithreadedTaskDispatcher with 8 workers.
[PhysX] Initialized MultithreadedTaskDispatcher with 8 workers.
[PhysX] Initialized MultithreadedTaskDispatcher with 8 workers.
 -> (artifact id: 'bcade7fd4ecfdd49ccf109fa322bda39') in 0.034983 seconds
Number of updated asset objects reloaded before import = 0
Number of asset objects unloaded after import = 13
========================================================================
Received Prepare
Caller must complete domain reload
Begin MonoManager ReloadAssembly
- Loaded All Assemblies, in  0.462 seconds
Native extension for LinuxStandalone target not found
Native extension for WindowsStandalone target not found
Mono: successfully reloaded assembly
- Finished resetting the current domain, in  1.106 seconds
Domain Reload Profiling: 1568ms
	BeginReloadAssembly (142ms)
		ExecutionOrderSort (0ms)
		DisableScriptedObjects (5ms)
		BackupInstance (0ms)
		ReleaseScriptingObjects (0ms)
		CreateAndSetChildDomain (37ms)
	RebuildCommonClasses (42ms)
	RebuildNativeTypeToScriptingClass (12ms)
	initialDomainReloadingComplete (39ms)
	LoadAllAssembliesAndSetupDomain (226ms)
		LoadAssemblies (267ms)
		RebuildTransferFunctionScriptingTraits (0ms)
		AnalyzeDomain (26ms)
			TypeCache.Refresh (9ms)
				TypeCache.ScanAssembly (0ms)
			ScanForSourceGeneratedMonoScriptInfo (9ms)
			ResolveRequiredComponents (6ms)
	FinalizeReload (1107ms)
		ReleaseScriptCaches (0ms)
		RebuildScriptCaches (0ms)
		SetupLoadedEditorAssemblies (624ms)
			LogAssemblyErrors (0ms)
			InitializePlatformSupportModulesInManaged (57ms)
			SetLoadedEditorAssemblies (8ms)
			RefreshPlugins (0ms)
			BeforeProcessingInitializeOnLoad (103ms)
			ProcessInitializeOnLoadAttributes (415ms)
			ProcessInitializeOnLoadMethodAttributes (34ms)
			AfterProcessingInitializeOnLoad (7ms)
			EditorAssembliesLoaded (0ms)
		ExecutionOrderSort2 (0ms)
		AwakeInstancesAfterBackupRestoration (6ms)
Refreshing native plugins compatible for Editor in 1.59 ms, found 0 plugins.
Preloading 0 native plugins for Editor in 0.00 ms.
Unloading 3252 Unused Serialized files (Serialized files now loaded: 0)
Unloading 14 unused Assets / (28.5 KB). Loaded Objects now: 3806.
Memory consumption went from 134.1 MB to 134.0 MB.
Total: 5.255414 ms (FindLiveObjects: 0.377155 ms CreateObjectMapping: 0.272089 ms MarkObjects: 4.538517 ms  DeleteObjects: 0.066312 ms)

Prepare: number of updated asset objects reloaded= 0
AssetImportParameters requested are different than current active one (requested -> active):
  custom:container-demuxer-ogg: 62fdf1f143b41e24485cea50d1cbac27 -> 
  custom:scripting/monoscript/fileName/HandScript.cs: ab82d9b432b4ff3c2be587dcfc2ef88f -> f6d2d9607a041472806e778f6397f6ff
  custom:scripting/monoscript/fileName/GunScript.cs: 6a8d5652f919b70c5522b0348dc3dc24 -> adaec7589872e88b61019be0f1bdc549
  custom:video-decoder-ogg-theora: a1e56fd34408186e4bbccfd4996cb3dc -> 
  custom:scripting/monoscript/fileName/BulletScript.cs: 13477a3b0c98cca55096ea1dcfe934dc -> d888d721bde78eacda1c314a50a2cf74
  custom:CustomObjectIndexerAttribute: 232f87dd983dbecb2a4e21e08eb2cef8 -> 
  custom:container-demuxer-webm: 4f35f7cbe854078d1ac9338744f61a02 -> 
  custom:scripting/monoscript/fileName/ClipScript.cs: d454b9a64ca33d8936f1fee1d0b94333 -> a47e0092d1d896ccc176e69669d3233d
  custom:container-muxer-webm: aa71ff27fc2769a1b78a27578f13a17b -> 
  custom:video-decoder-webm-vp8: 9c59270c3fd7afecdb556c50c9e8de78 -> 
  custom:scripting/monoscript/fileName/MovementScript.cs: 0602eb1700489a3ab9cb01ec15ee773a -> 9a1daee93d0a505568922467e5a5e2e0
  custom:SearchIndexIgnoredProperties: e643bd26f0fe6173181afceb89e7c659 -> 
  custom:AudioImporter_EditorPlatform: 2f0ff77a95e0ac474e3e8eeba4e2f7cb -> 
  custom:video-encoder-webm-vp8: eb34c28f22e8b96e1ab97ce403110664 -> 
  custom:audio-decoder-ogg-vorbis: bf7c407c2cedff20999df2af8eb42d56 -> 
  custom:scripting/monoscript/fileName/Item.cs: c2b7fc65fe255f985743270ca947d8ec -> edfd25bbe8f561e55c7415f9c3adacfe
  custom:audio-encoder-webm-vorbis: bf7c407c2cedff20999df2af8eb42d56 -> 
  custom:scripting/precompiled-assembly-types:Assembly-CSharp: be7cd846428441ed6c71065bcd346447 -> 14f21d8c89919019ed129879e7927412
========================================================================
Received Prepare
Caller must complete domain reload
Begin MonoManager ReloadAssembly
- Loaded All Assemblies, in  0.473 seconds
Native extension for LinuxStandalone target not found
Native extension for WindowsStandalone target not found
Mono: successfully reloaded assembly
- Finished resetting the current domain, in  0.941 seconds
Domain Reload Profiling: 1413ms
	BeginReloadAssembly (148ms)
		ExecutionOrderSort (0ms)
		DisableScriptedObjects (7ms)
		BackupInstance (0ms)
		ReleaseScriptingObjects (0ms)
		CreateAndSetChildDomain (41ms)
	RebuildCommonClasses (43ms)
	RebuildNativeTypeToScriptingClass (14ms)
	initialDomainReloadingComplete (38ms)
	LoadAllAssembliesAndSetupDomain (229ms)
		LoadAssemblies (271ms)
		RebuildTransferFunctionScriptingTraits (0ms)
		AnalyzeDomain (26ms)
			TypeCache.Refresh (9ms)
				TypeCache.ScanAssembly (0ms)
			ScanForSourceGeneratedMonoScriptInfo (8ms)
			ResolveRequiredComponents (7ms)
	FinalizeReload (942ms)
		ReleaseScriptCaches (0ms)
		RebuildScriptCaches (0ms)
		SetupLoadedEditorAssemblies (544ms)
			LogAssemblyErrors (0ms)
			InitializePlatformSupportModulesInManaged (43ms)
			SetLoadedEditorAssemblies (6ms)
			RefreshPlugins (0ms)
			BeforeProcessingInitializeOnLoad (78ms)
			ProcessInitializeOnLoadAttributes (363ms)
			ProcessInitializeOnLoadMethodAttributes (47ms)
			AfterProcessingInitializeOnLoad (8ms)
			EditorAssembliesLoaded (0ms)
		ExecutionOrderSort2 (0ms)
		AwakeInstancesAfterBackupRestoration (6ms)
Refreshing native plugins compatible for Editor in 1.74 ms, found 0 plugins.
Preloading 0 native plugins for Editor in 0.00 ms.
Unloading 3253 Unused Serialized files (Serialized files now loaded: 0)
Unloading 14 unused Assets / (28.5 KB). Loaded Objects now: 3810.
Memory consumption went from 134.3 MB to 134.3 MB.
Total: 5.908845 ms (FindLiveObjects: 0.412008 ms CreateObjectMapping: 0.289257 ms MarkObjects: 5.042787 ms  DeleteObjects: 0.162627 ms)

Prepare: number of updated asset objects reloaded= 0
AssetImportParameters requested are different than current active one (requested -> active):
  custom:container-demuxer-ogg: 62fdf1f143b41e24485cea50d1cbac27 -> 
  custom:scripting/monoscript/fileName/HandScript.cs: ab82d9b432b4ff3c2be587dcfc2ef88f -> f6d2d9607a041472806e778f6397f6ff
  custom:scripting/monoscript/fileName/GunScript.cs: 6a8d5652f919b70c5522b0348dc3dc24 -> adaec7589872e88b61019be0f1bdc549
  custom:video-decoder-ogg-theora: a1e56fd34408186e4bbccfd4996cb3dc -> 
  custom:scripting/monoscript/fileName/BulletScript.cs: 13477a3b0c98cca55096ea1dcfe934dc -> d888d721bde78eacda1c314a50a2cf74
  custom:CustomObjectIndexerAttribute: 232f87dd983dbecb2a4e21e08eb2cef8 -> 
  custom:container-demuxer-webm: 4f35f7cbe854078d1ac9338744f61a02 -> 
  custom:scripting/monoscript/fileName/ClipScript.cs: d454b9a64ca33d8936f1fee1d0b94333 -> a47e0092d1d896ccc176e69669d3233d
  custom:container-muxer-webm: aa71ff27fc2769a1b78a27578f13a17b -> 
  custom:video-decoder-webm-vp8: 9c59270c3fd7afecdb556c50c9e8de78 -> 
  custom:scripting/monoscript/fileName/MovementScript.cs: 0602eb1700489a3ab9cb01ec15ee773a -> 9a1daee93d0a505568922467e5a5e2e0
  custom:SearchIndexIgnoredProperties: e643bd26f0fe6173181afceb89e7c659 -> 
  custom:AudioImporter_EditorPlatform: 2f0ff77a95e0ac474e3e8eeba4e2f7cb -> 
  custom:video-encoder-webm-vp8: eb34c28f22e8b96e1ab97ce403110664 -> 
  custom:audio-decoder-ogg-vorbis: bf7c407c2cedff20999df2af8eb42d56 -> 
  custom:scripting/monoscript/fileName/Item.cs: c2b7fc65fe255f985743270ca947d8ec -> edfd25bbe8f561e55c7415f9c3adacfe
  custom:audio-encoder-webm-vorbis: bf7c407c2cedff20999df2af8eb42d56 -> 
  custom:scripting/precompiled-assembly-types:Assembly-CSharp: be7cd846428441ed6c71065bcd346447 -> 14f21d8c89919019ed129879e7927412
========================================================================
Received Prepare
Caller must complete domain reload
Begin MonoManager ReloadAssembly
- Loaded All Assemblies, in  0.491 seconds
Native extension for LinuxStandalone target not found
Native extension for WindowsStandalone target not found
Mono: successfully reloaded assembly
- Finished resetting the current domain, in  0.904 seconds
Domain Reload Profiling: 1394ms
	BeginReloadAssembly (146ms)
		ExecutionOrderSort (0ms)
		DisableScriptedObjects (7ms)
		BackupInstance (0ms)
		ReleaseScriptingObjects (0ms)
		CreateAndSetChildDomain (38ms)
	RebuildCommonClasses (43ms)
	RebuildNativeTypeToScriptingClass (15ms)
	initialDomainReloadingComplete (38ms)
	LoadAllAssembliesAndSetupDomain (248ms)
		LoadAssemblies (289ms)
		RebuildTransferFunctionScriptingTraits (0ms)
		AnalyzeDomain (27ms)
			TypeCache.Refresh (10ms)
				TypeCache.ScanAssembly (0ms)
			ScanForSourceGeneratedMonoScriptInfo (9ms)
			ResolveRequiredComponents (7ms)
	FinalizeReload (904ms)
		ReleaseScriptCaches (0ms)
		RebuildScriptCaches (0ms)
		SetupLoadedEditorAssemblies (495ms)
			LogAssemblyErrors (0ms)
			InitializePlatformSupportModulesInManaged (44ms)
			SetLoadedEditorAssemblies (6ms)
			RefreshPlugins (0ms)
			BeforeProcessingInitializeOnLoad (77ms)
			ProcessInitializeOnLoadAttributes (329ms)
			ProcessInitializeOnLoadMethodAttributes (31ms)
			AfterProcessingInitializeOnLoad (7ms)
			EditorAssembliesLoaded (0ms)
		ExecutionOrderSort2 (0ms)
		AwakeInstancesAfterBackupRestoration (9ms)
Refreshing native plugins compatible for Editor in 1.12 ms, found 0 plugins.
Preloading 0 native plugins for Editor in 0.00 ms.
Unloading 3253 Unused Serialized files (Serialized files now loaded: 0)
Unloading 14 unused Assets / (28.5 KB). Loaded Objects now: 3814.
Memory consumption went from 134.3 MB to 134.3 MB.
Total: 6.430588 ms (FindLiveObjects: 0.382768 ms CreateObjectMapping: 0.298778 ms MarkObjects: 5.646184 ms  DeleteObjects: 0.101406 ms)

Prepare: number of updated asset objects reloaded= 0
AssetImportParameters requested are different than current active one (requested -> active):
  custom:container-demuxer-ogg: 62fdf1f143b41e24485cea50d1cbac27 -> 
  custom:scripting/monoscript/fileName/HandScript.cs: ab82d9b432b4ff3c2be587dcfc2ef88f -> f6d2d9607a041472806e778f6397f6ff
  custom:scripting/monoscript/fileName/GunScript.cs: 6a8d5652f919b70c5522b0348dc3dc24 -> adaec7589872e88b61019be0f1bdc549
  custom:video-decoder-ogg-theora: a1e56fd34408186e4bbccfd4996cb3dc -> 
  custom:scripting/monoscript/fileName/BulletScript.cs: 13477a3b0c98cca55096ea1dcfe934dc -> d888d721bde78eacda1c314a50a2cf74
  custom:CustomObjectIndexerAttribute: 232f87dd983dbecb2a4e21e08eb2cef8 -> 
  custom:container-demuxer-webm: 4f35f7cbe854078d1ac9338744f61a02 -> 
  custom:scripting/monoscript/fileName/ClipScript.cs: d454b9a64ca33d8936f1fee1d0b94333 -> a47e0092d1d896ccc176e69669d3233d
  custom:container-muxer-webm: aa71ff27fc2769a1b78a27578f13a17b -> 
  custom:video-decoder-webm-vp8: 9c59270c3fd7afecdb556c50c9e8de78 -> 
  custom:scripting/monoscript/fileName/MovementScript.cs: 0602eb1700489a3ab9cb01ec15ee773a -> 9a1daee93d0a505568922467e5a5e2e0
  custom:SearchIndexIgnoredProperties: e643bd26f0fe6173181afceb89e7c659 -> 
  custom:AudioImporter_EditorPlatform: 2f0ff77a95e0ac474e3e8eeba4e2f7cb -> 
  custom:video-encoder-webm-vp8: eb34c28f22e8b96e1ab97ce403110664 -> 
  custom:audio-decoder-ogg-vorbis: bf7c407c2cedff20999df2af8eb42d56 -> 
  custom:scripting/monoscript/fileName/Item.cs: c2b7fc65fe255f985743270ca947d8ec -> edfd25bbe8f561e55c7415f9c3adacfe
  custom:audio-encoder-webm-vorbis: bf7c407c2cedff20999df2af8eb42d56 -> 
  custom:scripting/precompiled-assembly-types:Assembly-CSharp: be7cd846428441ed6c71065bcd346447 -> 14f21d8c89919019ed129879e7927412
========================================================================
Received Prepare
Caller must complete domain reload
Begin MonoManager ReloadAssembly
- Loaded All Assemblies, in  0.498 seconds
Native extension for LinuxStandalone target not found
Native extension for WindowsStandalone target not found
Mono: successfully reloaded assembly
- Finished resetting the current domain, in  0.968 seconds
Domain Reload Profiling: 1465ms
	BeginReloadAssembly (155ms)
		ExecutionOrderSort (0ms)
		DisableScriptedObjects (8ms)
		BackupInstance (0ms)
		ReleaseScriptingObjects (0ms)
		CreateAndSetChildDomain (41ms)
	RebuildCommonClasses (43ms)
	RebuildNativeTypeToScriptingClass (13ms)
	initialDomainReloadingComplete (37ms)
	LoadAllAssembliesAndSetupDomain (248ms)
		LoadAssemblies (279ms)
		RebuildTransferFunctionScriptingTraits (0ms)
		AnalyzeDomain (36ms)
			TypeCache.Refresh (12ms)
				TypeCache.ScanAssembly (0ms)
			ScanForSourceGeneratedMonoScriptInfo (13ms)
			ResolveRequiredComponents (10ms)
	FinalizeReload (969ms)
		ReleaseScriptCaches (0ms)
		RebuildScriptCaches (0ms)
		SetupLoadedEditorAssemblies (515ms)
			LogAssemblyErrors (0ms)
			InitializePlatformSupportModulesInManaged (48ms)
			SetLoadedEditorAssemblies (7ms)
			RefreshPlugins (0ms)
			BeforeProcessingInitializeOnLoad (77ms)
			ProcessInitializeOnLoadAttributes (344ms)
			ProcessInitializeOnLoadMethodAttributes (32ms)
			AfterProcessingInitializeOnLoad (8ms)
			EditorAssembliesLoaded (0ms)
		ExecutionOrderSort2 (0ms)
		AwakeInstancesAfterBackupRestoration (5ms)
Refreshing native plugins compatible for Editor in 1.88 ms, found 0 plugins.
Preloading 0 native plugins for Editor in 0.00 ms.
Unloading 3253 Unused Serialized files (Serialized files now loaded: 0)
Unloading 14 unused Assets / (28.6 KB). Loaded Objects now: 3818.
Memory consumption went from 134.3 MB to 134.3 MB.
Total: 6.303738 ms (FindLiveObjects: 0.372230 ms CreateObjectMapping: 0.317896 ms MarkObjects: 5.526022 ms  DeleteObjects: 0.085802 ms)

Prepare: number of updated asset objects reloaded= 0
AssetImportParameters requested are different than current active one (requested -> active):
  custom:container-demuxer-ogg: 62fdf1f143b41e24485cea50d1cbac27 -> 
  custom:scripting/monoscript/fileName/HandScript.cs: ab82d9b432b4ff3c2be587dcfc2ef88f -> f6d2d9607a041472806e778f6397f6ff
  custom:scripting/monoscript/fileName/GunScript.cs: 6a8d5652f919b70c5522b0348dc3dc24 -> adaec7589872e88b61019be0f1bdc549
  custom:video-decoder-ogg-theora: a1e56fd34408186e4bbccfd4996cb3dc -> 
  custom:scripting/monoscript/fileName/BulletScript.cs: 13477a3b0c98cca55096ea1dcfe934dc -> d888d721bde78eacda1c314a50a2cf74
  custom:CustomObjectIndexerAttribute: 232f87dd983dbecb2a4e21e08eb2cef8 -> 
  custom:container-demuxer-webm: 4f35f7cbe854078d1ac9338744f61a02 -> 
  custom:scripting/monoscript/fileName/ClipScript.cs: d454b9a64ca33d8936f1fee1d0b94333 -> a47e0092d1d896ccc176e69669d3233d
  custom:container-muxer-webm: aa71ff27fc2769a1b78a27578f13a17b -> 
  custom:video-decoder-webm-vp8: 9c59270c3fd7afecdb556c50c9e8de78 -> 
  custom:scripting/monoscript/fileName/MovementScript.cs: 0602eb1700489a3ab9cb01ec15ee773a -> 9a1daee93d0a505568922467e5a5e2e0
  custom:SearchIndexIgnoredProperties: e643bd26f0fe6173181afceb89e7c659 -> 
  custom:AudioImporter_EditorPlatform: 2f0ff77a95e0ac474e3e8eeba4e2f7cb -> 
  custom:video-encoder-webm-vp8: eb34c28f22e8b96e1ab97ce403110664 -> 
  custom:audio-decoder-ogg-vorbis: bf7c407c2cedff20999df2af8eb42d56 -> 
  custom:scripting/monoscript/fileName/Item.cs: c2b7fc65fe255f985743270ca947d8ec -> edfd25bbe8f561e55c7415f9c3adacfe
  custom:audio-encoder-webm-vorbis: bf7c407c2cedff20999df2af8eb42d56 -> 
  custom:scripting/precompiled-assembly-types:Assembly-CSharp: be7cd846428441ed6c71065bcd346447 -> 14f21d8c89919019ed129879e7927412
========================================================================
Received Prepare
Caller must complete domain reload
Begin MonoManager ReloadAssembly
- Loaded All Assemblies, in  0.453 seconds
Native extension for LinuxStandalone target not found
Native extension for WindowsStandalone target not found
Mono: successfully reloaded assembly
- Finished resetting the current domain, in  0.901 seconds
Domain Reload Profiling: 1353ms
	BeginReloadAssembly (144ms)
		ExecutionOrderSort (0ms)
		DisableScriptedObjects (7ms)
		BackupInstance (0ms)
		ReleaseScriptingObjects (0ms)
		CreateAndSetChildDomain (37ms)
	RebuildCommonClasses (41ms)
	RebuildNativeTypeToScriptingClass (12ms)
	initialDomainReloadingComplete (36ms)
	LoadAllAssembliesAndSetupDomain (219ms)
		LoadAssemblies (261ms)
		RebuildTransferFunctionScriptingTraits (0ms)
		AnalyzeDomain (26ms)
			TypeCache.Refresh (9ms)
				TypeCache.ScanAssembly (0ms)
			ScanForSourceGeneratedMonoScriptInfo (9ms)
			ResolveRequiredComponents (6ms)
	FinalizeReload (902ms)
		ReleaseScriptCaches (0ms)
		RebuildScriptCaches (0ms)
		SetupLoadedEditorAssemblies (506ms)
			LogAssemblyErrors (0ms)
			InitializePlatformSupportModulesInManaged (49ms)
			SetLoadedEditorAssemblies (7ms)
			RefreshPlugins (0ms)
			BeforeProcessingInitializeOnLoad (76ms)
			ProcessInitializeOnLoadAttributes (331ms)
			ProcessInitializeOnLoadMethodAttributes (35ms)
			AfterProcessingInitializeOnLoad (9ms)
			EditorAssembliesLoaded (0ms)
		ExecutionOrderSort2 (0ms)
		AwakeInstancesAfterBackupRestoration (5ms)
Refreshing native plugins compatible for Editor in 1.11 ms, found 0 plugins.
Preloading 0 native plugins for Editor in 0.00 ms.
Unloading 3253 Unused Serialized files (Serialized files now loaded: 0)
Unloading 14 unused Assets / (28.5 KB). Loaded Objects now: 3822.
Memory consumption went from 134.3 MB to 134.3 MB.
Total: 4.058889 ms (FindLiveObjects: 0.277239 ms CreateObjectMapping: 0.241481 ms MarkObjects: 3.471102 ms  DeleteObjects: 0.067784 ms)

Prepare: number of updated asset objects reloaded= 0
AssetImportParameters requested are different than current active one (requested -> active):
  custom:container-demuxer-ogg: 62fdf1f143b41e24485cea50d1cbac27 -> 
  custom:scripting/monoscript/fileName/HandScript.cs: ab82d9b432b4ff3c2be587dcfc2ef88f -> f6d2d9607a041472806e778f6397f6ff
  custom:scripting/monoscript/fileName/GunScript.cs: 6a8d5652f919b70c5522b0348dc3dc24 -> adaec7589872e88b61019be0f1bdc549
  custom:video-decoder-ogg-theora: a1e56fd34408186e4bbccfd4996cb3dc -> 
  custom:scripting/monoscript/fileName/BulletScript.cs: 13477a3b0c98cca55096ea1dcfe934dc -> d888d721bde78eacda1c314a50a2cf74
  custom:CustomObjectIndexerAttribute: 232f87dd983dbecb2a4e21e08eb2cef8 -> 
  custom:container-demuxer-webm: 4f35f7cbe854078d1ac9338744f61a02 -> 
  custom:scripting/monoscript/fileName/ClipScript.cs: d454b9a64ca33d8936f1fee1d0b94333 -> a47e0092d1d896ccc176e69669d3233d
  custom:container-muxer-webm: aa71ff27fc2769a1b78a27578f13a17b -> 
  custom:video-decoder-webm-vp8: 9c59270c3fd7afecdb556c50c9e8de78 -> 
  custom:scripting/monoscript/fileName/MovementScript.cs: 0602eb1700489a3ab9cb01ec15ee773a -> 9a1daee93d0a505568922467e5a5e2e0
  custom:SearchIndexIgnoredProperties: e643bd26f0fe6173181afceb89e7c659 -> 
  custom:AudioImporter_EditorPlatform: 2f0ff77a95e0ac474e3e8eeba4e2f7cb -> 
  custom:video-encoder-webm-vp8: eb34c28f22e8b96e1ab97ce403110664 -> 
  custom:audio-decoder-ogg-vorbis: bf7c407c2cedff20999df2af8eb42d56 -> 
  custom:scripting/monoscript/fileName/Item.cs: c2b7fc65fe255f985743270ca947d8ec -> edfd25bbe8f561e55c7415f9c3adacfe
  custom:audio-encoder-webm-vorbis: bf7c407c2cedff20999df2af8eb42d56 -> 
  custom:scripting/precompiled-assembly-types:Assembly-CSharp: be7cd846428441ed6c71065bcd346447 -> 14f21d8c89919019ed129879e7927412
========================================================================
Received Prepare
Caller must complete domain reload
Begin MonoManager ReloadAssembly
- Loaded All Assemblies, in  0.463 seconds
Native extension for LinuxStandalone target not found
Native extension for WindowsStandalone target not found
Mono: successfully reloaded assembly
- Finished resetting the current domain, in  0.942 seconds
Domain Reload Profiling: 1405ms
	BeginReloadAssembly (149ms)
		ExecutionOrderSort (0ms)
		DisableScriptedObjects (6ms)
		BackupInstance (0ms)
		ReleaseScriptingObjects (0ms)
		CreateAndSetChildDomain (46ms)
	RebuildCommonClasses (41ms)
	RebuildNativeTypeToScriptingClass (12ms)
	initialDomainReloadingComplete (38ms)
	LoadAllAssembliesAndSetupDomain (222ms)
		LoadAssemblies (260ms)
		RebuildTransferFunctionScriptingTraits (0ms)
		AnalyzeDomain (27ms)
			TypeCache.Refresh (9ms)
				TypeCache.ScanAssembly (0ms)
			ScanForSourceGeneratedMonoScriptInfo (10ms)
			ResolveRequiredComponents (6ms)
	FinalizeReload (943ms)
		ReleaseScriptCaches (0ms)
		RebuildScriptCaches (0ms)
		SetupLoadedEditorAssemblies (533ms)
			LogAssemblyErrors (0ms)
			InitializePlatformSupportModulesInManaged (46ms)
			SetLoadedEditorAssemblies (6ms)
			RefreshPlugins (0ms)
			BeforeProcessingInitializeOnLoad (83ms)
			ProcessInitializeOnLoadAttributes (354ms)
			ProcessInitializeOnLoadMethodAttributes (36ms)
			AfterProcessingInitializeOnLoad (7ms)
			EditorAssembliesLoaded (0ms)
		ExecutionOrderSort2 (0ms)
		AwakeInstancesAfterBackupRestoration (5ms)
Refreshing native plugins compatible for Editor in 1.09 ms, found 0 plugins.
Preloading 0 native plugins for Editor in 0.00 ms.
Unloading 3253 Unused Serialized files (Serialized files now loaded: 0)
Unloading 14 unused Assets / (28.6 KB). Loaded Objects now: 3826.
Memory consumption went from 134.3 MB to 134.3 MB.
Total: 4.124583 ms (FindLiveObjects: 0.266818 ms CreateObjectMapping: 0.247963 ms MarkObjects: 3.545085 ms  DeleteObjects: 0.063332 ms)

Prepare: number of updated asset objects reloaded= 0
AssetImportParameters requested are different than current active one (requested -> active):
  custom:container-demuxer-ogg: 62fdf1f143b41e24485cea50d1cbac27 -> 
  custom:scripting/monoscript/fileName/HandScript.cs: ab82d9b432b4ff3c2be587dcfc2ef88f -> f6d2d9607a041472806e778f6397f6ff
  custom:scripting/monoscript/fileName/GunScript.cs: 6a8d5652f919b70c5522b0348dc3dc24 -> adaec7589872e88b61019be0f1bdc549
  custom:video-decoder-ogg-theora: a1e56fd34408186e4bbccfd4996cb3dc -> 
  custom:scripting/monoscript/fileName/BulletScript.cs: 13477a3b0c98cca55096ea1dcfe934dc -> d888d721bde78eacda1c314a50a2cf74
  custom:CustomObjectIndexerAttribute: 232f87dd983dbecb2a4e21e08eb2cef8 -> 
  custom:container-demuxer-webm: 4f35f7cbe854078d1ac9338744f61a02 -> 
  custom:scripting/monoscript/fileName/ClipScript.cs: d454b9a64ca33d8936f1fee1d0b94333 -> a47e0092d1d896ccc176e69669d3233d
  custom:container-muxer-webm: aa71ff27fc2769a1b78a27578f13a17b -> 
  custom:video-decoder-webm-vp8: 9c59270c3fd7afecdb556c50c9e8de78 -> 
  custom:scripting/monoscript/fileName/MovementScript.cs: 0602eb1700489a3ab9cb01ec15ee773a -> 9a1daee93d0a505568922467e5a5e2e0
  custom:SearchIndexIgnoredProperties: e643bd26f0fe6173181afceb89e7c659 -> 
  custom:AudioImporter_EditorPlatform: 2f0ff77a95e0ac474e3e8eeba4e2f7cb -> 
  custom:video-encoder-webm-vp8: eb34c28f22e8b96e1ab97ce403110664 -> 
  custom:audio-decoder-ogg-vorbis: bf7c407c2cedff20999df2af8eb42d56 -> 
  custom:scripting/monoscript/fileName/Item.cs: c2b7fc65fe255f985743270ca947d8ec -> edfd25bbe8f561e55c7415f9c3adacfe
  custom:audio-encoder-webm-vorbis: bf7c407c2cedff20999df2af8eb42d56 -> 
  custom:scripting/precompiled-assembly-types:Assembly-CSharp: be7cd846428441ed6c71065bcd346447 -> 14f21d8c89919019ed129879e7927412
========================================================================
Received Prepare
Caller must complete domain reload
Begin MonoManager ReloadAssembly
- Loaded All Assemblies, in  0.517 seconds
Native extension for LinuxStandalone target not found
Native extension for WindowsStandalone target not found
Mono: successfully reloaded assembly
- Finished resetting the current domain, in  1.018 seconds
Domain Reload Profiling: 1535ms
	BeginReloadAssembly (164ms)
		ExecutionOrderSort (0ms)
		DisableScriptedObjects (10ms)
		BackupInstance (0ms)
		ReleaseScriptingObjects (0ms)
		CreateAndSetChildDomain (49ms)
	RebuildCommonClasses (43ms)
	RebuildNativeTypeToScriptingClass (13ms)
	initialDomainReloadingComplete (37ms)
	LoadAllAssembliesAndSetupDomain (259ms)
		LoadAssemblies (287ms)
		RebuildTransferFunctionScriptingTraits (0ms)
		AnalyzeDomain (37ms)
			TypeCache.Refresh (12ms)
				TypeCache.ScanAssembly (0ms)
			ScanForSourceGeneratedMonoScriptInfo (14ms)
			ResolveRequiredComponents (10ms)
	FinalizeReload (1018ms)
		ReleaseScriptCaches (0ms)
		RebuildScriptCaches (0ms)
		SetupLoadedEditorAssemblies (584ms)
			LogAssemblyErrors (0ms)
			InitializePlatformSupportModulesInManaged (55ms)
			SetLoadedEditorAssemblies (6ms)
			RefreshPlugins (0ms)
			BeforeProcessingInitializeOnLoad (88ms)
			ProcessInitializeOnLoadAttributes (396ms)
			ProcessInitializeOnLoadMethodAttributes (31ms)
			AfterProcessingInitializeOnLoad (8ms)
			EditorAssembliesLoaded (0ms)
		ExecutionOrderSort2 (0ms)
		AwakeInstancesAfterBackupRestoration (10ms)
Refreshing native plugins compatible for Editor in 1.80 ms, found 0 plugins.
Preloading 0 native plugins for Editor in 0.00 ms.
Unloading 3253 Unused Serialized files (Serialized files now loaded: 0)
Unloading 14 unused Assets / (28.5 KB). Loaded Objects now: 3830.
Memory consumption went from 134.3 MB to 134.3 MB.
Total: 4.913456 ms (FindLiveObjects: 0.276327 ms CreateObjectMapping: 0.245135 ms MarkObjects: 4.311002 ms  DeleteObjects: 0.079468 ms)

Prepare: number of updated asset objects reloaded= 0
AssetImportParameters requested are different than current active one (requested -> active):
  custom:container-demuxer-ogg: 62fdf1f143b41e24485cea50d1cbac27 -> 
  custom:scripting/monoscript/fileName/HandScript.cs: ab82d9b432b4ff3c2be587dcfc2ef88f -> f6d2d9607a041472806e778f6397f6ff
  custom:scripting/monoscript/fileName/GunScript.cs: 6a8d5652f919b70c5522b0348dc3dc24 -> adaec7589872e88b61019be0f1bdc549
  custom:video-decoder-ogg-theora: a1e56fd34408186e4bbccfd4996cb3dc -> 
  custom:scripting/monoscript/fileName/BulletScript.cs: 13477a3b0c98cca55096ea1dcfe934dc -> d888d721bde78eacda1c314a50a2cf74
  custom:CustomObjectIndexerAttribute: 232f87dd983dbecb2a4e21e08eb2cef8 -> 
  custom:container-demuxer-webm: 4f35f7cbe854078d1ac9338744f61a02 -> 
  custom:scripting/monoscript/fileName/ClipScript.cs: d454b9a64ca33d8936f1fee1d0b94333 -> a47e0092d1d896ccc176e69669d3233d
  custom:container-muxer-webm: aa71ff27fc2769a1b78a27578f13a17b -> 
  custom:video-decoder-webm-vp8: 9c59270c3fd7afecdb556c50c9e8de78 -> 
  custom:scripting/monoscript/fileName/MovementScript.cs: 0602eb1700489a3ab9cb01ec15ee773a -> 9a1daee93d0a505568922467e5a5e2e0
  custom:SearchIndexIgnoredProperties: e643bd26f0fe6173181afceb89e7c659 -> 
  custom:AudioImporter_EditorPlatform: 2f0ff77a95e0ac474e3e8eeba4e2f7cb -> 
  custom:video-encoder-webm-vp8: eb34c28f22e8b96e1ab97ce403110664 -> 
  custom:audio-decoder-ogg-vorbis: bf7c407c2cedff20999df2af8eb42d56 -> 
  custom:scripting/monoscript/fileName/Item.cs: c2b7fc65fe255f985743270ca947d8ec -> edfd25bbe8f561e55c7415f9c3adacfe
  custom:audio-encoder-webm-vorbis: bf7c407c2cedff20999df2af8eb42d56 -> 
  custom:scripting/precompiled-assembly-types:Assembly-CSharp: be7cd846428441ed6c71065bcd346447 -> 14f21d8c89919019ed129879e7927412
========================================================================
Received Prepare
Caller must complete domain reload
Begin MonoManager ReloadAssembly
- Loaded All Assemblies, in  0.467 seconds
Native extension for LinuxStandalone target not found
Native extension for WindowsStandalone target not found
Mono: successfully reloaded assembly
- Finished resetting the current domain, in  0.912 seconds
Domain Reload Profiling: 1378ms
	BeginReloadAssembly (148ms)
		ExecutionOrderSort (0ms)
		DisableScriptedObjects (9ms)
		BackupInstance (0ms)
		ReleaseScriptingObjects (0ms)
		CreateAndSetChildDomain (40ms)
	RebuildCommonClasses (48ms)
	RebuildNativeTypeToScriptingClass (13ms)
	initialDomainReloadingComplete (37ms)
	LoadAllAssembliesAndSetupDomain (221ms)
		LoadAssemblies (261ms)
		RebuildTransferFunctionScriptingTraits (0ms)
		AnalyzeDomain (26ms)
			TypeCache.Refresh (9ms)
				TypeCache.ScanAssembly (0ms)
			ScanForSourceGeneratedMonoScriptInfo (9ms)
			ResolveRequiredComponents (7ms)
	FinalizeReload (913ms)
		ReleaseScriptCaches (0ms)
		RebuildScriptCaches (0ms)
		SetupLoadedEditorAssemblies (507ms)
			LogAssemblyErrors (0ms)
			InitializePlatformSupportModulesInManaged (46ms)
			SetLoadedEditorAssemblies (5ms)
			RefreshPlugins (0ms)
			BeforeProcessingInitializeOnLoad (84ms)
			ProcessInitializeOnLoadAttributes (335ms)
			ProcessInitializeOnLoadMethodAttributes (30ms)
			AfterProcessingInitializeOnLoad (7ms)
			EditorAssembliesLoaded (0ms)
		ExecutionOrderSort2 (0ms)
		AwakeInstancesAfterBackupRestoration (5ms)
Refreshing native plugins compatible for Editor in 1.17 ms, found 0 plugins.
Preloading 0 native plugins for Editor in 0.00 ms.
Unloading 3253 Unused Serialized files (Serialized files now loaded: 0)
Unloading 14 unused Assets / (28.6 KB). Loaded Objects now: 3834.
Memory consumption went from 134.3 MB to 134.3 MB.
Total: 4.917272 ms (FindLiveObjects: 0.289916 ms CreateObjectMapping: 0.264797 ms MarkObjects: 4.298377 ms  DeleteObjects: 0.062406 ms)

Prepare: number of updated asset objects reloaded= 0
AssetImportParameters requested are different than current active one (requested -> active):
  custom:container-demuxer-ogg: 62fdf1f143b41e24485cea50d1cbac27 -> 
  custom:scripting/monoscript/fileName/HandScript.cs: ab82d9b432b4ff3c2be587dcfc2ef88f -> f6d2d9607a041472806e778f6397f6ff
  custom:scripting/monoscript/fileName/GunScript.cs: 6a8d5652f919b70c5522b0348dc3dc24 -> adaec7589872e88b61019be0f1bdc549
  custom:video-decoder-ogg-theora: a1e56fd34408186e4bbccfd4996cb3dc -> 
  custom:scripting/monoscript/fileName/BulletScript.cs: 13477a3b0c98cca55096ea1dcfe934dc -> d888d721bde78eacda1c314a50a2cf74
  custom:CustomObjectIndexerAttribute: 232f87dd983dbecb2a4e21e08eb2cef8 -> 
  custom:container-demuxer-webm: 4f35f7cbe854078d1ac9338744f61a02 -> 
  custom:scripting/monoscript/fileName/ClipScript.cs: d454b9a64ca33d8936f1fee1d0b94333 -> a47e0092d1d896ccc176e69669d3233d
  custom:container-muxer-webm: aa71ff27fc2769a1b78a27578f13a17b -> 
  custom:video-decoder-webm-vp8: 9c59270c3fd7afecdb556c50c9e8de78 -> 
  custom:scripting/monoscript/fileName/MovementScript.cs: 0602eb1700489a3ab9cb01ec15ee773a -> 9a1daee93d0a505568922467e5a5e2e0
  custom:SearchIndexIgnoredProperties: e643bd26f0fe6173181afceb89e7c659 -> 
  custom:AudioImporter_EditorPlatform: 2f0ff77a95e0ac474e3e8eeba4e2f7cb -> 
  custom:video-encoder-webm-vp8: eb34c28f22e8b96e1ab97ce403110664 -> 
  custom:audio-decoder-ogg-vorbis: bf7c407c2cedff20999df2af8eb42d56 -> 
  custom:scripting/monoscript/fileName/Item.cs: c2b7fc65fe255f985743270ca947d8ec -> edfd25bbe8f561e55c7415f9c3adacfe
  custom:audio-encoder-webm-vorbis: bf7c407c2cedff20999df2af8eb42d56 -> 
  custom:scripting/precompiled-assembly-types:Assembly-CSharp: be7cd846428441ed6c71065bcd346447 -> 14f21d8c89919019ed129879e7927412
========================================================================
Received Prepare
Caller must complete domain reload
Begin MonoManager ReloadAssembly
- Loaded All Assemblies, in  0.458 seconds
Native extension for LinuxStandalone target not found
Native extension for WindowsStandalone target not found
Mono: successfully reloaded assembly
- Finished resetting the current domain, in  0.932 seconds
Domain Reload Profiling: 1390ms
	BeginReloadAssembly (145ms)
		ExecutionOrderSort (0ms)
		DisableScriptedObjects (7ms)
		BackupInstance (0ms)
		ReleaseScriptingObjects (0ms)
		CreateAndSetChildDomain (39ms)
	RebuildCommonClasses (43ms)
	RebuildNativeTypeToScriptingClass (13ms)
	initialDomainReloadingComplete (38ms)
	LoadAllAssembliesAndSetupDomain (219ms)
		LoadAssemblies (260ms)
		RebuildTransferFunctionScriptingTraits (0ms)
		AnalyzeDomain (26ms)
			TypeCache.Refresh (9ms)
				TypeCache.ScanAssembly (0ms)
			ScanForSourceGeneratedMonoScriptInfo (9ms)
			ResolveRequiredComponents (7ms)
	FinalizeReload (932ms)
		ReleaseScriptCaches (0ms)
		RebuildScriptCaches (0ms)
		SetupLoadedEditorAssemblies (505ms)
			LogAssemblyErrors (0ms)
			InitializePlatformSupportModulesInManaged (46ms)
			SetLoadedEditorAssemblies (6ms)
			RefreshPlugins (0ms)
			BeforeProcessingInitializeOnLoad (77ms)
			ProcessInitializeOnLoadAttributes (340ms)
			ProcessInitializeOnLoadMethodAttributes (30ms)
			AfterProcessingInitializeOnLoad (7ms)
			EditorAssembliesLoaded (0ms)
		ExecutionOrderSort2 (0ms)
		AwakeInstancesAfterBackupRestoration (5ms)
Refreshing native plugins compatible for Editor in 1.16 ms, found 0 plugins.
Preloading 0 native plugins for Editor in 0.00 ms.
Unloading 3253 Unused Serialized files (Serialized files now loaded: 0)
Unloading 14 unused Assets / (28.5 KB). Loaded Objects now: 3838.
Memory consumption went from 134.3 MB to 134.3 MB.
Total: 4.487323 ms (FindLiveObjects: 0.387278 ms CreateObjectMapping: 0.260039 ms MarkObjects: 3.778740 ms  DeleteObjects: 0.060081 ms)

Prepare: number of updated asset objects reloaded= 0
AssetImportParameters requested are different than current active one (requested -> active):
  custom:container-demuxer-ogg: 62fdf1f143b41e24485cea50d1cbac27 -> 
  custom:scripting/monoscript/fileName/HandScript.cs: ab82d9b432b4ff3c2be587dcfc2ef88f -> f6d2d9607a041472806e778f6397f6ff
  custom:scripting/monoscript/fileName/GunScript.cs: 6a8d5652f919b70c5522b0348dc3dc24 -> adaec7589872e88b61019be0f1bdc549
  custom:video-decoder-ogg-theora: a1e56fd34408186e4bbccfd4996cb3dc -> 
  custom:scripting/monoscript/fileName/BulletScript.cs: 13477a3b0c98cca55096ea1dcfe934dc -> d888d721bde78eacda1c314a50a2cf74
  custom:CustomObjectIndexerAttribute: 232f87dd983dbecb2a4e21e08eb2cef8 -> 
  custom:container-demuxer-webm: 4f35f7cbe854078d1ac9338744f61a02 -> 
  custom:scripting/monoscript/fileName/ClipScript.cs: d454b9a64ca33d8936f1fee1d0b94333 -> a47e0092d1d896ccc176e69669d3233d
  custom:container-muxer-webm: aa71ff27fc2769a1b78a27578f13a17b -> 
  custom:video-decoder-webm-vp8: 9c59270c3fd7afecdb556c50c9e8de78 -> 
  custom:scripting/monoscript/fileName/MovementScript.cs: 0602eb1700489a3ab9cb01ec15ee773a -> 9a1daee93d0a505568922467e5a5e2e0
  custom:SearchIndexIgnoredProperties: e643bd26f0fe6173181afceb89e7c659 -> 
  custom:AudioImporter_EditorPlatform: 2f0ff77a95e0ac474e3e8eeba4e2f7cb -> 
  custom:video-encoder-webm-vp8: eb34c28f22e8b96e1ab97ce403110664 -> 
  custom:audio-decoder-ogg-vorbis: bf7c407c2cedff20999df2af8eb42d56 -> 
  custom:scripting/monoscript/fileName/Item.cs: c2b7fc65fe255f985743270ca947d8ec -> edfd25bbe8f561e55c7415f9c3adacfe
  custom:audio-encoder-webm-vorbis: bf7c407c2cedff20999df2af8eb42d56 -> 
  custom:scripting/precompiled-assembly-types:Assembly-CSharp: be7cd846428441ed6c71065bcd346447 -> 14f21d8c89919019ed129879e7927412
========================================================================
Received Prepare
Caller must complete domain reload
Begin MonoManager ReloadAssembly
- Loaded All Assemblies, in  0.487 seconds
Native extension for LinuxStandalone target not found
Native extension for WindowsStandalone target not found
Mono: successfully reloaded assembly
- Finished resetting the current domain, in  1.021 seconds
Domain Reload Profiling: 1509ms
	BeginReloadAssembly (143ms)
		ExecutionOrderSort (0ms)
		DisableScriptedObjects (6ms)
		BackupInstance (0ms)
		ReleaseScriptingObjects (0ms)
		CreateAndSetChildDomain (39ms)
	RebuildCommonClasses (43ms)
	RebuildNativeTypeToScriptingClass (13ms)
	initialDomainReloadingComplete (37ms)
	LoadAllAssembliesAndSetupDomain (250ms)
		LoadAssemblies (279ms)
		RebuildTransferFunctionScriptingTraits (0ms)
		AnalyzeDomain (36ms)
			TypeCache.Refresh (11ms)
				TypeCache.ScanAssembly (0ms)
			ScanForSourceGeneratedMonoScriptInfo (13ms)
			ResolveRequiredComponents (10ms)
	FinalizeReload (1022ms)
		ReleaseScriptCaches (0ms)
		RebuildScriptCaches (0ms)
		SetupLoadedEditorAssemblies (594ms)
			LogAssemblyErrors (0ms)
			InitializePlatformSupportModulesInManaged (45ms)
			SetLoadedEditorAssemblies (5ms)
			RefreshPlugins (0ms)
			BeforeProcessingInitializeOnLoad (80ms)
			ProcessInitializeOnLoadAttributes (427ms)
			ProcessInitializeOnLoadMethodAttributes (29ms)
			AfterProcessingInitializeOnLoad (8ms)
			EditorAssembliesLoaded (0ms)
		ExecutionOrderSort2 (0ms)
		AwakeInstancesAfterBackupRestoration (6ms)
Refreshing native plugins compatible for Editor in 1.09 ms, found 0 plugins.
Preloading 0 native plugins for Editor in 0.00 ms.
Unloading 3253 Unused Serialized files (Serialized files now loaded: 0)
Unloading 14 unused Assets / (28.5 KB). Loaded Objects now: 3842.
Memory consumption went from 134.3 MB to 134.3 MB.
Total: 4.242132 ms (FindLiveObjects: 0.286662 ms CreateObjectMapping: 0.243542 ms MarkObjects: 3.650062 ms  DeleteObjects: 0.060004 ms)

Prepare: number of updated asset objects reloaded= 0
AssetImportParameters requested are different than current active one (requested -> active):
  custom:container-demuxer-ogg: 62fdf1f143b41e24485cea50d1cbac27 -> 
  custom:scripting/monoscript/fileName/HandScript.cs: ab82d9b432b4ff3c2be587dcfc2ef88f -> f6d2d9607a041472806e778f6397f6ff
  custom:scripting/monoscript/fileName/GunScript.cs: 6a8d5652f919b70c5522b0348dc3dc24 -> adaec7589872e88b61019be0f1bdc549
  custom:video-decoder-ogg-theora: a1e56fd34408186e4bbccfd4996cb3dc -> 
  custom:scripting/monoscript/fileName/BulletScript.cs: 13477a3b0c98cca55096ea1dcfe934dc -> d888d721bde78eacda1c314a50a2cf74
  custom:CustomObjectIndexerAttribute: 232f87dd983dbecb2a4e21e08eb2cef8 -> 
  custom:container-demuxer-webm: 4f35f7cbe854078d1ac9338744f61a02 -> 
  custom:scripting/monoscript/fileName/ClipScript.cs: d454b9a64ca33d8936f1fee1d0b94333 -> a47e0092d1d896ccc176e69669d3233d
  custom:container-muxer-webm: aa71ff27fc2769a1b78a27578f13a17b -> 
  custom:video-decoder-webm-vp8: 9c59270c3fd7afecdb556c50c9e8de78 -> 
  custom:scripting/monoscript/fileName/MovementScript.cs: 0602eb1700489a3ab9cb01ec15ee773a -> 9a1daee93d0a505568922467e5a5e2e0
  custom:SearchIndexIgnoredProperties: e643bd26f0fe6173181afceb89e7c659 -> 
  custom:AudioImporter_EditorPlatform: 2f0ff77a95e0ac474e3e8eeba4e2f7cb -> 
  custom:video-encoder-webm-vp8: eb34c28f22e8b96e1ab97ce403110664 -> 
  custom:audio-decoder-ogg-vorbis: bf7c407c2cedff20999df2af8eb42d56 -> 
  custom:scripting/monoscript/fileName/Item.cs: c2b7fc65fe255f985743270ca947d8ec -> edfd25bbe8f561e55c7415f9c3adacfe
  custom:audio-encoder-webm-vorbis: bf7c407c2cedff20999df2af8eb42d56 -> 
  custom:scripting/precompiled-assembly-types:Assembly-CSharp: be7cd846428441ed6c71065bcd346447 -> 14f21d8c89919019ed129879e7927412
========================================================================
Received Prepare
Caller must complete domain reload
Begin MonoManager ReloadAssembly
- Loaded All Assemblies, in  0.473 seconds
Native extension for LinuxStandalone target not found
Native extension for WindowsStandalone target not found
Mono: successfully reloaded assembly
- Finished resetting the current domain, in  1.093 seconds
Domain Reload Profiling: 1566ms
	BeginReloadAssembly (146ms)
		ExecutionOrderSort (0ms)
		DisableScriptedObjects (6ms)
		BackupInstance (0ms)
		ReleaseScriptingObjects (0ms)
		CreateAndSetChildDomain (39ms)
	RebuildCommonClasses (43ms)
	RebuildNativeTypeToScriptingClass (12ms)
	initialDomainReloadingComplete (38ms)
	LoadAllAssembliesAndSetupDomain (232ms)
		LoadAssemblies (271ms)
		RebuildTransferFunctionScriptingTraits (0ms)
		AnalyzeDomain (29ms)
			TypeCache.Refresh (12ms)
				TypeCache.ScanAssembly (1ms)
			ScanForSourceGeneratedMonoScriptInfo (9ms)
			ResolveRequiredComponents (7ms)
	FinalizeReload (1094ms)
		ReleaseScriptCaches (0ms)
		RebuildScriptCaches (0ms)
		SetupLoadedEditorAssemblies (660ms)
			LogAssemblyErrors (0ms)
			InitializePlatformSupportModulesInManaged (52ms)
			SetLoadedEditorAssemblies (7ms)
			RefreshPlugins (0ms)
			BeforeProcessingInitializeOnLoad (102ms)
			ProcessInitializeOnLoadAttributes (445ms)
			ProcessInitializeOnLoadMethodAttributes (43ms)
			AfterProcessingInitializeOnLoad (10ms)
			EditorAssembliesLoaded (0ms)
		ExecutionOrderSort2 (0ms)
		AwakeInstancesAfterBackupRestoration (9ms)
Refreshing native plugins compatible for Editor in 1.12 ms, found 0 plugins.
Preloading 0 native plugins for Editor in 0.00 ms.
Unloading 3253 Unused Serialized files (Serialized files now loaded: 0)
Unloading 14 unused Assets / (28.5 KB). Loaded Objects now: 3846.
Memory consumption went from 134.3 MB to 134.3 MB.
Total: 7.492301 ms (FindLiveObjects: 0.394223 ms CreateObjectMapping: 0.502673 ms MarkObjects: 6.523550 ms  DeleteObjects: 0.069981 ms)

Prepare: number of updated asset objects reloaded= 0
AssetImportParameters requested are different than current active one (requested -> active):
  custom:container-demuxer-ogg: 62fdf1f143b41e24485cea50d1cbac27 -> 
  custom:scripting/monoscript/fileName/HandScript.cs: ab82d9b432b4ff3c2be587dcfc2ef88f -> f6d2d9607a041472806e778f6397f6ff
  custom:scripting/monoscript/fileName/GunScript.cs: 6a8d5652f919b70c5522b0348dc3dc24 -> adaec7589872e88b61019be0f1bdc549
  custom:video-decoder-ogg-theora: a1e56fd34408186e4bbccfd4996cb3dc -> 
  custom:scripting/monoscript/fileName/BulletScript.cs: 13477a3b0c98cca55096ea1dcfe934dc -> d888d721bde78eacda1c314a50a2cf74
  custom:CustomObjectIndexerAttribute: 232f87dd983dbecb2a4e21e08eb2cef8 -> 
  custom:container-demuxer-webm: 4f35f7cbe854078d1ac9338744f61a02 -> 
  custom:scripting/monoscript/fileName/ClipScript.cs: d454b9a64ca33d8936f1fee1d0b94333 -> a47e0092d1d896ccc176e69669d3233d
  custom:container-muxer-webm: aa71ff27fc2769a1b78a27578f13a17b -> 
  custom:video-decoder-webm-vp8: 9c59270c3fd7afecdb556c50c9e8de78 -> 
  custom:scripting/monoscript/fileName/MovementScript.cs: 0602eb1700489a3ab9cb01ec15ee773a -> 9a1daee93d0a505568922467e5a5e2e0
  custom:SearchIndexIgnoredProperties: e643bd26f0fe6173181afceb89e7c659 -> 
  custom:AudioImporter_EditorPlatform: 2f0ff77a95e0ac474e3e8eeba4e2f7cb -> 
  custom:video-encoder-webm-vp8: eb34c28f22e8b96e1ab97ce403110664 -> 
  custom:audio-decoder-ogg-vorbis: bf7c407c2cedff20999df2af8eb42d56 -> 
  custom:scripting/monoscript/fileName/Item.cs: c2b7fc65fe255f985743270ca947d8ec -> edfd25bbe8f561e55c7415f9c3adacfe
  custom:audio-encoder-webm-vorbis: bf7c407c2cedff20999df2af8eb42d56 -> 
  custom:scripting/precompiled-assembly-types:Assembly-CSharp: be7cd846428441ed6c71065bcd346447 -> 14f21d8c89919019ed129879e7927412
========================================================================
Received Prepare
Caller must complete domain reload
Begin MonoManager ReloadAssembly
- Loaded All Assemblies, in  0.500 seconds
Native extension for LinuxStandalone target not found
Native extension for WindowsStandalone target not found
Mono: successfully reloaded assembly
- Finished resetting the current domain, in  1.234 seconds
Domain Reload Profiling: 1734ms
	BeginReloadAssembly (158ms)
		ExecutionOrderSort (0ms)
		DisableScriptedObjects (7ms)
		BackupInstance (0ms)
		ReleaseScriptingObjects (0ms)
		CreateAndSetChildDomain (53ms)
	RebuildCommonClasses (42ms)
	RebuildNativeTypeToScriptingClass (13ms)
	initialDomainReloadingComplete (38ms)
	LoadAllAssembliesAndSetupDomain (248ms)
		LoadAssemblies (285ms)
		RebuildTransferFunctionScriptingTraits (0ms)
		AnalyzeDomain (29ms)
			TypeCache.Refresh (10ms)
				TypeCache.ScanAssembly (0ms)
			ScanForSourceGeneratedMonoScriptInfo (10ms)
			ResolveRequiredComponents (9ms)
	FinalizeReload (1235ms)
		ReleaseScriptCaches (0ms)
		RebuildScriptCaches (0ms)
		SetupLoadedEditorAssemblies (754ms)
			LogAssemblyErrors (0ms)
			InitializePlatformSupportModulesInManaged (59ms)
			SetLoadedEditorAssemblies (10ms)
			RefreshPlugins (0ms)
			BeforeProcessingInitializeOnLoad (106ms)
			ProcessInitializeOnLoadAttributes (519ms)
			ProcessInitializeOnLoadMethodAttributes (48ms)
			AfterProcessingInitializeOnLoad (10ms)
			EditorAssembliesLoaded (0ms)
		ExecutionOrderSort2 (0ms)
		AwakeInstancesAfterBackupRestoration (11ms)
Refreshing native plugins compatible for Editor in 2.11 ms, found 0 plugins.
Preloading 0 native plugins for Editor in 0.00 ms.
Unloading 3253 Unused Serialized files (Serialized files now loaded: 0)
Unloading 14 unused Assets / (28.5 KB). Loaded Objects now: 3850.
Memory consumption went from 134.3 MB to 134.3 MB.
Total: 5.940580 ms (FindLiveObjects: 0.818595 ms CreateObjectMapping: 0.543126 ms MarkObjects: 4.493711 ms  DeleteObjects: 0.080736 ms)

Prepare: number of updated asset objects reloaded= 0
AssetImportParameters requested are different than current active one (requested -> active):
  custom:container-demuxer-ogg: 62fdf1f143b41e24485cea50d1cbac27 -> 
  custom:scripting/monoscript/fileName/HandScript.cs: ab82d9b432b4ff3c2be587dcfc2ef88f -> f6d2d9607a041472806e778f6397f6ff
  custom:scripting/monoscript/fileName/GunScript.cs: 6a8d5652f919b70c5522b0348dc3dc24 -> adaec7589872e88b61019be0f1bdc549
  custom:video-decoder-ogg-theora: a1e56fd34408186e4bbccfd4996cb3dc -> 
  custom:scripting/monoscript/fileName/BulletScript.cs: 13477a3b0c98cca55096ea1dcfe934dc -> d888d721bde78eacda1c314a50a2cf74
  custom:CustomObjectIndexerAttribute: 232f87dd983dbecb2a4e21e08eb2cef8 -> 
  custom:container-demuxer-webm: 4f35f7cbe854078d1ac9338744f61a02 -> 
  custom:scripting/monoscript/fileName/ClipScript.cs: d454b9a64ca33d8936f1fee1d0b94333 -> a47e0092d1d896ccc176e69669d3233d
  custom:container-muxer-webm: aa71ff27fc2769a1b78a27578f13a17b -> 
  custom:video-decoder-webm-vp8: 9c59270c3fd7afecdb556c50c9e8de78 -> 
  custom:scripting/monoscript/fileName/MovementScript.cs: 0602eb1700489a3ab9cb01ec15ee773a -> 9a1daee93d0a505568922467e5a5e2e0
  custom:SearchIndexIgnoredProperties: e643bd26f0fe6173181afceb89e7c659 -> 
  custom:AudioImporter_EditorPlatform: 2f0ff77a95e0ac474e3e8eeba4e2f7cb -> 
  custom:video-encoder-webm-vp8: eb34c28f22e8b96e1ab97ce403110664 -> 
  custom:audio-decoder-ogg-vorbis: bf7c407c2cedff20999df2af8eb42d56 -> 
  custom:scripting/monoscript/fileName/Item.cs: c2b7fc65fe255f985743270ca947d8ec -> edfd25bbe8f561e55c7415f9c3adacfe
  custom:audio-encoder-webm-vorbis: bf7c407c2cedff20999df2af8eb42d56 -> 
  custom:scripting/precompiled-assembly-types:Assembly-CSharp: be7cd846428441ed6c71065bcd346447 -> 14f21d8c89919019ed129879e7927412
========================================================================
Received Prepare
Caller must complete domain reload
Begin MonoManager ReloadAssembly
- Loaded All Assemblies, in  0.499 seconds
Native extension for LinuxStandalone target not found
Native extension for WindowsStandalone target not found
Mono: successfully reloaded assembly
- Finished resetting the current domain, in  1.212 seconds
Domain Reload Profiling: 1710ms
	BeginReloadAssembly (159ms)
		ExecutionOrderSort (0ms)
		DisableScriptedObjects (6ms)
		BackupInstance (0ms)
		ReleaseScriptingObjects (0ms)
		CreateAndSetChildDomain (46ms)
	RebuildCommonClasses (44ms)
	RebuildNativeTypeToScriptingClass (12ms)
	initialDomainReloadingComplete (38ms)
	LoadAllAssembliesAndSetupDomain (246ms)
		LoadAssemblies (281ms)
		RebuildTransferFunctionScriptingTraits (0ms)
		AnalyzeDomain (38ms)
			TypeCache.Refresh (12ms)
				TypeCache.ScanAssembly (0ms)
			ScanForSourceGeneratedMonoScriptInfo (14ms)
			ResolveRequiredComponents (10ms)
	FinalizeReload (1212ms)
		ReleaseScriptCaches (0ms)
		RebuildScriptCaches (0ms)
		SetupLoadedEditorAssemblies (730ms)
			LogAssemblyErrors (0ms)
			InitializePlatformSupportModulesInManaged (70ms)
			SetLoadedEditorAssemblies (6ms)
			RefreshPlugins (0ms)
			BeforeProcessingInitializeOnLoad (107ms)
			ProcessInitializeOnLoadAttributes (501ms)
			ProcessInitializeOnLoadMethodAttributes (39ms)
			AfterProcessingInitializeOnLoad (7ms)
			EditorAssembliesLoaded (0ms)
		ExecutionOrderSort2 (0ms)
		AwakeInstancesAfterBackupRestoration (8ms)
Refreshing native plugins compatible for Editor in 1.67 ms, found 0 plugins.
Preloading 0 native plugins for Editor in 0.00 ms.
Unloading 3253 Unused Serialized files (Serialized files now loaded: 0)
Unloading 14 unused Assets / (28.6 KB). Loaded Objects now: 3854.
Memory consumption went from 134.3 MB to 134.3 MB.
Total: 4.713795 ms (FindLiveObjects: 0.374583 ms CreateObjectMapping: 0.267682 ms MarkObjects: 4.010558 ms  DeleteObjects: 0.059634 ms)

Prepare: number of updated asset objects reloaded= 0
AssetImportParameters requested are different than current active one (requested -> active):
  custom:container-demuxer-ogg: 62fdf1f143b41e24485cea50d1cbac27 -> 
  custom:scripting/monoscript/fileName/HandScript.cs: ab82d9b432b4ff3c2be587dcfc2ef88f -> f6d2d9607a041472806e778f6397f6ff
  custom:scripting/monoscript/fileName/GunScript.cs: 6a8d5652f919b70c5522b0348dc3dc24 -> adaec7589872e88b61019be0f1bdc549
  custom:video-decoder-ogg-theora: a1e56fd34408186e4bbccfd4996cb3dc -> 
  custom:scripting/monoscript/fileName/BulletScript.cs: 13477a3b0c98cca55096ea1dcfe934dc -> d888d721bde78eacda1c314a50a2cf74
  custom:CustomObjectIndexerAttribute: 232f87dd983dbecb2a4e21e08eb2cef8 -> 
  custom:container-demuxer-webm: 4f35f7cbe854078d1ac9338744f61a02 -> 
  custom:scripting/monoscript/fileName/ClipScript.cs: d454b9a64ca33d8936f1fee1d0b94333 -> a47e0092d1d896ccc176e69669d3233d
  custom:container-muxer-webm: aa71ff27fc2769a1b78a27578f13a17b -> 
  custom:video-decoder-webm-vp8: 9c59270c3fd7afecdb556c50c9e8de78 -> 
  custom:scripting/monoscript/fileName/MovementScript.cs: 0602eb1700489a3ab9cb01ec15ee773a -> 9a1daee93d0a505568922467e5a5e2e0
  custom:SearchIndexIgnoredProperties: e643bd26f0fe6173181afceb89e7c659 -> 
  custom:AudioImporter_EditorPlatform: 2f0ff77a95e0ac474e3e8eeba4e2f7cb -> 
  custom:video-encoder-webm-vp8: eb34c28f22e8b96e1ab97ce403110664 -> 
  custom:audio-decoder-ogg-vorbis: bf7c407c2cedff20999df2af8eb42d56 -> 
  custom:scripting/monoscript/fileName/Item.cs: c2b7fc65fe255f985743270ca947d8ec -> edfd25bbe8f561e55c7415f9c3adacfe
  custom:audio-encoder-webm-vorbis: bf7c407c2cedff20999df2af8eb42d56 -> 
  custom:scripting/precompiled-assembly-types:Assembly-CSharp: be7cd846428441ed6c71065bcd346447 -> 14f21d8c89919019ed129879e7927412
========================================================================
Received Prepare
Caller must complete domain reload
Begin MonoManager ReloadAssembly
- Loaded All Assemblies, in  0.479 seconds
Native extension for LinuxStandalone target not found
Native extension for WindowsStandalone target not found
Mono: successfully reloaded assembly
- Finished resetting the current domain, in  1.164 seconds
Domain Reload Profiling: 1642ms
	BeginReloadAssembly (152ms)
		ExecutionOrderSort (0ms)
		DisableScriptedObjects (6ms)
		BackupInstance (0ms)
		ReleaseScriptingObjects (0ms)
		CreateAndSetChildDomain (45ms)
	RebuildCommonClasses (45ms)
	RebuildNativeTypeToScriptingClass (15ms)
	initialDomainReloadingComplete (38ms)
	LoadAllAssembliesAndSetupDomain (227ms)
		LoadAssemblies (269ms)
		RebuildTransferFunctionScriptingTraits (0ms)
		AnalyzeDomain (26ms)
			TypeCache.Refresh (9ms)
				TypeCache.ScanAssembly (0ms)
			ScanForSourceGeneratedMonoScriptInfo (10ms)
			ResolveRequiredComponents (6ms)
	FinalizeReload (1165ms)
		ReleaseScriptCaches (0ms)
		RebuildScriptCaches (0ms)
		SetupLoadedEditorAssemblies (726ms)
			LogAssemblyErrors (0ms)
			InitializePlatformSupportModulesInManaged (55ms)
			SetLoadedEditorAssemblies (8ms)
			RefreshPlugins (0ms)
			BeforeProcessingInitializeOnLoad (111ms)
			ProcessInitializeOnLoadAttributes (508ms)
			ProcessInitializeOnLoadMethodAttributes (36ms)
			AfterProcessingInitializeOnLoad (7ms)
			EditorAssembliesLoaded (0ms)
		ExecutionOrderSort2 (0ms)
		AwakeInstancesAfterBackupRestoration (6ms)
Refreshing native plugins compatible for Editor in 1.57 ms, found 0 plugins.
Preloading 0 native plugins for Editor in 0.00 ms.
Unloading 3253 Unused Serialized files (Serialized files now loaded: 0)
Unloading 14 unused Assets / (28.6 KB). Loaded Objects now: 3858.
Memory consumption went from 134.3 MB to 134.3 MB.
Total: 7.906413 ms (FindLiveObjects: 0.363266 ms CreateObjectMapping: 0.353443 ms MarkObjects: 7.107233 ms  DeleteObjects: 0.080783 ms)

Prepare: number of updated asset objects reloaded= 0
AssetImportParameters requested are different than current active one (requested -> active):
  custom:container-demuxer-ogg: 62fdf1f143b41e24485cea50d1cbac27 -> 
  custom:scripting/monoscript/fileName/HandScript.cs: ab82d9b432b4ff3c2be587dcfc2ef88f -> f6d2d9607a041472806e778f6397f6ff
  custom:scripting/monoscript/fileName/GunScript.cs: 6a8d5652f919b70c5522b0348dc3dc24 -> adaec7589872e88b61019be0f1bdc549
  custom:video-decoder-ogg-theora: a1e56fd34408186e4bbccfd4996cb3dc -> 
  custom:scripting/monoscript/fileName/BulletScript.cs: 13477a3b0c98cca55096ea1dcfe934dc -> d888d721bde78eacda1c314a50a2cf74
  custom:CustomObjectIndexerAttribute: 232f87dd983dbecb2a4e21e08eb2cef8 -> 
  custom:container-demuxer-webm: 4f35f7cbe854078d1ac9338744f61a02 -> 
  custom:scripting/monoscript/fileName/ClipScript.cs: d454b9a64ca33d8936f1fee1d0b94333 -> a47e0092d1d896ccc176e69669d3233d
  custom:container-muxer-webm: aa71ff27fc2769a1b78a27578f13a17b -> 
  custom:video-decoder-webm-vp8: 9c59270c3fd7afecdb556c50c9e8de78 -> 
  custom:scripting/monoscript/fileName/MovementScript.cs: 0602eb1700489a3ab9cb01ec15ee773a -> 9a1daee93d0a505568922467e5a5e2e0
  custom:SearchIndexIgnoredProperties: e643bd26f0fe6173181afceb89e7c659 -> 
  custom:AudioImporter_EditorPlatform: 2f0ff77a95e0ac474e3e8eeba4e2f7cb -> 
  custom:video-encoder-webm-vp8: eb34c28f22e8b96e1ab97ce403110664 -> 
  custom:audio-decoder-ogg-vorbis: bf7c407c2cedff20999df2af8eb42d56 -> 
  custom:scripting/monoscript/fileName/Item.cs: c2b7fc65fe255f985743270ca947d8ec -> edfd25bbe8f561e55c7415f9c3adacfe
  custom:audio-encoder-webm-vorbis: bf7c407c2cedff20999df2af8eb42d56 -> 
  custom:scripting/precompiled-assembly-types:Assembly-CSharp: be7cd846428441ed6c71065bcd346447 -> 14f21d8c89919019ed129879e7927412
========================================================================
Received Prepare
Caller must complete domain reload
Begin MonoManager ReloadAssembly
- Loaded All Assemblies, in  0.507 seconds
Native extension for LinuxStandalone target not found
Native extension for WindowsStandalone target not found
Mono: successfully reloaded assembly
- Finished resetting the current domain, in  1.211 seconds
Domain Reload Profiling: 1718ms
	BeginReloadAssembly (154ms)
		ExecutionOrderSort (0ms)
		DisableScriptedObjects (7ms)
		BackupInstance (0ms)
		ReleaseScriptingObjects (0ms)
		CreateAndSetChildDomain (44ms)
	RebuildCommonClasses (43ms)
	RebuildNativeTypeToScriptingClass (14ms)
	initialDomainReloadingComplete (41ms)
	LoadAllAssembliesAndSetupDomain (253ms)
		LoadAssemblies (290ms)
		RebuildTransferFunctionScriptingTraits (0ms)
		AnalyzeDomain (31ms)
			TypeCache.Refresh (10ms)
				TypeCache.ScanAssembly (0ms)
			ScanForSourceGeneratedMonoScriptInfo (11ms)
			ResolveRequiredComponents (9ms)
	FinalizeReload (1212ms)
		ReleaseScriptCaches (0ms)
		RebuildScriptCaches (0ms)
		SetupLoadedEditorAssemblies (706ms)
			LogAssemblyErrors (0ms)
			InitializePlatformSupportModulesInManaged (57ms)
			SetLoadedEditorAssemblies (6ms)
			RefreshPlugins (0ms)
			BeforeProcessingInitializeOnLoad (100ms)
			ProcessInitializeOnLoadAttributes (486ms)
			ProcessInitializeOnLoadMethodAttributes (48ms)
			AfterProcessingInitializeOnLoad (9ms)
			EditorAssembliesLoaded (0ms)
		ExecutionOrderSort2 (0ms)
		AwakeInstancesAfterBackupRestoration (7ms)
Refreshing native plugins compatible for Editor in 2.77 ms, found 0 plugins.
Preloading 0 native plugins for Editor in 0.00 ms.
Unloading 3253 Unused Serialized files (Serialized files now loaded: 0)
Unloading 14 unused Assets / (28.6 KB). Loaded Objects now: 3862.
Memory consumption went from 134.3 MB to 134.3 MB.
Total: 5.588182 ms (FindLiveObjects: 0.404344 ms CreateObjectMapping: 0.465783 ms MarkObjects: 4.632285 ms  DeleteObjects: 0.082387 ms)

Prepare: number of updated asset objects reloaded= 0
AssetImportParameters requested are different than current active one (requested -> active):
  custom:container-demuxer-ogg: 62fdf1f143b41e24485cea50d1cbac27 -> 
  custom:scripting/monoscript/fileName/HandScript.cs: ab82d9b432b4ff3c2be587dcfc2ef88f -> f6d2d9607a041472806e778f6397f6ff
  custom:scripting/monoscript/fileName/GunScript.cs: 6a8d5652f919b70c5522b0348dc3dc24 -> adaec7589872e88b61019be0f1bdc549
  custom:video-decoder-ogg-theora: a1e56fd34408186e4bbccfd4996cb3dc -> 
  custom:scripting/monoscript/fileName/BulletScript.cs: 13477a3b0c98cca55096ea1dcfe934dc -> d888d721bde78eacda1c314a50a2cf74
  custom:CustomObjectIndexerAttribute: 232f87dd983dbecb2a4e21e08eb2cef8 -> 
  custom:container-demuxer-webm: 4f35f7cbe854078d1ac9338744f61a02 -> 
  custom:scripting/monoscript/fileName/ClipScript.cs: d454b9a64ca33d8936f1fee1d0b94333 -> a47e0092d1d896ccc176e69669d3233d
  custom:container-muxer-webm: aa71ff27fc2769a1b78a27578f13a17b -> 
  custom:video-decoder-webm-vp8: 9c59270c3fd7afecdb556c50c9e8de78 -> 
  custom:scripting/monoscript/fileName/MovementScript.cs: 0602eb1700489a3ab9cb01ec15ee773a -> 9a1daee93d0a505568922467e5a5e2e0
  custom:SearchIndexIgnoredProperties: e643bd26f0fe6173181afceb89e7c659 -> 
  custom:AudioImporter_EditorPlatform: 2f0ff77a95e0ac474e3e8eeba4e2f7cb -> 
  custom:video-encoder-webm-vp8: eb34c28f22e8b96e1ab97ce403110664 -> 
  custom:audio-decoder-ogg-vorbis: bf7c407c2cedff20999df2af8eb42d56 -> 
  custom:scripting/monoscript/fileName/Item.cs: c2b7fc65fe255f985743270ca947d8ec -> edfd25bbe8f561e55c7415f9c3adacfe
  custom:audio-encoder-webm-vorbis: bf7c407c2cedff20999df2af8eb42d56 -> 
  custom:scripting/precompiled-assembly-types:Assembly-CSharp: be7cd846428441ed6c71065bcd346447 -> 14f21d8c89919019ed129879e7927412
========================================================================
Received Prepare
Caller must complete domain reload
Begin MonoManager ReloadAssembly
- Loaded All Assemblies, in  0.515 seconds
Native extension for LinuxStandalone target not found
Native extension for WindowsStandalone target not found
Mono: successfully reloaded assembly
- Finished resetting the current domain, in  1.080 seconds
Domain Reload Profiling: 1595ms
	BeginReloadAssembly (157ms)
		ExecutionOrderSort (0ms)
		DisableScriptedObjects (10ms)
		BackupInstance (0ms)
		ReleaseScriptingObjects (0ms)
		CreateAndSetChildDomain (48ms)
	RebuildCommonClasses (44ms)
	RebuildNativeTypeToScriptingClass (13ms)
	initialDomainReloadingComplete (38ms)
	LoadAllAssembliesAndSetupDomain (261ms)
		LoadAssemblies (301ms)
		RebuildTransferFunctionScriptingTraits (0ms)
		AnalyzeDomain (26ms)
			TypeCache.Refresh (10ms)
				TypeCache.ScanAssembly (0ms)
			ScanForSourceGeneratedMonoScriptInfo (8ms)
			ResolveRequiredComponents (7ms)
	FinalizeReload (1081ms)
		ReleaseScriptCaches (0ms)
		RebuildScriptCaches (0ms)
		SetupLoadedEditorAssemblies (671ms)
			LogAssemblyErrors (0ms)
			InitializePlatformSupportModulesInManaged (50ms)
			SetLoadedEditorAssemblies (8ms)
			RefreshPlugins (0ms)
			BeforeProcessingInitializeOnLoad (107ms)
			ProcessInitializeOnLoadAttributes (462ms)
			ProcessInitializeOnLoadMethodAttributes (35ms)
			AfterProcessingInitializeOnLoad (8ms)
			EditorAssembliesLoaded (0ms)
		ExecutionOrderSort2 (0ms)
		AwakeInstancesAfterBackupRestoration (8ms)
Refreshing native plugins compatible for Editor in 1.22 ms, found 0 plugins.
Preloading 0 native plugins for Editor in 0.00 ms.
Unloading 3253 Unused Serialized files (Serialized files now loaded: 0)
Unloading 14 unused Assets / (28.5 KB). Loaded Objects now: 3866.
Memory consumption went from 134.3 MB to 134.3 MB.
Total: 7.443521 ms (FindLiveObjects: 0.391049 ms CreateObjectMapping: 0.356382 ms MarkObjects: 6.607184 ms  DeleteObjects: 0.087347 ms)

Prepare: number of updated asset objects reloaded= 0
AssetImportParameters requested are different than current active one (requested -> active):
  custom:container-demuxer-ogg: 62fdf1f143b41e24485cea50d1cbac27 -> 
  custom:scripting/monoscript/fileName/HandScript.cs: ab82d9b432b4ff3c2be587dcfc2ef88f -> f6d2d9607a041472806e778f6397f6ff
  custom:scripting/monoscript/fileName/GunScript.cs: 6a8d5652f919b70c5522b0348dc3dc24 -> adaec7589872e88b61019be0f1bdc549
  custom:video-decoder-ogg-theora: a1e56fd34408186e4bbccfd4996cb3dc -> 
  custom:scripting/monoscript/fileName/BulletScript.cs: 13477a3b0c98cca55096ea1dcfe934dc -> d888d721bde78eacda1c314a50a2cf74
  custom:CustomObjectIndexerAttribute: 232f87dd983dbecb2a4e21e08eb2cef8 -> 
  custom:container-demuxer-webm: 4f35f7cbe854078d1ac9338744f61a02 -> 
  custom:scripting/monoscript/fileName/ClipScript.cs: d454b9a64ca33d8936f1fee1d0b94333 -> a47e0092d1d896ccc176e69669d3233d
  custom:container-muxer-webm: aa71ff27fc2769a1b78a27578f13a17b -> 
  custom:video-decoder-webm-vp8: 9c59270c3fd7afecdb556c50c9e8de78 -> 
  custom:scripting/monoscript/fileName/MovementScript.cs: 0602eb1700489a3ab9cb01ec15ee773a -> 9a1daee93d0a505568922467e5a5e2e0
  custom:SearchIndexIgnoredProperties: e643bd26f0fe6173181afceb89e7c659 -> 
  custom:AudioImporter_EditorPlatform: 2f0ff77a95e0ac474e3e8eeba4e2f7cb -> 
  custom:video-encoder-webm-vp8: eb34c28f22e8b96e1ab97ce403110664 -> 
  custom:audio-decoder-ogg-vorbis: bf7c407c2cedff20999df2af8eb42d56 -> 
  custom:scripting/monoscript/fileName/Item.cs: c2b7fc65fe255f985743270ca947d8ec -> edfd25bbe8f561e55c7415f9c3adacfe
  custom:audio-encoder-webm-vorbis: bf7c407c2cedff20999df2af8eb42d56 -> 
  custom:scripting/precompiled-assembly-types:Assembly-CSharp: be7cd846428441ed6c71065bcd346447 -> 14f21d8c89919019ed129879e7927412
========================================================================
Received Prepare
Caller must complete domain reload
Begin MonoManager ReloadAssembly
- Loaded All Assemblies, in  0.466 seconds
Native extension for LinuxStandalone target not found
Native extension for WindowsStandalone target not found
Mono: successfully reloaded assembly
- Finished resetting the current domain, in  1.135 seconds
Domain Reload Profiling: 1600ms
	BeginReloadAssembly (146ms)
		ExecutionOrderSort (0ms)
		DisableScriptedObjects (7ms)
		BackupInstance (0ms)
		ReleaseScriptingObjects (0ms)
		CreateAndSetChildDomain (41ms)
	RebuildCommonClasses (45ms)
	RebuildNativeTypeToScriptingClass (12ms)
	initialDomainReloadingComplete (38ms)
	LoadAllAssembliesAndSetupDomain (223ms)
		LoadAssemblies (262ms)
		RebuildTransferFunctionScriptingTraits (0ms)
		AnalyzeDomain (26ms)
			TypeCache.Refresh (10ms)
				TypeCache.ScanAssembly (0ms)
			ScanForSourceGeneratedMonoScriptInfo (9ms)
			ResolveRequiredComponents (7ms)
	FinalizeReload (1136ms)
		ReleaseScriptCaches (0ms)
		RebuildScriptCaches (0ms)
		SetupLoadedEditorAssemblies (700ms)
			LogAssemblyErrors (0ms)
			InitializePlatformSupportModulesInManaged (69ms)
			SetLoadedEditorAssemblies (6ms)
			RefreshPlugins (0ms)
			BeforeProcessingInitializeOnLoad (109ms)
			ProcessInitializeOnLoadAttributes (465ms)
			ProcessInitializeOnLoadMethodAttributes (40ms)
			AfterProcessingInitializeOnLoad (11ms)
			EditorAssembliesLoaded (0ms)
		ExecutionOrderSort2 (0ms)
		AwakeInstancesAfterBackupRestoration (6ms)
Refreshing native plugins compatible for Editor in 1.15 ms, found 0 plugins.
Preloading 0 native plugins for Editor in 0.00 ms.
Unloading 3253 Unused Serialized files (Serialized files now loaded: 0)
Unloading 14 unused Assets / (28.6 KB). Loaded Objects now: 3870.
Memory consumption went from 134.4 MB to 134.3 MB.
Total: 6.949976 ms (FindLiveObjects: 0.361435 ms CreateObjectMapping: 0.271323 ms MarkObjects: 6.256664 ms  DeleteObjects: 0.058800 ms)

Prepare: number of updated asset objects reloaded= 0
AssetImportParameters requested are different than current active one (requested -> active):
  custom:container-demuxer-ogg: 62fdf1f143b41e24485cea50d1cbac27 -> 
  custom:scripting/monoscript/fileName/HandScript.cs: ab82d9b432b4ff3c2be587dcfc2ef88f -> f6d2d9607a041472806e778f6397f6ff
  custom:scripting/monoscript/fileName/GunScript.cs: 6a8d5652f919b70c5522b0348dc3dc24 -> adaec7589872e88b61019be0f1bdc549
  custom:video-decoder-ogg-theora: a1e56fd34408186e4bbccfd4996cb3dc -> 
  custom:scripting/monoscript/fileName/BulletScript.cs: 13477a3b0c98cca55096ea1dcfe934dc -> d888d721bde78eacda1c314a50a2cf74
  custom:CustomObjectIndexerAttribute: 232f87dd983dbecb2a4e21e08eb2cef8 -> 
  custom:container-demuxer-webm: 4f35f7cbe854078d1ac9338744f61a02 -> 
  custom:scripting/monoscript/fileName/ClipScript.cs: d454b9a64ca33d8936f1fee1d0b94333 -> a47e0092d1d896ccc176e69669d3233d
  custom:container-muxer-webm: aa71ff27fc2769a1b78a27578f13a17b -> 
  custom:video-decoder-webm-vp8: 9c59270c3fd7afecdb556c50c9e8de78 -> 
  custom:scripting/monoscript/fileName/MovementScript.cs: 0602eb1700489a3ab9cb01ec15ee773a -> 9a1daee93d0a505568922467e5a5e2e0
  custom:SearchIndexIgnoredProperties: e643bd26f0fe6173181afceb89e7c659 -> 
  custom:AudioImporter_EditorPlatform: 2f0ff77a95e0ac474e3e8eeba4e2f7cb -> 
  custom:video-encoder-webm-vp8: eb34c28f22e8b96e1ab97ce403110664 -> 
  custom:audio-decoder-ogg-vorbis: bf7c407c2cedff20999df2af8eb42d56 -> 
  custom:scripting/monoscript/fileName/Item.cs: c2b7fc65fe255f985743270ca947d8ec -> edfd25bbe8f561e55c7415f9c3adacfe
  custom:audio-encoder-webm-vorbis: bf7c407c2cedff20999df2af8eb42d56 -> 
  custom:scripting/precompiled-assembly-types:Assembly-CSharp: be7cd846428441ed6c71065bcd346447 -> 14f21d8c89919019ed129879e7927412
========================================================================
Received Prepare
Caller must complete domain reload
Begin MonoManager ReloadAssembly
- Loaded All Assemblies, in  0.473 seconds
Native extension for LinuxStandalone target not found
Native extension for WindowsStandalone target not found
Mono: successfully reloaded assembly
- Finished resetting the current domain, in  1.105 seconds
Domain Reload Profiling: 1578ms
	BeginReloadAssembly (152ms)
		ExecutionOrderSort (0ms)
		DisableScriptedObjects (10ms)
		BackupInstance (0ms)
		ReleaseScriptingObjects (0ms)
		CreateAndSetChildDomain (40ms)
	RebuildCommonClasses (43ms)
	RebuildNativeTypeToScriptingClass (13ms)
	initialDomainReloadingComplete (40ms)
	LoadAllAssembliesAndSetupDomain (224ms)
		LoadAssemblies (265ms)
		RebuildTransferFunctionScriptingTraits (0ms)
		AnalyzeDomain (26ms)
			TypeCache.Refresh (9ms)
				TypeCache.ScanAssembly (0ms)
			ScanForSourceGeneratedMonoScriptInfo (8ms)
			ResolveRequiredComponents (7ms)
	FinalizeReload (1106ms)
		ReleaseScriptCaches (0ms)
		RebuildScriptCaches (0ms)
		SetupLoadedEditorAssemblies (685ms)
			LogAssemblyErrors (0ms)
			InitializePlatformSupportModulesInManaged (65ms)
			SetLoadedEditorAssemblies (7ms)
			RefreshPlugins (0ms)
			BeforeProcessingInitializeOnLoad (108ms)
			ProcessInitializeOnLoadAttributes (455ms)
			ProcessInitializeOnLoadMethodAttributes (42ms)
			AfterProcessingInitializeOnLoad (7ms)
			EditorAssembliesLoaded (0ms)
		ExecutionOrderSort2 (0ms)
		AwakeInstancesAfterBackupRestoration (12ms)
Refreshing native plugins compatible for Editor in 1.45 ms, found 0 plugins.
Preloading 0 native plugins for Editor in 0.00 ms.
Unloading 3253 Unused Serialized files (Serialized files now loaded: 0)
Unloading 14 unused Assets / (28.6 KB). Loaded Objects now: 3874.
Memory consumption went from 134.4 MB to 134.3 MB.
Total: 5.936039 ms (FindLiveObjects: 0.393088 ms CreateObjectMapping: 0.361677 ms MarkObjects: 5.075942 ms  DeleteObjects: 0.103276 ms)

Prepare: number of updated asset objects reloaded= 0
AssetImportParameters requested are different than current active one (requested -> active):
  custom:container-demuxer-ogg: 62fdf1f143b41e24485cea50d1cbac27 -> 
  custom:scripting/monoscript/fileName/HandScript.cs: ab82d9b432b4ff3c2be587dcfc2ef88f -> f6d2d9607a041472806e778f6397f6ff
  custom:scripting/monoscript/fileName/GunScript.cs: 6a8d5652f919b70c5522b0348dc3dc24 -> adaec7589872e88b61019be0f1bdc549
  custom:video-decoder-ogg-theora: a1e56fd34408186e4bbccfd4996cb3dc -> 
  custom:scripting/monoscript/fileName/BulletScript.cs: 13477a3b0c98cca55096ea1dcfe934dc -> d888d721bde78eacda1c314a50a2cf74
  custom:CustomObjectIndexerAttribute: 232f87dd983dbecb2a4e21e08eb2cef8 -> 
  custom:container-demuxer-webm: 4f35f7cbe854078d1ac9338744f61a02 -> 
  custom:scripting/monoscript/fileName/ClipScript.cs: d454b9a64ca33d8936f1fee1d0b94333 -> a47e0092d1d896ccc176e69669d3233d
  custom:container-muxer-webm: aa71ff27fc2769a1b78a27578f13a17b -> 
  custom:video-decoder-webm-vp8: 9c59270c3fd7afecdb556c50c9e8de78 -> 
  custom:scripting/monoscript/fileName/MovementScript.cs: 0602eb1700489a3ab9cb01ec15ee773a -> 9a1daee93d0a505568922467e5a5e2e0
  custom:SearchIndexIgnoredProperties: e643bd26f0fe6173181afceb89e7c659 -> 
  custom:AudioImporter_EditorPlatform: 2f0ff77a95e0ac474e3e8eeba4e2f7cb -> 
  custom:video-encoder-webm-vp8: eb34c28f22e8b96e1ab97ce403110664 -> 
  custom:audio-decoder-ogg-vorbis: bf7c407c2cedff20999df2af8eb42d56 -> 
  custom:scripting/monoscript/fileName/Item.cs: c2b7fc65fe255f985743270ca947d8ec -> edfd25bbe8f561e55c7415f9c3adacfe
  custom:audio-encoder-webm-vorbis: bf7c407c2cedff20999df2af8eb42d56 -> 
  custom:scripting/precompiled-assembly-types:Assembly-CSharp: be7cd846428441ed6c71065bcd346447 -> 14f21d8c89919019ed129879e7927412
========================================================================
Received Prepare
Caller must complete domain reload
Begin MonoManager ReloadAssembly
- Loaded All Assemblies, in  0.520 seconds
Native extension for LinuxStandalone target not found
Native extension for WindowsStandalone target not found
Mono: successfully reloaded assembly
- Finished resetting the current domain, in  1.249 seconds
Domain Reload Profiling: 1769ms
	BeginReloadAssembly (191ms)
		ExecutionOrderSort (0ms)
		DisableScriptedObjects (9ms)
		BackupInstance (0ms)
		ReleaseScriptingObjects (0ms)
		CreateAndSetChildDomain (62ms)
	RebuildCommonClasses (42ms)
	RebuildNativeTypeToScriptingClass (14ms)
	initialDomainReloadingComplete (38ms)
	LoadAllAssembliesAndSetupDomain (236ms)
		LoadAssemblies (277ms)
		RebuildTransferFunctionScriptingTraits (0ms)
		AnalyzeDomain (33ms)
			TypeCache.Refresh (11ms)
				TypeCache.ScanAssembly (0ms)
			ScanForSourceGeneratedMonoScriptInfo (13ms)
			ResolveRequiredComponents (6ms)
	FinalizeReload (1249ms)
		ReleaseScriptCaches (0ms)
		RebuildScriptCaches (0ms)
		SetupLoadedEditorAssemblies (783ms)
			LogAssemblyErrors (0ms)
			InitializePlatformSupportModulesInManaged (66ms)
			SetLoadedEditorAssemblies (11ms)
			RefreshPlugins (0ms)
			BeforeProcessingInitializeOnLoad (139ms)
			ProcessInitializeOnLoadAttributes (529ms)
			ProcessInitializeOnLoadMethodAttributes (30ms)
			AfterProcessingInitializeOnLoad (7ms)
			EditorAssembliesLoaded (0ms)
		ExecutionOrderSort2 (0ms)
		AwakeInstancesAfterBackupRestoration (7ms)
Refreshing native plugins compatible for Editor in 1.20 ms, found 0 plugins.
Preloading 0 native plugins for Editor in 0.00 ms.
Unloading 3253 Unused Serialized files (Serialized files now loaded: 0)
Unloading 14 unused Assets / (28.5 KB). Loaded Objects now: 3878.
Memory consumption went from 134.4 MB to 134.3 MB.
Total: 4.405935 ms (FindLiveObjects: 0.321194 ms CreateObjectMapping: 0.274287 ms MarkObjects: 3.741297 ms  DeleteObjects: 0.067596 ms)

Prepare: number of updated asset objects reloaded= 0
AssetImportParameters requested are different than current active one (requested -> active):
  custom:container-demuxer-ogg: 62fdf1f143b41e24485cea50d1cbac27 -> 
  custom:scripting/monoscript/fileName/HandScript.cs: ab82d9b432b4ff3c2be587dcfc2ef88f -> f6d2d9607a041472806e778f6397f6ff
  custom:scripting/monoscript/fileName/GunScript.cs: 6a8d5652f919b70c5522b0348dc3dc24 -> adaec7589872e88b61019be0f1bdc549
  custom:video-decoder-ogg-theora: a1e56fd34408186e4bbccfd4996cb3dc -> 
  custom:scripting/monoscript/fileName/BulletScript.cs: 13477a3b0c98cca55096ea1dcfe934dc -> d888d721bde78eacda1c314a50a2cf74
  custom:CustomObjectIndexerAttribute: 232f87dd983dbecb2a4e21e08eb2cef8 -> 
  custom:container-demuxer-webm: 4f35f7cbe854078d1ac9338744f61a02 -> 
  custom:scripting/monoscript/fileName/ClipScript.cs: d454b9a64ca33d8936f1fee1d0b94333 -> a47e0092d1d896ccc176e69669d3233d
  custom:container-muxer-webm: aa71ff27fc2769a1b78a27578f13a17b -> 
  custom:video-decoder-webm-vp8: 9c59270c3fd7afecdb556c50c9e8de78 -> 
  custom:scripting/monoscript/fileName/MovementScript.cs: 0602eb1700489a3ab9cb01ec15ee773a -> 9a1daee93d0a505568922467e5a5e2e0
  custom:SearchIndexIgnoredProperties: e643bd26f0fe6173181afceb89e7c659 -> 
  custom:AudioImporter_EditorPlatform: 2f0ff77a95e0ac474e3e8eeba4e2f7cb -> 
  custom:video-encoder-webm-vp8: eb34c28f22e8b96e1ab97ce403110664 -> 
  custom:audio-decoder-ogg-vorbis: bf7c407c2cedff20999df2af8eb42d56 -> 
  custom:scripting/monoscript/fileName/Item.cs: c2b7fc65fe255f985743270ca947d8ec -> edfd25bbe8f561e55c7415f9c3adacfe
  custom:audio-encoder-webm-vorbis: bf7c407c2cedff20999df2af8eb42d56 -> 
  custom:scripting/precompiled-assembly-types:Assembly-CSharp: be7cd846428441ed6c71065bcd346447 -> 14f21d8c89919019ed129879e7927412
========================================================================
Received Prepare
Caller must complete domain reload
Begin MonoManager ReloadAssembly
- Loaded All Assemblies, in  0.508 seconds
Native extension for LinuxStandalone target not found
Native extension for WindowsStandalone target not found
Mono: successfully reloaded assembly
- Finished resetting the current domain, in  0.986 seconds
Domain Reload Profiling: 1494ms
	BeginReloadAssembly (169ms)
		ExecutionOrderSort (0ms)
		DisableScriptedObjects (9ms)
		BackupInstance (0ms)
		ReleaseScriptingObjects (0ms)
		CreateAndSetChildDomain (49ms)
	RebuildCommonClasses (48ms)
	RebuildNativeTypeToScriptingClass (14ms)
	initialDomainReloadingComplete (41ms)
	LoadAllAssembliesAndSetupDomain (235ms)
		LoadAssemblies (277ms)
		RebuildTransferFunctionScriptingTraits (0ms)
		AnalyzeDomain (28ms)
			TypeCache.Refresh (10ms)
				TypeCache.ScanAssembly (0ms)
			ScanForSourceGeneratedMonoScriptInfo (9ms)
			ResolveRequiredComponents (8ms)
	FinalizeReload (986ms)
		ReleaseScriptCaches (0ms)
		RebuildScriptCaches (0ms)
		SetupLoadedEditorAssemblies (559ms)
			LogAssemblyErrors (0ms)
			InitializePlatformSupportModulesInManaged (47ms)
			SetLoadedEditorAssemblies (6ms)
			RefreshPlugins (0ms)
			BeforeProcessingInitializeOnLoad (80ms)
			ProcessInitializeOnLoadAttributes (386ms)
			ProcessInitializeOnLoadMethodAttributes (33ms)
			AfterProcessingInitializeOnLoad (7ms)
			EditorAssembliesLoaded (0ms)
		ExecutionOrderSort2 (0ms)
		AwakeInstancesAfterBackupRestoration (6ms)
Refreshing native plugins compatible for Editor in 1.79 ms, found 0 plugins.
Preloading 0 native plugins for Editor in 0.00 ms.
Unloading 3253 Unused Serialized files (Serialized files now loaded: 0)
Unloading 14 unused Assets / (28.5 KB). Loaded Objects now: 3882.
Memory consumption went from 134.4 MB to 134.3 MB.
Total: 4.245009 ms (FindLiveObjects: 0.316582 ms CreateObjectMapping: 0.233656 ms MarkObjects: 3.620994 ms  DeleteObjects: 0.072055 ms)

Prepare: number of updated asset objects reloaded= 0
AssetImportParameters requested are different than current active one (requested -> active):
  custom:container-demuxer-ogg: 62fdf1f143b41e24485cea50d1cbac27 -> 
  custom:scripting/monoscript/fileName/HandScript.cs: ab82d9b432b4ff3c2be587dcfc2ef88f -> f6d2d9607a041472806e778f6397f6ff
  custom:scripting/monoscript/fileName/GunScript.cs: 6a8d5652f919b70c5522b0348dc3dc24 -> adaec7589872e88b61019be0f1bdc549
  custom:video-decoder-ogg-theora: a1e56fd34408186e4bbccfd4996cb3dc -> 
  custom:scripting/monoscript/fileName/BulletScript.cs: 13477a3b0c98cca55096ea1dcfe934dc -> d888d721bde78eacda1c314a50a2cf74
  custom:CustomObjectIndexerAttribute: 232f87dd983dbecb2a4e21e08eb2cef8 -> 
  custom:container-demuxer-webm: 4f35f7cbe854078d1ac9338744f61a02 -> 
  custom:scripting/monoscript/fileName/ClipScript.cs: d454b9a64ca33d8936f1fee1d0b94333 -> a47e0092d1d896ccc176e69669d3233d
  custom:container-muxer-webm: aa71ff27fc2769a1b78a27578f13a17b -> 
  custom:video-decoder-webm-vp8: 9c59270c3fd7afecdb556c50c9e8de78 -> 
  custom:scripting/monoscript/fileName/MovementScript.cs: 0602eb1700489a3ab9cb01ec15ee773a -> 9a1daee93d0a505568922467e5a5e2e0
  custom:SearchIndexIgnoredProperties: e643bd26f0fe6173181afceb89e7c659 -> 
  custom:AudioImporter_EditorPlatform: 2f0ff77a95e0ac474e3e8eeba4e2f7cb -> 
  custom:video-encoder-webm-vp8: eb34c28f22e8b96e1ab97ce403110664 -> 
  custom:audio-decoder-ogg-vorbis: bf7c407c2cedff20999df2af8eb42d56 -> 
  custom:scripting/monoscript/fileName/Item.cs: c2b7fc65fe255f985743270ca947d8ec -> edfd25bbe8f561e55c7415f9c3adacfe
  custom:audio-encoder-webm-vorbis: bf7c407c2cedff20999df2af8eb42d56 -> 
  custom:scripting/precompiled-assembly-types:Assembly-CSharp: be7cd846428441ed6c71065bcd346447 -> 14f21d8c89919019ed129879e7927412
========================================================================
Received Prepare
Caller must complete domain reload
Begin MonoManager ReloadAssembly
- Loaded All Assemblies, in  0.511 seconds
Native extension for LinuxStandalone target not found
Native extension for WindowsStandalone target not found
Mono: successfully reloaded assembly
- Finished resetting the current domain, in  0.967 seconds
Domain Reload Profiling: 1478ms
	BeginReloadAssembly (179ms)
		ExecutionOrderSort (0ms)
		DisableScriptedObjects (11ms)
		BackupInstance (0ms)
		ReleaseScriptingObjects (0ms)
		CreateAndSetChildDomain (55ms)
	RebuildCommonClasses (48ms)
	RebuildNativeTypeToScriptingClass (13ms)
	initialDomainReloadingComplete (38ms)
	LoadAllAssembliesAndSetupDomain (232ms)
		LoadAssemblies (277ms)
		RebuildTransferFunctionScriptingTraits (0ms)
		AnalyzeDomain (26ms)
			TypeCache.Refresh (10ms)
				TypeCache.ScanAssembly (0ms)
			ScanForSourceGeneratedMonoScriptInfo (8ms)
			ResolveRequiredComponents (7ms)
	FinalizeReload (968ms)
		ReleaseScriptCaches (0ms)
		RebuildScriptCaches (0ms)
		SetupLoadedEditorAssemblies (556ms)
			LogAssemblyErrors (0ms)
			InitializePlatformSupportModulesInManaged (48ms)
			SetLoadedEditorAssemblies (6ms)
			RefreshPlugins (0ms)
			BeforeProcessingInitializeOnLoad (80ms)
			ProcessInitializeOnLoadAttributes (375ms)
			ProcessInitializeOnLoadMethodAttributes (39ms)
			AfterProcessingInitializeOnLoad (8ms)
			EditorAssembliesLoaded (0ms)
		ExecutionOrderSort2 (0ms)
		AwakeInstancesAfterBackupRestoration (8ms)
Refreshing native plugins compatible for Editor in 1.93 ms, found 0 plugins.
Preloading 0 native plugins for Editor in 0.00 ms.
Unloading 3253 Unused Serialized files (Serialized files now loaded: 0)
Unloading 14 unused Assets / (28.5 KB). Loaded Objects now: 3886.
Memory consumption went from 134.4 MB to 134.3 MB.
Total: 6.384492 ms (FindLiveObjects: 0.340198 ms CreateObjectMapping: 0.265287 ms MarkObjects: 5.698324 ms  DeleteObjects: 0.078951 ms)

Prepare: number of updated asset objects reloaded= 0
AssetImportParameters requested are different than current active one (requested -> active):
  custom:container-demuxer-ogg: 62fdf1f143b41e24485cea50d1cbac27 -> 
  custom:scripting/monoscript/fileName/HandScript.cs: ab82d9b432b4ff3c2be587dcfc2ef88f -> f6d2d9607a041472806e778f6397f6ff
  custom:scripting/monoscript/fileName/GunScript.cs: 6a8d5652f919b70c5522b0348dc3dc24 -> adaec7589872e88b61019be0f1bdc549
  custom:video-decoder-ogg-theora: a1e56fd34408186e4bbccfd4996cb3dc -> 
  custom:scripting/monoscript/fileName/BulletScript.cs: 13477a3b0c98cca55096ea1dcfe934dc -> d888d721bde78eacda1c314a50a2cf74
  custom:CustomObjectIndexerAttribute: 232f87dd983dbecb2a4e21e08eb2cef8 -> 
  custom:container-demuxer-webm: 4f35f7cbe854078d1ac9338744f61a02 -> 
  custom:scripting/monoscript/fileName/ClipScript.cs: d454b9a64ca33d8936f1fee1d0b94333 -> a47e0092d1d896ccc176e69669d3233d
  custom:container-muxer-webm: aa71ff27fc2769a1b78a27578f13a17b -> 
  custom:video-decoder-webm-vp8: 9c59270c3fd7afecdb556c50c9e8de78 -> 
  custom:scripting/monoscript/fileName/MovementScript.cs: 0602eb1700489a3ab9cb01ec15ee773a -> 9a1daee93d0a505568922467e5a5e2e0
  custom:SearchIndexIgnoredProperties: e643bd26f0fe6173181afceb89e7c659 -> 
  custom:AudioImporter_EditorPlatform: 2f0ff77a95e0ac474e3e8eeba4e2f7cb -> 
  custom:video-encoder-webm-vp8: eb34c28f22e8b96e1ab97ce403110664 -> 
  custom:audio-decoder-ogg-vorbis: bf7c407c2cedff20999df2af8eb42d56 -> 
  custom:scripting/monoscript/fileName/Item.cs: c2b7fc65fe255f985743270ca947d8ec -> edfd25bbe8f561e55c7415f9c3adacfe
  custom:audio-encoder-webm-vorbis: bf7c407c2cedff20999df2af8eb42d56 -> 
  custom:scripting/precompiled-assembly-types:Assembly-CSharp: be7cd846428441ed6c71065bcd346447 -> 14f21d8c89919019ed129879e7927412
========================================================================
Received Prepare
Caller must complete domain reload
Begin MonoManager ReloadAssembly
- Loaded All Assemblies, in  0.472 seconds
Native extension for LinuxStandalone target not found
Native extension for WindowsStandalone target not found
Mono: successfully reloaded assembly
- Finished resetting the current domain, in  1.003 seconds
Domain Reload Profiling: 1475ms
	BeginReloadAssembly (156ms)
		ExecutionOrderSort (0ms)
		DisableScriptedObjects (8ms)
		BackupInstance (0ms)
		ReleaseScriptingObjects (0ms)
		CreateAndSetChildDomain (42ms)
	RebuildCommonClasses (42ms)
	RebuildNativeTypeToScriptingClass (12ms)
	initialDomainReloadingComplete (37ms)
	LoadAllAssembliesAndSetupDomain (224ms)
		LoadAssemblies (270ms)
		RebuildTransferFunctionScriptingTraits (0ms)
		AnalyzeDomain (26ms)
			TypeCache.Refresh (9ms)
				TypeCache.ScanAssembly (0ms)
			ScanForSourceGeneratedMonoScriptInfo (8ms)
			ResolveRequiredComponents (6ms)
	FinalizeReload (1003ms)
		ReleaseScriptCaches (0ms)
		RebuildScriptCaches (0ms)
		SetupLoadedEditorAssemblies (587ms)
			LogAssemblyErrors (0ms)
			InitializePlatformSupportModulesInManaged (45ms)
			SetLoadedEditorAssemblies (6ms)
			RefreshPlugins (0ms)
			BeforeProcessingInitializeOnLoad (79ms)
			ProcessInitializeOnLoadAttributes (408ms)
			ProcessInitializeOnLoadMethodAttributes (40ms)
			AfterProcessingInitializeOnLoad (9ms)
			EditorAssembliesLoaded (0ms)
		ExecutionOrderSort2 (0ms)
		AwakeInstancesAfterBackupRestoration (7ms)
Refreshing native plugins compatible for Editor in 1.49 ms, found 0 plugins.
Preloading 0 native plugins for Editor in 0.00 ms.
Unloading 3253 Unused Serialized files (Serialized files now loaded: 0)
Unloading 14 unused Assets / (28.6 KB). Loaded Objects now: 3890.
Memory consumption went from 134.4 MB to 134.3 MB.
Total: 6.150277 ms (FindLiveObjects: 0.335443 ms CreateObjectMapping: 0.442415 ms MarkObjects: 5.248715 ms  DeleteObjects: 0.121817 ms)

Prepare: number of updated asset objects reloaded= 0
AssetImportParameters requested are different than current active one (requested -> active):
  custom:container-demuxer-ogg: 62fdf1f143b41e24485cea50d1cbac27 -> 
  custom:scripting/monoscript/fileName/HandScript.cs: ab82d9b432b4ff3c2be587dcfc2ef88f -> f6d2d9607a041472806e778f6397f6ff
  custom:scripting/monoscript/fileName/GunScript.cs: 6a8d5652f919b70c5522b0348dc3dc24 -> adaec7589872e88b61019be0f1bdc549
  custom:video-decoder-ogg-theora: a1e56fd34408186e4bbccfd4996cb3dc -> 
  custom:scripting/monoscript/fileName/BulletScript.cs: 13477a3b0c98cca55096ea1dcfe934dc -> d888d721bde78eacda1c314a50a2cf74
  custom:CustomObjectIndexerAttribute: 232f87dd983dbecb2a4e21e08eb2cef8 -> 
  custom:container-demuxer-webm: 4f35f7cbe854078d1ac9338744f61a02 -> 
  custom:scripting/monoscript/fileName/ClipScript.cs: d454b9a64ca33d8936f1fee1d0b94333 -> a47e0092d1d896ccc176e69669d3233d
  custom:container-muxer-webm: aa71ff27fc2769a1b78a27578f13a17b -> 
  custom:video-decoder-webm-vp8: 9c59270c3fd7afecdb556c50c9e8de78 -> 
  custom:scripting/monoscript/fileName/MovementScript.cs: 0602eb1700489a3ab9cb01ec15ee773a -> 9a1daee93d0a505568922467e5a5e2e0
  custom:SearchIndexIgnoredProperties: e643bd26f0fe6173181afceb89e7c659 -> 
  custom:AudioImporter_EditorPlatform: 2f0ff77a95e0ac474e3e8eeba4e2f7cb -> 
  custom:video-encoder-webm-vp8: eb34c28f22e8b96e1ab97ce403110664 -> 
  custom:audio-decoder-ogg-vorbis: bf7c407c2cedff20999df2af8eb42d56 -> 
  custom:scripting/monoscript/fileName/Item.cs: c2b7fc65fe255f985743270ca947d8ec -> edfd25bbe8f561e55c7415f9c3adacfe
  custom:audio-encoder-webm-vorbis: bf7c407c2cedff20999df2af8eb42d56 -> 
  custom:scripting/precompiled-assembly-types:Assembly-CSharp: be7cd846428441ed6c71065bcd346447 -> 14f21d8c89919019ed129879e7927412
========================================================================
Received Prepare
Caller must complete domain reload
Begin MonoManager ReloadAssembly
- Loaded All Assemblies, in  0.474 seconds
Native extension for LinuxStandalone target not found
Native extension for WindowsStandalone target not found
Mono: successfully reloaded assembly
- Finished resetting the current domain, in  0.981 seconds
Domain Reload Profiling: 1457ms
	BeginReloadAssembly (151ms)
		ExecutionOrderSort (0ms)
		DisableScriptedObjects (8ms)
		BackupInstance (0ms)
		ReleaseScriptingObjects (0ms)
		CreateAndSetChildDomain (42ms)
	RebuildCommonClasses (46ms)
	RebuildNativeTypeToScriptingClass (13ms)
	initialDomainReloadingComplete (38ms)
	LoadAllAssembliesAndSetupDomain (225ms)
		LoadAssemblies (267ms)
		RebuildTransferFunctionScriptingTraits (0ms)
		AnalyzeDomain (27ms)
			TypeCache.Refresh (9ms)
				TypeCache.ScanAssembly (0ms)
			ScanForSourceGeneratedMonoScriptInfo (10ms)
			ResolveRequiredComponents (6ms)
	FinalizeReload (983ms)
		ReleaseScriptCaches (0ms)
		RebuildScriptCaches (0ms)
		SetupLoadedEditorAssemblies (563ms)
			LogAssemblyErrors (0ms)
			InitializePlatformSupportModulesInManaged (44ms)
			SetLoadedEditorAssemblies (6ms)
			RefreshPlugins (0ms)
			BeforeProcessingInitializeOnLoad (79ms)
			ProcessInitializeOnLoadAttributes (382ms)
			ProcessInitializeOnLoadMethodAttributes (40ms)
			AfterProcessingInitializeOnLoad (11ms)
			EditorAssembliesLoaded (0ms)
		ExecutionOrderSort2 (0ms)
		AwakeInstancesAfterBackupRestoration (9ms)
Refreshing native plugins compatible for Editor in 1.75 ms, found 0 plugins.
Preloading 0 native plugins for Editor in 0.00 ms.
Unloading 3253 Unused Serialized files (Serialized files now loaded: 0)
Unloading 14 unused Assets / (28.5 KB). Loaded Objects now: 3894.
Memory consumption went from 134.4 MB to 134.3 MB.
Total: 5.113317 ms (FindLiveObjects: 0.435270 ms CreateObjectMapping: 0.451591 ms MarkObjects: 4.170757 ms  DeleteObjects: 0.053757 ms)

Prepare: number of updated asset objects reloaded= 0
AssetImportParameters requested are different than current active one (requested -> active):
  custom:container-demuxer-ogg: 62fdf1f143b41e24485cea50d1cbac27 -> 
  custom:scripting/monoscript/fileName/HandScript.cs: ab82d9b432b4ff3c2be587dcfc2ef88f -> f6d2d9607a041472806e778f6397f6ff
  custom:scripting/monoscript/fileName/GunScript.cs: 6a8d5652f919b70c5522b0348dc3dc24 -> adaec7589872e88b61019be0f1bdc549
  custom:video-decoder-ogg-theora: a1e56fd34408186e4bbccfd4996cb3dc -> 
  custom:scripting/monoscript/fileName/BulletScript.cs: 13477a3b0c98cca55096ea1dcfe934dc -> d888d721bde78eacda1c314a50a2cf74
  custom:CustomObjectIndexerAttribute: 232f87dd983dbecb2a4e21e08eb2cef8 -> 
  custom:container-demuxer-webm: 4f35f7cbe854078d1ac9338744f61a02 -> 
  custom:scripting/monoscript/fileName/ClipScript.cs: d454b9a64ca33d8936f1fee1d0b94333 -> a47e0092d1d896ccc176e69669d3233d
  custom:container-muxer-webm: aa71ff27fc2769a1b78a27578f13a17b -> 
  custom:video-decoder-webm-vp8: 9c59270c3fd7afecdb556c50c9e8de78 -> 
  custom:scripting/monoscript/fileName/MovementScript.cs: 0602eb1700489a3ab9cb01ec15ee773a -> 9a1daee93d0a505568922467e5a5e2e0
  custom:SearchIndexIgnoredProperties: e643bd26f0fe6173181afceb89e7c659 -> 
  custom:AudioImporter_EditorPlatform: 2f0ff77a95e0ac474e3e8eeba4e2f7cb -> 
  custom:video-encoder-webm-vp8: eb34c28f22e8b96e1ab97ce403110664 -> 
  custom:audio-decoder-ogg-vorbis: bf7c407c2cedff20999df2af8eb42d56 -> 
  custom:scripting/monoscript/fileName/Item.cs: c2b7fc65fe255f985743270ca947d8ec -> edfd25bbe8f561e55c7415f9c3adacfe
  custom:audio-encoder-webm-vorbis: bf7c407c2cedff20999df2af8eb42d56 -> 
  custom:scripting/precompiled-assembly-types:Assembly-CSharp: be7cd846428441ed6c71065bcd346447 -> 14f21d8c89919019ed129879e7927412
========================================================================
Received Prepare
Caller must complete domain reload
Begin MonoManager ReloadAssembly
- Loaded All Assemblies, in  0.528 seconds
Native extension for LinuxStandalone target not found
Native extension for WindowsStandalone target not found
Mono: successfully reloaded assembly
- Finished resetting the current domain, in  0.956 seconds
Domain Reload Profiling: 1483ms
	BeginReloadAssembly (158ms)
		ExecutionOrderSort (0ms)
		DisableScriptedObjects (7ms)
		BackupInstance (0ms)
		ReleaseScriptingObjects (0ms)
		CreateAndSetChildDomain (51ms)
	RebuildCommonClasses (46ms)
	RebuildNativeTypeToScriptingClass (13ms)
	initialDomainReloadingComplete (36ms)
	LoadAllAssembliesAndSetupDomain (274ms)
		LoadAssemblies (303ms)
		RebuildTransferFunctionScriptingTraits (0ms)
		AnalyzeDomain (37ms)
			TypeCache.Refresh (12ms)
				TypeCache.ScanAssembly (0ms)
			ScanForSourceGeneratedMonoScriptInfo (13ms)
			ResolveRequiredComponents (10ms)
	FinalizeReload (956ms)
		ReleaseScriptCaches (0ms)
		RebuildScriptCaches (0ms)
		SetupLoadedEditorAssemblies (504ms)
			LogAssemblyErrors (0ms)
			InitializePlatformSupportModulesInManaged (46ms)
			SetLoadedEditorAssemblies (6ms)
			RefreshPlugins (0ms)
			BeforeProcessingInitializeOnLoad (79ms)
			ProcessInitializeOnLoadAttributes (335ms)
			ProcessInitializeOnLoadMethodAttributes (32ms)
			AfterProcessingInitializeOnLoad (7ms)
			EditorAssembliesLoaded (0ms)
		ExecutionOrderSort2 (0ms)
		AwakeInstancesAfterBackupRestoration (5ms)
Refreshing native plugins compatible for Editor in 1.75 ms, found 0 plugins.
Preloading 0 native plugins for Editor in 0.00 ms.
Unloading 3253 Unused Serialized files (Serialized files now loaded: 0)
Unloading 14 unused Assets / (28.5 KB). Loaded Objects now: 3898.
Memory consumption went from 134.4 MB to 134.3 MB.
Total: 4.044986 ms (FindLiveObjects: 0.309555 ms CreateObjectMapping: 0.233818 ms MarkObjects: 3.447707 ms  DeleteObjects: 0.052450 ms)

Prepare: number of updated asset objects reloaded= 0
AssetImportParameters requested are different than current active one (requested -> active):
  custom:container-demuxer-ogg: 62fdf1f143b41e24485cea50d1cbac27 -> 
  custom:scripting/monoscript/fileName/HandScript.cs: ab82d9b432b4ff3c2be587dcfc2ef88f -> f6d2d9607a041472806e778f6397f6ff
  custom:scripting/monoscript/fileName/GunScript.cs: 6a8d5652f919b70c5522b0348dc3dc24 -> adaec7589872e88b61019be0f1bdc549
  custom:video-decoder-ogg-theora: a1e56fd34408186e4bbccfd4996cb3dc -> 
  custom:scripting/monoscript/fileName/BulletScript.cs: 13477a3b0c98cca55096ea1dcfe934dc -> d888d721bde78eacda1c314a50a2cf74
  custom:CustomObjectIndexerAttribute: 232f87dd983dbecb2a4e21e08eb2cef8 -> 
  custom:container-demuxer-webm: 4f35f7cbe854078d1ac9338744f61a02 -> 
  custom:scripting/monoscript/fileName/ClipScript.cs: d454b9a64ca33d8936f1fee1d0b94333 -> a47e0092d1d896ccc176e69669d3233d
  custom:container-muxer-webm: aa71ff27fc2769a1b78a27578f13a17b -> 
  custom:video-decoder-webm-vp8: 9c59270c3fd7afecdb556c50c9e8de78 -> 
  custom:scripting/monoscript/fileName/MovementScript.cs: 0602eb1700489a3ab9cb01ec15ee773a -> 9a1daee93d0a505568922467e5a5e2e0
  custom:SearchIndexIgnoredProperties: e643bd26f0fe6173181afceb89e7c659 -> 
  custom:AudioImporter_EditorPlatform: 2f0ff77a95e0ac474e3e8eeba4e2f7cb -> 
  custom:video-encoder-webm-vp8: eb34c28f22e8b96e1ab97ce403110664 -> 
  custom:audio-decoder-ogg-vorbis: bf7c407c2cedff20999df2af8eb42d56 -> 
  custom:scripting/monoscript/fileName/Item.cs: c2b7fc65fe255f985743270ca947d8ec -> edfd25bbe8f561e55c7415f9c3adacfe
  custom:audio-encoder-webm-vorbis: bf7c407c2cedff20999df2af8eb42d56 -> 
  custom:scripting/precompiled-assembly-types:Assembly-CSharp: be7cd846428441ed6c71065bcd346447 -> 14f21d8c89919019ed129879e7927412
========================================================================
Received Prepare
Caller must complete domain reload
Begin MonoManager ReloadAssembly
- Loaded All Assemblies, in  0.482 seconds
Native extension for LinuxStandalone target not found
Native extension for WindowsStandalone target not found
Mono: successfully reloaded assembly
- Finished resetting the current domain, in  1.106 seconds
Domain Reload Profiling: 1589ms
	BeginReloadAssembly (152ms)
		ExecutionOrderSort (0ms)
		DisableScriptedObjects (7ms)
		BackupInstance (0ms)
		ReleaseScriptingObjects (0ms)
		CreateAndSetChildDomain (46ms)
	RebuildCommonClasses (45ms)
	RebuildNativeTypeToScriptingClass (14ms)
	initialDomainReloadingComplete (39ms)
	LoadAllAssembliesAndSetupDomain (231ms)
		LoadAssemblies (271ms)
		RebuildTransferFunctionScriptingTraits (0ms)
		AnalyzeDomain (25ms)
			TypeCache.Refresh (9ms)
				TypeCache.ScanAssembly (0ms)
			ScanForSourceGeneratedMonoScriptInfo (9ms)
			ResolveRequiredComponents (6ms)
	FinalizeReload (1108ms)
		ReleaseScriptCaches (0ms)
		RebuildScriptCaches (0ms)
		SetupLoadedEditorAssemblies (674ms)
			LogAssemblyErrors (0ms)
			InitializePlatformSupportModulesInManaged (60ms)
			SetLoadedEditorAssemblies (10ms)
			RefreshPlugins (0ms)
			BeforeProcessingInitializeOnLoad (99ms)
			ProcessInitializeOnLoadAttributes (453ms)
			ProcessInitializeOnLoadMethodAttributes (46ms)
			AfterProcessingInitializeOnLoad (7ms)
			EditorAssembliesLoaded (0ms)
		ExecutionOrderSort2 (0ms)
		AwakeInstancesAfterBackupRestoration (5ms)
Refreshing native plugins compatible for Editor in 1.67 ms, found 0 plugins.
Preloading 0 native plugins for Editor in 0.00 ms.
Unloading 3253 Unused Serialized files (Serialized files now loaded: 0)
Unloading 14 unused Assets / (28.5 KB). Loaded Objects now: 3902.
Memory consumption went from 134.4 MB to 134.3 MB.
Total: 7.359618 ms (FindLiveObjects: 0.531106 ms CreateObjectMapping: 1.088983 ms MarkObjects: 5.656661 ms  DeleteObjects: 0.080977 ms)

Prepare: number of updated asset objects reloaded= 0
AssetImportParameters requested are different than current active one (requested -> active):
  custom:container-demuxer-ogg: 62fdf1f143b41e24485cea50d1cbac27 -> 
  custom:scripting/monoscript/fileName/HandScript.cs: ab82d9b432b4ff3c2be587dcfc2ef88f -> f6d2d9607a041472806e778f6397f6ff
  custom:scripting/monoscript/fileName/GunScript.cs: 6a8d5652f919b70c5522b0348dc3dc24 -> adaec7589872e88b61019be0f1bdc549
  custom:video-decoder-ogg-theora: a1e56fd34408186e4bbccfd4996cb3dc -> 
  custom:scripting/monoscript/fileName/BulletScript.cs: 13477a3b0c98cca55096ea1dcfe934dc -> d888d721bde78eacda1c314a50a2cf74
  custom:CustomObjectIndexerAttribute: 232f87dd983dbecb2a4e21e08eb2cef8 -> 
  custom:container-demuxer-webm: 4f35f7cbe854078d1ac9338744f61a02 -> 
  custom:scripting/monoscript/fileName/ClipScript.cs: d454b9a64ca33d8936f1fee1d0b94333 -> a47e0092d1d896ccc176e69669d3233d
  custom:container-muxer-webm: aa71ff27fc2769a1b78a27578f13a17b -> 
  custom:video-decoder-webm-vp8: 9c59270c3fd7afecdb556c50c9e8de78 -> 
  custom:scripting/monoscript/fileName/MovementScript.cs: 0602eb1700489a3ab9cb01ec15ee773a -> 9a1daee93d0a505568922467e5a5e2e0
  custom:SearchIndexIgnoredProperties: e643bd26f0fe6173181afceb89e7c659 -> 
  custom:AudioImporter_EditorPlatform: 2f0ff77a95e0ac474e3e8eeba4e2f7cb -> 
  custom:video-encoder-webm-vp8: eb34c28f22e8b96e1ab97ce403110664 -> 
  custom:audio-decoder-ogg-vorbis: bf7c407c2cedff20999df2af8eb42d56 -> 
  custom:scripting/monoscript/fileName/Item.cs: c2b7fc65fe255f985743270ca947d8ec -> edfd25bbe8f561e55c7415f9c3adacfe
  custom:audio-encoder-webm-vorbis: bf7c407c2cedff20999df2af8eb42d56 -> 
  custom:scripting/precompiled-assembly-types:Assembly-CSharp: be7cd846428441ed6c71065bcd346447 -> 14f21d8c89919019ed129879e7927412
========================================================================
Received Prepare
Caller must complete domain reload
Begin MonoManager ReloadAssembly
- Loaded All Assemblies, in  0.466 seconds
Native extension for LinuxStandalone target not found
Native extension for WindowsStandalone target not found
Mono: successfully reloaded assembly
- Finished resetting the current domain, in  1.152 seconds
Domain Reload Profiling: 1617ms
	BeginReloadAssembly (150ms)
		ExecutionOrderSort (0ms)
		DisableScriptedObjects (7ms)
		BackupInstance (0ms)
		ReleaseScriptingObjects (0ms)
		CreateAndSetChildDomain (43ms)
	RebuildCommonClasses (45ms)
	RebuildNativeTypeToScriptingClass (13ms)
	initialDomainReloadingComplete (38ms)
	LoadAllAssembliesAndSetupDomain (219ms)
		LoadAssemblies (261ms)
		RebuildTransferFunctionScriptingTraits (0ms)
		AnalyzeDomain (25ms)
			TypeCache.Refresh (9ms)
				TypeCache.ScanAssembly (0ms)
			ScanForSourceGeneratedMonoScriptInfo (8ms)
			ResolveRequiredComponents (6ms)
	FinalizeReload (1153ms)
		ReleaseScriptCaches (0ms)
		RebuildScriptCaches (0ms)
		SetupLoadedEditorAssemblies (738ms)
			LogAssemblyErrors (0ms)
			InitializePlatformSupportModulesInManaged (66ms)
			SetLoadedEditorAssemblies (10ms)
			RefreshPlugins (0ms)
			BeforeProcessingInitializeOnLoad (139ms)
			ProcessInitializeOnLoadAttributes (469ms)
			ProcessInitializeOnLoadMethodAttributes (45ms)
			AfterProcessingInitializeOnLoad (9ms)
			EditorAssembliesLoaded (0ms)
		ExecutionOrderSort2 (0ms)
		AwakeInstancesAfterBackupRestoration (8ms)
Refreshing native plugins compatible for Editor in 1.70 ms, found 0 plugins.
Preloading 0 native plugins for Editor in 0.00 ms.
Unloading 3253 Unused Serialized files (Serialized files now loaded: 0)
Unloading 14 unused Assets / (28.6 KB). Loaded Objects now: 3906.
Memory consumption went from 134.4 MB to 134.3 MB.
Total: 5.916445 ms (FindLiveObjects: 0.381241 ms CreateObjectMapping: 0.308179 ms MarkObjects: 5.129687 ms  DeleteObjects: 0.095326 ms)

Prepare: number of updated asset objects reloaded= 0
AssetImportParameters requested are different than current active one (requested -> active):
  custom:container-demuxer-ogg: 62fdf1f143b41e24485cea50d1cbac27 -> 
  custom:scripting/monoscript/fileName/HandScript.cs: ab82d9b432b4ff3c2be587dcfc2ef88f -> f6d2d9607a041472806e778f6397f6ff
  custom:scripting/monoscript/fileName/GunScript.cs: 6a8d5652f919b70c5522b0348dc3dc24 -> adaec7589872e88b61019be0f1bdc549
  custom:video-decoder-ogg-theora: a1e56fd34408186e4bbccfd4996cb3dc -> 
  custom:scripting/monoscript/fileName/BulletScript.cs: 13477a3b0c98cca55096ea1dcfe934dc -> d888d721bde78eacda1c314a50a2cf74
  custom:CustomObjectIndexerAttribute: 232f87dd983dbecb2a4e21e08eb2cef8 -> 
  custom:container-demuxer-webm: 4f35f7cbe854078d1ac9338744f61a02 -> 
  custom:scripting/monoscript/fileName/ClipScript.cs: d454b9a64ca33d8936f1fee1d0b94333 -> a47e0092d1d896ccc176e69669d3233d
  custom:container-muxer-webm: aa71ff27fc2769a1b78a27578f13a17b -> 
  custom:video-decoder-webm-vp8: 9c59270c3fd7afecdb556c50c9e8de78 -> 
  custom:scripting/monoscript/fileName/MovementScript.cs: 0602eb1700489a3ab9cb01ec15ee773a -> 9a1daee93d0a505568922467e5a5e2e0
  custom:SearchIndexIgnoredProperties: e643bd26f0fe6173181afceb89e7c659 -> 
  custom:AudioImporter_EditorPlatform: 2f0ff77a95e0ac474e3e8eeba4e2f7cb -> 
  custom:video-encoder-webm-vp8: eb34c28f22e8b96e1ab97ce403110664 -> 
  custom:audio-decoder-ogg-vorbis: bf7c407c2cedff20999df2af8eb42d56 -> 
  custom:scripting/monoscript/fileName/Item.cs: c2b7fc65fe255f985743270ca947d8ec -> edfd25bbe8f561e55c7415f9c3adacfe
  custom:audio-encoder-webm-vorbis: bf7c407c2cedff20999df2af8eb42d56 -> 
  custom:scripting/precompiled-assembly-types:Assembly-CSharp: be7cd846428441ed6c71065bcd346447 -> 14f21d8c89919019ed129879e7927412
========================================================================
Received Prepare
Caller must complete domain reload
Begin MonoManager ReloadAssembly
- Loaded All Assemblies, in  0.517 seconds
Native extension for LinuxStandalone target not found
Native extension for WindowsStandalone target not found
Mono: successfully reloaded assembly
- Finished resetting the current domain, in  1.073 seconds
Domain Reload Profiling: 1590ms
	BeginReloadAssembly (148ms)
		ExecutionOrderSort (0ms)
		DisableScriptedObjects (7ms)
		BackupInstance (0ms)
		ReleaseScriptingObjects (0ms)
		CreateAndSetChildDomain (42ms)
	RebuildCommonClasses (43ms)
	RebuildNativeTypeToScriptingClass (15ms)
	initialDomainReloadingComplete (37ms)
	LoadAllAssembliesAndSetupDomain (273ms)
		LoadAssemblies (312ms)
		RebuildTransferFunctionScriptingTraits (0ms)
		AnalyzeDomain (28ms)
			TypeCache.Refresh (9ms)
				TypeCache.ScanAssembly (0ms)
			ScanForSourceGeneratedMonoScriptInfo (10ms)
			ResolveRequiredComponents (7ms)
	FinalizeReload (1074ms)
		ReleaseScriptCaches (0ms)
		RebuildScriptCaches (0ms)
		SetupLoadedEditorAssemblies (642ms)
			LogAssemblyErrors (0ms)
			InitializePlatformSupportModulesInManaged (47ms)
			SetLoadedEditorAssemblies (8ms)
			RefreshPlugins (0ms)
			BeforeProcessingInitializeOnLoad (107ms)
			ProcessInitializeOnLoadAttributes (422ms)
			ProcessInitializeOnLoadMethodAttributes (48ms)
			AfterProcessingInitializeOnLoad (9ms)
			EditorAssembliesLoaded (0ms)
		ExecutionOrderSort2 (0ms)
		AwakeInstancesAfterBackupRestoration (8ms)
Refreshing native plugins compatible for Editor in 1.12 ms, found 0 plugins.
Preloading 0 native plugins for Editor in 0.00 ms.
Unloading 3253 Unused Serialized files (Serialized files now loaded: 0)
Unloading 14 unused Assets / (28.6 KB). Loaded Objects now: 3910.
Memory consumption went from 134.4 MB to 134.3 MB.
Total: 5.779359 ms (FindLiveObjects: 0.318187 ms CreateObjectMapping: 0.225590 ms MarkObjects: 5.155542 ms  DeleteObjects: 0.078617 ms)

Prepare: number of updated asset objects reloaded= 0
AssetImportParameters requested are different than current active one (requested -> active):
  custom:container-demuxer-ogg: 62fdf1f143b41e24485cea50d1cbac27 -> 
  custom:scripting/monoscript/fileName/HandScript.cs: ab82d9b432b4ff3c2be587dcfc2ef88f -> f6d2d9607a041472806e778f6397f6ff
  custom:scripting/monoscript/fileName/GunScript.cs: 6a8d5652f919b70c5522b0348dc3dc24 -> adaec7589872e88b61019be0f1bdc549
  custom:video-decoder-ogg-theora: a1e56fd34408186e4bbccfd4996cb3dc -> 
  custom:scripting/monoscript/fileName/BulletScript.cs: 13477a3b0c98cca55096ea1dcfe934dc -> d888d721bde78eacda1c314a50a2cf74
  custom:CustomObjectIndexerAttribute: 232f87dd983dbecb2a4e21e08eb2cef8 -> 
  custom:container-demuxer-webm: 4f35f7cbe854078d1ac9338744f61a02 -> 
  custom:scripting/monoscript/fileName/ClipScript.cs: d454b9a64ca33d8936f1fee1d0b94333 -> a47e0092d1d896ccc176e69669d3233d
  custom:container-muxer-webm: aa71ff27fc2769a1b78a27578f13a17b -> 
  custom:video-decoder-webm-vp8: 9c59270c3fd7afecdb556c50c9e8de78 -> 
  custom:scripting/monoscript/fileName/MovementScript.cs: 0602eb1700489a3ab9cb01ec15ee773a -> 9a1daee93d0a505568922467e5a5e2e0
  custom:SearchIndexIgnoredProperties: e643bd26f0fe6173181afceb89e7c659 -> 
  custom:AudioImporter_EditorPlatform: 2f0ff77a95e0ac474e3e8eeba4e2f7cb -> 
  custom:video-encoder-webm-vp8: eb34c28f22e8b96e1ab97ce403110664 -> 
  custom:audio-decoder-ogg-vorbis: bf7c407c2cedff20999df2af8eb42d56 -> 
  custom:scripting/monoscript/fileName/Item.cs: c2b7fc65fe255f985743270ca947d8ec -> edfd25bbe8f561e55c7415f9c3adacfe
  custom:audio-encoder-webm-vorbis: bf7c407c2cedff20999df2af8eb42d56 -> 
  custom:scripting/precompiled-assembly-types:Assembly-CSharp: be7cd846428441ed6c71065bcd346447 -> 14f21d8c89919019ed129879e7927412
========================================================================
Received Prepare
Caller must complete domain reload
Begin MonoManager ReloadAssembly
- Loaded All Assemblies, in  0.526 seconds
Native extension for LinuxStandalone target not found
Native extension for WindowsStandalone target not found
Mono: successfully reloaded assembly
- Finished resetting the current domain, in  1.225 seconds
Domain Reload Profiling: 1751ms
	BeginReloadAssembly (175ms)
		ExecutionOrderSort (0ms)
		DisableScriptedObjects (8ms)
		BackupInstance (0ms)
		ReleaseScriptingObjects (0ms)
		CreateAndSetChildDomain (53ms)
	RebuildCommonClasses (46ms)
	RebuildNativeTypeToScriptingClass (14ms)
	initialDomainReloadingComplete (41ms)
	LoadAllAssembliesAndSetupDomain (249ms)
		LoadAssemblies (295ms)
		RebuildTransferFunctionScriptingTraits (0ms)
		AnalyzeDomain (31ms)
			TypeCache.Refresh (10ms)
				TypeCache.ScanAssembly (0ms)
			ScanForSourceGeneratedMonoScriptInfo (13ms)
			ResolveRequiredComponents (8ms)
	FinalizeReload (1226ms)
		ReleaseScriptCaches (0ms)
		RebuildScriptCaches (0ms)
		SetupLoadedEditorAssemblies (706ms)
			LogAssemblyErrors (0ms)
			InitializePlatformSupportModulesInManaged (63ms)
			SetLoadedEditorAssemblies (6ms)
			RefreshPlugins (0ms)
			BeforeProcessingInitializeOnLoad (106ms)
			ProcessInitializeOnLoadAttributes (487ms)
			ProcessInitializeOnLoadMethodAttributes (33ms)
			AfterProcessingInitializeOnLoad (10ms)
			EditorAssembliesLoaded (0ms)
		ExecutionOrderSort2 (0ms)
		AwakeInstancesAfterBackupRestoration (10ms)
Refreshing native plugins compatible for Editor in 2.06 ms, found 0 plugins.
Preloading 0 native plugins for Editor in 0.00 ms.
Unloading 3253 Unused Serialized files (Serialized files now loaded: 0)
Unloading 14 unused Assets / (28.6 KB). Loaded Objects now: 3914.
Memory consumption went from 134.4 MB to 134.4 MB.
Total: 8.002293 ms (FindLiveObjects: 0.300007 ms CreateObjectMapping: 0.315610 ms MarkObjects: 7.302293 ms  DeleteObjects: 0.082511 ms)

Prepare: number of updated asset objects reloaded= 0
AssetImportParameters requested are different than current active one (requested -> active):
  custom:container-demuxer-ogg: 62fdf1f143b41e24485cea50d1cbac27 -> 
  custom:scripting/monoscript/fileName/HandScript.cs: ab82d9b432b4ff3c2be587dcfc2ef88f -> f6d2d9607a041472806e778f6397f6ff
  custom:scripting/monoscript/fileName/GunScript.cs: 6a8d5652f919b70c5522b0348dc3dc24 -> adaec7589872e88b61019be0f1bdc549
  custom:video-decoder-ogg-theora: a1e56fd34408186e4bbccfd4996cb3dc -> 
  custom:scripting/monoscript/fileName/BulletScript.cs: 13477a3b0c98cca55096ea1dcfe934dc -> d888d721bde78eacda1c314a50a2cf74
  custom:CustomObjectIndexerAttribute: 232f87dd983dbecb2a4e21e08eb2cef8 -> 
  custom:container-demuxer-webm: 4f35f7cbe854078d1ac9338744f61a02 -> 
  custom:scripting/monoscript/fileName/ClipScript.cs: d454b9a64ca33d8936f1fee1d0b94333 -> a47e0092d1d896ccc176e69669d3233d
  custom:container-muxer-webm: aa71ff27fc2769a1b78a27578f13a17b -> 
  custom:video-decoder-webm-vp8: 9c59270c3fd7afecdb556c50c9e8de78 -> 
  custom:scripting/monoscript/fileName/MovementScript.cs: 0602eb1700489a3ab9cb01ec15ee773a -> 9a1daee93d0a505568922467e5a5e2e0
  custom:SearchIndexIgnoredProperties: e643bd26f0fe6173181afceb89e7c659 -> 
  custom:AudioImporter_EditorPlatform: 2f0ff77a95e0ac474e3e8eeba4e2f7cb -> 
  custom:video-encoder-webm-vp8: eb34c28f22e8b96e1ab97ce403110664 -> 
  custom:audio-decoder-ogg-vorbis: bf7c407c2cedff20999df2af8eb42d56 -> 
  custom:scripting/monoscript/fileName/Item.cs: c2b7fc65fe255f985743270ca947d8ec -> edfd25bbe8f561e55c7415f9c3adacfe
  custom:audio-encoder-webm-vorbis: bf7c407c2cedff20999df2af8eb42d56 -> 
  custom:scripting/precompiled-assembly-types:Assembly-CSharp: be7cd846428441ed6c71065bcd346447 -> 14f21d8c89919019ed129879e7927412
========================================================================
Received Prepare
Caller must complete domain reload
Begin MonoManager ReloadAssembly
- Loaded All Assemblies, in  0.470 seconds
Native extension for LinuxStandalone target not found
Native extension for WindowsStandalone target not found
Mono: successfully reloaded assembly
- Finished resetting the current domain, in  1.109 seconds
Domain Reload Profiling: 1579ms
	BeginReloadAssembly (149ms)
		ExecutionOrderSort (0ms)
		DisableScriptedObjects (6ms)
		BackupInstance (0ms)
		ReleaseScriptingObjects (0ms)
		CreateAndSetChildDomain (43ms)
	RebuildCommonClasses (48ms)
	RebuildNativeTypeToScriptingClass (13ms)
	initialDomainReloadingComplete (38ms)
	LoadAllAssembliesAndSetupDomain (222ms)
		LoadAssemblies (264ms)
		RebuildTransferFunctionScriptingTraits (0ms)
		AnalyzeDomain (26ms)
			TypeCache.Refresh (9ms)
				TypeCache.ScanAssembly (0ms)
			ScanForSourceGeneratedMonoScriptInfo (8ms)
			ResolveRequiredComponents (7ms)
	FinalizeReload (1110ms)
		ReleaseScriptCaches (0ms)
		RebuildScriptCaches (0ms)
		SetupLoadedEditorAssemblies (684ms)
			LogAssemblyErrors (0ms)
			InitializePlatformSupportModulesInManaged (57ms)
			SetLoadedEditorAssemblies (6ms)
			RefreshPlugins (0ms)
			BeforeProcessingInitializeOnLoad (99ms)
			ProcessInitializeOnLoadAttributes (467ms)
			ProcessInitializeOnLoadMethodAttributes (43ms)
			AfterProcessingInitializeOnLoad (12ms)
			EditorAssembliesLoaded (0ms)
		ExecutionOrderSort2 (0ms)
		AwakeInstancesAfterBackupRestoration (9ms)
Refreshing native plugins compatible for Editor in 1.14 ms, found 0 plugins.
Preloading 0 native plugins for Editor in 0.00 ms.
Unloading 3253 Unused Serialized files (Serialized files now loaded: 0)
Unloading 14 unused Assets / (28.6 KB). Loaded Objects now: 3918.
Memory consumption went from 134.4 MB to 134.4 MB.
Total: 5.198877 ms (FindLiveObjects: 0.381227 ms CreateObjectMapping: 0.383318 ms MarkObjects: 4.377799 ms  DeleteObjects: 0.054882 ms)

Prepare: number of updated asset objects reloaded= 0
AssetImportParameters requested are different than current active one (requested -> active):
  custom:container-demuxer-ogg: 62fdf1f143b41e24485cea50d1cbac27 -> 
  custom:scripting/monoscript/fileName/HandScript.cs: ab82d9b432b4ff3c2be587dcfc2ef88f -> f6d2d9607a041472806e778f6397f6ff
  custom:scripting/monoscript/fileName/GunScript.cs: 6a8d5652f919b70c5522b0348dc3dc24 -> adaec7589872e88b61019be0f1bdc549
  custom:video-decoder-ogg-theora: a1e56fd34408186e4bbccfd4996cb3dc -> 
  custom:scripting/monoscript/fileName/BulletScript.cs: 13477a3b0c98cca55096ea1dcfe934dc -> d888d721bde78eacda1c314a50a2cf74
  custom:CustomObjectIndexerAttribute: 232f87dd983dbecb2a4e21e08eb2cef8 -> 
  custom:container-demuxer-webm: 4f35f7cbe854078d1ac9338744f61a02 -> 
  custom:scripting/monoscript/fileName/ClipScript.cs: d454b9a64ca33d8936f1fee1d0b94333 -> a47e0092d1d896ccc176e69669d3233d
  custom:container-muxer-webm: aa71ff27fc2769a1b78a27578f13a17b -> 
  custom:video-decoder-webm-vp8: 9c59270c3fd7afecdb556c50c9e8de78 -> 
  custom:scripting/monoscript/fileName/MovementScript.cs: 0602eb1700489a3ab9cb01ec15ee773a -> 9a1daee93d0a505568922467e5a5e2e0
  custom:SearchIndexIgnoredProperties: e643bd26f0fe6173181afceb89e7c659 -> 
  custom:AudioImporter_EditorPlatform: 2f0ff77a95e0ac474e3e8eeba4e2f7cb -> 
  custom:video-encoder-webm-vp8: eb34c28f22e8b96e1ab97ce403110664 -> 
  custom:audio-decoder-ogg-vorbis: bf7c407c2cedff20999df2af8eb42d56 -> 
  custom:scripting/monoscript/fileName/Item.cs: c2b7fc65fe255f985743270ca947d8ec -> edfd25bbe8f561e55c7415f9c3adacfe
  custom:audio-encoder-webm-vorbis: bf7c407c2cedff20999df2af8eb42d56 -> 
  custom:scripting/precompiled-assembly-types:Assembly-CSharp: be7cd846428441ed6c71065bcd346447 -> 14f21d8c89919019ed129879e7927412
========================================================================
Received Prepare
Caller must complete domain reload
Begin MonoManager ReloadAssembly
- Loaded All Assemblies, in  0.503 seconds
Native extension for LinuxStandalone target not found
Native extension for WindowsStandalone target not found
Mono: successfully reloaded assembly
- Finished resetting the current domain, in  1.249 seconds
Domain Reload Profiling: 1753ms
	BeginReloadAssembly (162ms)
		ExecutionOrderSort (0ms)
		DisableScriptedObjects (7ms)
		BackupInstance (0ms)
		ReleaseScriptingObjects (0ms)
		CreateAndSetChildDomain (45ms)
	RebuildCommonClasses (45ms)
	RebuildNativeTypeToScriptingClass (13ms)
	initialDomainReloadingComplete (38ms)
	LoadAllAssembliesAndSetupDomain (244ms)
		LoadAssemblies (284ms)
		RebuildTransferFunctionScriptingTraits (0ms)
		AnalyzeDomain (28ms)
			TypeCache.Refresh (9ms)
				TypeCache.ScanAssembly (0ms)
			ScanForSourceGeneratedMonoScriptInfo (11ms)
			ResolveRequiredComponents (7ms)
	FinalizeReload (1250ms)
		ReleaseScriptCaches (0ms)
		RebuildScriptCaches (0ms)
		SetupLoadedEditorAssemblies (767ms)
			LogAssemblyErrors (0ms)
			InitializePlatformSupportModulesInManaged (65ms)
			SetLoadedEditorAssemblies (7ms)
			RefreshPlugins (0ms)
			BeforeProcessingInitializeOnLoad (108ms)
			ProcessInitializeOnLoadAttributes (516ms)
			ProcessInitializeOnLoadMethodAttributes (58ms)
			AfterProcessingInitializeOnLoad (12ms)
			EditorAssembliesLoaded (0ms)
		ExecutionOrderSort2 (0ms)
		AwakeInstancesAfterBackupRestoration (9ms)
Refreshing native plugins compatible for Editor in 1.16 ms, found 0 plugins.
Preloading 0 native plugins for Editor in 0.00 ms.
Unloading 3253 Unused Serialized files (Serialized files now loaded: 0)
Unloading 14 unused Assets / (28.5 KB). Loaded Objects now: 3922.
Memory consumption went from 134.4 MB to 134.4 MB.
Total: 5.818466 ms (FindLiveObjects: 0.467013 ms CreateObjectMapping: 0.365519 ms MarkObjects: 4.920512 ms  DeleteObjects: 0.061227 ms)

Prepare: number of updated asset objects reloaded= 0
AssetImportParameters requested are different than current active one (requested -> active):
  custom:container-demuxer-ogg: 62fdf1f143b41e24485cea50d1cbac27 -> 
  custom:scripting/monoscript/fileName/HandScript.cs: ab82d9b432b4ff3c2be587dcfc2ef88f -> f6d2d9607a041472806e778f6397f6ff
  custom:scripting/monoscript/fileName/GunScript.cs: 6a8d5652f919b70c5522b0348dc3dc24 -> adaec7589872e88b61019be0f1bdc549
  custom:video-decoder-ogg-theora: a1e56fd34408186e4bbccfd4996cb3dc -> 
  custom:scripting/monoscript/fileName/BulletScript.cs: 13477a3b0c98cca55096ea1dcfe934dc -> d888d721bde78eacda1c314a50a2cf74
  custom:CustomObjectIndexerAttribute: 232f87dd983dbecb2a4e21e08eb2cef8 -> 
  custom:container-demuxer-webm: 4f35f7cbe854078d1ac9338744f61a02 -> 
  custom:scripting/monoscript/fileName/ClipScript.cs: d454b9a64ca33d8936f1fee1d0b94333 -> a47e0092d1d896ccc176e69669d3233d
  custom:container-muxer-webm: aa71ff27fc2769a1b78a27578f13a17b -> 
  custom:video-decoder-webm-vp8: 9c59270c3fd7afecdb556c50c9e8de78 -> 
  custom:scripting/monoscript/fileName/MovementScript.cs: 0602eb1700489a3ab9cb01ec15ee773a -> 9a1daee93d0a505568922467e5a5e2e0
  custom:SearchIndexIgnoredProperties: e643bd26f0fe6173181afceb89e7c659 -> 
  custom:AudioImporter_EditorPlatform: 2f0ff77a95e0ac474e3e8eeba4e2f7cb -> 
  custom:video-encoder-webm-vp8: eb34c28f22e8b96e1ab97ce403110664 -> 
  custom:audio-decoder-ogg-vorbis: bf7c407c2cedff20999df2af8eb42d56 -> 
  custom:scripting/monoscript/fileName/Item.cs: c2b7fc65fe255f985743270ca947d8ec -> edfd25bbe8f561e55c7415f9c3adacfe
  custom:audio-encoder-webm-vorbis: bf7c407c2cedff20999df2af8eb42d56 -> 
  custom:scripting/precompiled-assembly-types:Assembly-CSharp: be7cd846428441ed6c71065bcd346447 -> 14f21d8c89919019ed129879e7927412
========================================================================
Received Prepare
Caller must complete domain reload
Begin MonoManager ReloadAssembly
- Loaded All Assemblies, in  0.479 seconds
Native extension for LinuxStandalone target not found
Native extension for WindowsStandalone target not found
Mono: successfully reloaded assembly
- Finished resetting the current domain, in  1.142 seconds
Domain Reload Profiling: 1620ms
	BeginReloadAssembly (151ms)
		ExecutionOrderSort (0ms)
		DisableScriptedObjects (7ms)
		BackupInstance (0ms)
		ReleaseScriptingObjects (0ms)
		CreateAndSetChildDomain (44ms)
	RebuildCommonClasses (48ms)
	RebuildNativeTypeToScriptingClass (15ms)
	initialDomainReloadingComplete (40ms)
	LoadAllAssembliesAndSetupDomain (224ms)
		LoadAssemblies (265ms)
		RebuildTransferFunctionScriptingTraits (0ms)
		AnalyzeDomain (26ms)
			TypeCache.Refresh (9ms)
				TypeCache.ScanAssembly (0ms)
			ScanForSourceGeneratedMonoScriptInfo (9ms)
			ResolveRequiredComponents (6ms)
	FinalizeReload (1142ms)
		ReleaseScriptCaches (0ms)
		RebuildScriptCaches (0ms)
		SetupLoadedEditorAssemblies (673ms)
			LogAssemblyErrors (0ms)
			InitializePlatformSupportModulesInManaged (63ms)
			SetLoadedEditorAssemblies (8ms)
			RefreshPlugins (0ms)
			BeforeProcessingInitializeOnLoad (97ms)
			ProcessInitializeOnLoadAttributes (459ms)
			ProcessInitializeOnLoadMethodAttributes (35ms)
			AfterProcessingInitializeOnLoad (12ms)
			EditorAssembliesLoaded (0ms)
		ExecutionOrderSort2 (0ms)
		AwakeInstancesAfterBackupRestoration (9ms)
Refreshing native plugins compatible for Editor in 1.58 ms, found 0 plugins.
Preloading 0 native plugins for Editor in 0.00 ms.
Unloading 3253 Unused Serialized files (Serialized files now loaded: 0)
Unloading 14 unused Assets / (28.5 KB). Loaded Objects now: 3926.
Memory consumption went from 134.4 MB to 134.4 MB.
Total: 5.330788 ms (FindLiveObjects: 0.420122 ms CreateObjectMapping: 0.537386 ms MarkObjects: 4.285923 ms  DeleteObjects: 0.085177 ms)

Prepare: number of updated asset objects reloaded= 0
AssetImportParameters requested are different than current active one (requested -> active):
  custom:container-demuxer-ogg: 62fdf1f143b41e24485cea50d1cbac27 -> 
  custom:scripting/monoscript/fileName/HandScript.cs: ab82d9b432b4ff3c2be587dcfc2ef88f -> f6d2d9607a041472806e778f6397f6ff
  custom:scripting/monoscript/fileName/GunScript.cs: 6a8d5652f919b70c5522b0348dc3dc24 -> adaec7589872e88b61019be0f1bdc549
  custom:video-decoder-ogg-theora: a1e56fd34408186e4bbccfd4996cb3dc -> 
  custom:scripting/monoscript/fileName/BulletScript.cs: 13477a3b0c98cca55096ea1dcfe934dc -> d888d721bde78eacda1c314a50a2cf74
  custom:CustomObjectIndexerAttribute: 232f87dd983dbecb2a4e21e08eb2cef8 -> 
  custom:container-demuxer-webm: 4f35f7cbe854078d1ac9338744f61a02 -> 
  custom:scripting/monoscript/fileName/ClipScript.cs: d454b9a64ca33d8936f1fee1d0b94333 -> a47e0092d1d896ccc176e69669d3233d
  custom:container-muxer-webm: aa71ff27fc2769a1b78a27578f13a17b -> 
  custom:video-decoder-webm-vp8: 9c59270c3fd7afecdb556c50c9e8de78 -> 
  custom:scripting/monoscript/fileName/MovementScript.cs: 0602eb1700489a3ab9cb01ec15ee773a -> 9a1daee93d0a505568922467e5a5e2e0
  custom:SearchIndexIgnoredProperties: e643bd26f0fe6173181afceb89e7c659 -> 
  custom:AudioImporter_EditorPlatform: 2f0ff77a95e0ac474e3e8eeba4e2f7cb -> 
  custom:video-encoder-webm-vp8: eb34c28f22e8b96e1ab97ce403110664 -> 
  custom:audio-decoder-ogg-vorbis: bf7c407c2cedff20999df2af8eb42d56 -> 
  custom:scripting/monoscript/fileName/Item.cs: c2b7fc65fe255f985743270ca947d8ec -> edfd25bbe8f561e55c7415f9c3adacfe
  custom:audio-encoder-webm-vorbis: bf7c407c2cedff20999df2af8eb42d56 -> 
  custom:scripting/precompiled-assembly-types:Assembly-CSharp: be7cd846428441ed6c71065bcd346447 -> 14f21d8c89919019ed129879e7927412
========================================================================
Received Prepare
Caller must complete domain reload
Begin MonoManager ReloadAssembly
- Loaded All Assemblies, in  0.472 seconds
Native extension for LinuxStandalone target not found
Native extension for WindowsStandalone target not found
Mono: successfully reloaded assembly
- Finished resetting the current domain, in  1.247 seconds
Domain Reload Profiling: 1718ms
	BeginReloadAssembly (153ms)
		ExecutionOrderSort (0ms)
		DisableScriptedObjects (6ms)
		BackupInstance (0ms)
		ReleaseScriptingObjects (0ms)
		CreateAndSetChildDomain (46ms)
	RebuildCommonClasses (44ms)
	RebuildNativeTypeToScriptingClass (13ms)
	initialDomainReloadingComplete (38ms)
	LoadAllAssembliesAndSetupDomain (223ms)
		LoadAssemblies (263ms)
		RebuildTransferFunctionScriptingTraits (0ms)
		AnalyzeDomain (28ms)
			TypeCache.Refresh (10ms)
				TypeCache.ScanAssembly (0ms)
			ScanForSourceGeneratedMonoScriptInfo (9ms)
			ResolveRequiredComponents (7ms)
	FinalizeReload (1247ms)
		ReleaseScriptCaches (0ms)
		RebuildScriptCaches (0ms)
		SetupLoadedEditorAssemblies (740ms)
			LogAssemblyErrors (0ms)
			InitializePlatformSupportModulesInManaged (71ms)
			SetLoadedEditorAssemblies (7ms)
			RefreshPlugins (0ms)
			BeforeProcessingInitializeOnLoad (104ms)
			ProcessInitializeOnLoadAttributes (505ms)
			ProcessInitializeOnLoadMethodAttributes (43ms)
			AfterProcessingInitializeOnLoad (10ms)
			EditorAssembliesLoaded (0ms)
		ExecutionOrderSort2 (0ms)
		AwakeInstancesAfterBackupRestoration (9ms)
Refreshing native plugins compatible for Editor in 2.74 ms, found 0 plugins.
Preloading 0 native plugins for Editor in 0.00 ms.
Unloading 3253 Unused Serialized files (Serialized files now loaded: 0)
Unloading 14 unused Assets / (28.6 KB). Loaded Objects now: 3930.
Memory consumption went from 134.4 MB to 134.4 MB.
Total: 7.815141 ms (FindLiveObjects: 0.391192 ms CreateObjectMapping: 0.376391 ms MarkObjects: 6.931464 ms  DeleteObjects: 0.114135 ms)

Prepare: number of updated asset objects reloaded= 0
AssetImportParameters requested are different than current active one (requested -> active):
  custom:container-demuxer-ogg: 62fdf1f143b41e24485cea50d1cbac27 -> 
  custom:scripting/monoscript/fileName/HandScript.cs: ab82d9b432b4ff3c2be587dcfc2ef88f -> f6d2d9607a041472806e778f6397f6ff
  custom:scripting/monoscript/fileName/GunScript.cs: 6a8d5652f919b70c5522b0348dc3dc24 -> adaec7589872e88b61019be0f1bdc549
  custom:video-decoder-ogg-theora: a1e56fd34408186e4bbccfd4996cb3dc -> 
  custom:scripting/monoscript/fileName/BulletScript.cs: 13477a3b0c98cca55096ea1dcfe934dc -> d888d721bde78eacda1c314a50a2cf74
  custom:CustomObjectIndexerAttribute: 232f87dd983dbecb2a4e21e08eb2cef8 -> 
  custom:container-demuxer-webm: 4f35f7cbe854078d1ac9338744f61a02 -> 
  custom:scripting/monoscript/fileName/ClipScript.cs: d454b9a64ca33d8936f1fee1d0b94333 -> a47e0092d1d896ccc176e69669d3233d
  custom:container-muxer-webm: aa71ff27fc2769a1b78a27578f13a17b -> 
  custom:video-decoder-webm-vp8: 9c59270c3fd7afecdb556c50c9e8de78 -> 
  custom:scripting/monoscript/fileName/MovementScript.cs: 0602eb1700489a3ab9cb01ec15ee773a -> 9a1daee93d0a505568922467e5a5e2e0
  custom:SearchIndexIgnoredProperties: e643bd26f0fe6173181afceb89e7c659 -> 
  custom:AudioImporter_EditorPlatform: 2f0ff77a95e0ac474e3e8eeba4e2f7cb -> 
  custom:video-encoder-webm-vp8: eb34c28f22e8b96e1ab97ce403110664 -> 
  custom:audio-decoder-ogg-vorbis: bf7c407c2cedff20999df2af8eb42d56 -> 
  custom:scripting/monoscript/fileName/Item.cs: c2b7fc65fe255f985743270ca947d8ec -> edfd25bbe8f561e55c7415f9c3adacfe
  custom:audio-encoder-webm-vorbis: bf7c407c2cedff20999df2af8eb42d56 -> 
  custom:scripting/precompiled-assembly-types:Assembly-CSharp: be7cd846428441ed6c71065bcd346447 -> 14f21d8c89919019ed129879e7927412
========================================================================
Received Prepare
Caller must complete domain reload
Begin MonoManager ReloadAssembly
- Loaded All Assemblies, in  0.488 seconds
Native extension for LinuxStandalone target not found
Native extension for WindowsStandalone target not found
Mono: successfully reloaded assembly
- Finished resetting the current domain, in  1.180 seconds
Domain Reload Profiling: 1680ms
	BeginReloadAssembly (150ms)
		ExecutionOrderSort (0ms)
		DisableScriptedObjects (6ms)
		BackupInstance (0ms)
		ReleaseScriptingObjects (0ms)
		CreateAndSetChildDomain (43ms)
	RebuildCommonClasses (45ms)
	RebuildNativeTypeToScriptingClass (13ms)
	initialDomainReloadingComplete (37ms)
	LoadAllAssembliesAndSetupDomain (253ms)
		LoadAssemblies (285ms)
		RebuildTransferFunctionScriptingTraits (0ms)
		AnalyzeDomain (25ms)
			TypeCache.Refresh (9ms)
				TypeCache.ScanAssembly (0ms)
			ScanForSourceGeneratedMonoScriptInfo (9ms)
			ResolveRequiredComponents (7ms)
	FinalizeReload (1183ms)
		ReleaseScriptCaches (0ms)
		RebuildScriptCaches (0ms)
		SetupLoadedEditorAssemblies (703ms)
			LogAssemblyErrors (0ms)
			InitializePlatformSupportModulesInManaged (60ms)
			SetLoadedEditorAssemblies (9ms)
			RefreshPlugins (0ms)
			BeforeProcessingInitializeOnLoad (99ms)
			ProcessInitializeOnLoadAttributes (496ms)
			ProcessInitializeOnLoadMethodAttributes (32ms)
			AfterProcessingInitializeOnLoad (7ms)
			EditorAssembliesLoaded (0ms)
		ExecutionOrderSort2 (0ms)
		AwakeInstancesAfterBackupRestoration (8ms)
Refreshing native plugins compatible for Editor in 2.23 ms, found 0 plugins.
Preloading 0 native plugins for Editor in 0.00 ms.
Unloading 3253 Unused Serialized files (Serialized files now loaded: 0)
Unloading 14 unused Assets / (28.6 KB). Loaded Objects now: 3934.
Memory consumption went from 134.4 MB to 134.4 MB.
Total: 4.043961 ms (FindLiveObjects: 0.299490 ms CreateObjectMapping: 0.241962 ms MarkObjects: 3.436880 ms  DeleteObjects: 0.064013 ms)

Prepare: number of updated asset objects reloaded= 0
AssetImportParameters requested are different than current active one (requested -> active):
  custom:container-demuxer-ogg: 62fdf1f143b41e24485cea50d1cbac27 -> 
  custom:scripting/monoscript/fileName/HandScript.cs: ab82d9b432b4ff3c2be587dcfc2ef88f -> f6d2d9607a041472806e778f6397f6ff
  custom:scripting/monoscript/fileName/GunScript.cs: 6a8d5652f919b70c5522b0348dc3dc24 -> adaec7589872e88b61019be0f1bdc549
  custom:video-decoder-ogg-theora: a1e56fd34408186e4bbccfd4996cb3dc -> 
  custom:scripting/monoscript/fileName/BulletScript.cs: 13477a3b0c98cca55096ea1dcfe934dc -> d888d721bde78eacda1c314a50a2cf74
  custom:CustomObjectIndexerAttribute: 232f87dd983dbecb2a4e21e08eb2cef8 -> 
  custom:container-demuxer-webm: 4f35f7cbe854078d1ac9338744f61a02 -> 
  custom:scripting/monoscript/fileName/ClipScript.cs: d454b9a64ca33d8936f1fee1d0b94333 -> a47e0092d1d896ccc176e69669d3233d
  custom:container-muxer-webm: aa71ff27fc2769a1b78a27578f13a17b -> 
  custom:video-decoder-webm-vp8: 9c59270c3fd7afecdb556c50c9e8de78 -> 
  custom:scripting/monoscript/fileName/MovementScript.cs: 0602eb1700489a3ab9cb01ec15ee773a -> 9a1daee93d0a505568922467e5a5e2e0
  custom:SearchIndexIgnoredProperties: e643bd26f0fe6173181afceb89e7c659 -> 
  custom:AudioImporter_EditorPlatform: 2f0ff77a95e0ac474e3e8eeba4e2f7cb -> 
  custom:video-encoder-webm-vp8: eb34c28f22e8b96e1ab97ce403110664 -> 
  custom:audio-decoder-ogg-vorbis: bf7c407c2cedff20999df2af8eb42d56 -> 
  custom:scripting/monoscript/fileName/Item.cs: c2b7fc65fe255f985743270ca947d8ec -> edfd25bbe8f561e55c7415f9c3adacfe
  custom:audio-encoder-webm-vorbis: bf7c407c2cedff20999df2af8eb42d56 -> 
  custom:scripting/precompiled-assembly-types:Assembly-CSharp: be7cd846428441ed6c71065bcd346447 -> 14f21d8c89919019ed129879e7927412
========================================================================
Received Prepare
Caller must complete domain reload
Begin MonoManager ReloadAssembly
- Loaded All Assemblies, in  0.488 seconds
Native extension for LinuxStandalone target not found
Native extension for WindowsStandalone target not found
Mono: successfully reloaded assembly
- Finished resetting the current domain, in  1.188 seconds
Domain Reload Profiling: 1676ms
	BeginReloadAssembly (160ms)
		ExecutionOrderSort (0ms)
		DisableScriptedObjects (7ms)
		BackupInstance (0ms)
		ReleaseScriptingObjects (0ms)
		CreateAndSetChildDomain (45ms)
	RebuildCommonClasses (47ms)
	RebuildNativeTypeToScriptingClass (13ms)
	initialDomainReloadingComplete (39ms)
	LoadAllAssembliesAndSetupDomain (230ms)
		LoadAssemblies (278ms)
		RebuildTransferFunctionScriptingTraits (0ms)
		AnalyzeDomain (26ms)
			TypeCache.Refresh (9ms)
				TypeCache.ScanAssembly (0ms)
			ScanForSourceGeneratedMonoScriptInfo (10ms)
			ResolveRequiredComponents (6ms)
	FinalizeReload (1188ms)
		ReleaseScriptCaches (0ms)
		RebuildScriptCaches (0ms)
		SetupLoadedEditorAssemblies (754ms)
			LogAssemblyErrors (0ms)
			InitializePlatformSupportModulesInManaged (66ms)
			SetLoadedEditorAssemblies (11ms)
			RefreshPlugins (0ms)
			BeforeProcessingInitializeOnLoad (114ms)
			ProcessInitializeOnLoadAttributes (490ms)
			ProcessInitializeOnLoadMethodAttributes (64ms)
			AfterProcessingInitializeOnLoad (8ms)
			EditorAssembliesLoaded (0ms)
		ExecutionOrderSort2 (0ms)
		AwakeInstancesAfterBackupRestoration (7ms)
Refreshing native plugins compatible for Editor in 1.24 ms, found 0 plugins.
Preloading 0 native plugins for Editor in 0.00 ms.
Unloading 3253 Unused Serialized files (Serialized files now loaded: 0)
Unloading 14 unused Assets / (28.6 KB). Loaded Objects now: 3938.
Memory consumption went from 134.4 MB to 134.4 MB.
Total: 5.857856 ms (FindLiveObjects: 0.706218 ms CreateObjectMapping: 0.306023 ms MarkObjects: 4.776190 ms  DeleteObjects: 0.064189 ms)

Prepare: number of updated asset objects reloaded= 0
AssetImportParameters requested are different than current active one (requested -> active):
  custom:container-demuxer-ogg: 62fdf1f143b41e24485cea50d1cbac27 -> 
  custom:scripting/monoscript/fileName/HandScript.cs: ab82d9b432b4ff3c2be587dcfc2ef88f -> f6d2d9607a041472806e778f6397f6ff
  custom:scripting/monoscript/fileName/GunScript.cs: 6a8d5652f919b70c5522b0348dc3dc24 -> adaec7589872e88b61019be0f1bdc549
  custom:video-decoder-ogg-theora: a1e56fd34408186e4bbccfd4996cb3dc -> 
  custom:scripting/monoscript/fileName/BulletScript.cs: 13477a3b0c98cca55096ea1dcfe934dc -> d888d721bde78eacda1c314a50a2cf74
  custom:CustomObjectIndexerAttribute: 232f87dd983dbecb2a4e21e08eb2cef8 -> 
  custom:container-demuxer-webm: 4f35f7cbe854078d1ac9338744f61a02 -> 
  custom:scripting/monoscript/fileName/ClipScript.cs: d454b9a64ca33d8936f1fee1d0b94333 -> a47e0092d1d896ccc176e69669d3233d
  custom:container-muxer-webm: aa71ff27fc2769a1b78a27578f13a17b -> 
  custom:video-decoder-webm-vp8: 9c59270c3fd7afecdb556c50c9e8de78 -> 
  custom:scripting/monoscript/fileName/MovementScript.cs: 0602eb1700489a3ab9cb01ec15ee773a -> 9a1daee93d0a505568922467e5a5e2e0
  custom:SearchIndexIgnoredProperties: e643bd26f0fe6173181afceb89e7c659 -> 
  custom:AudioImporter_EditorPlatform: 2f0ff77a95e0ac474e3e8eeba4e2f7cb -> 
  custom:video-encoder-webm-vp8: eb34c28f22e8b96e1ab97ce403110664 -> 
  custom:audio-decoder-ogg-vorbis: bf7c407c2cedff20999df2af8eb42d56 -> 
  custom:scripting/monoscript/fileName/Item.cs: c2b7fc65fe255f985743270ca947d8ec -> edfd25bbe8f561e55c7415f9c3adacfe
  custom:audio-encoder-webm-vorbis: bf7c407c2cedff20999df2af8eb42d56 -> 
  custom:scripting/precompiled-assembly-types:Assembly-CSharp: be7cd846428441ed6c71065bcd346447 -> 14f21d8c89919019ed129879e7927412
========================================================================
Received Prepare
Caller must complete domain reload
Begin MonoManager ReloadAssembly
- Loaded All Assemblies, in  0.474 seconds
Native extension for LinuxStandalone target not found
Native extension for WindowsStandalone target not found
Mono: successfully reloaded assembly
- Finished resetting the current domain, in  1.173 seconds
Domain Reload Profiling: 1647ms
	BeginReloadAssembly (150ms)
		ExecutionOrderSort (0ms)
		DisableScriptedObjects (7ms)
		BackupInstance (0ms)
		ReleaseScriptingObjects (0ms)
		CreateAndSetChildDomain (44ms)
	RebuildCommonClasses (45ms)
	RebuildNativeTypeToScriptingClass (13ms)
	initialDomainReloadingComplete (39ms)
	LoadAllAssembliesAndSetupDomain (226ms)
		LoadAssemblies (265ms)
		RebuildTransferFunctionScriptingTraits (0ms)
		AnalyzeDomain (27ms)
			TypeCache.Refresh (9ms)
				TypeCache.ScanAssembly (0ms)
			ScanForSourceGeneratedMonoScriptInfo (11ms)
			ResolveRequiredComponents (6ms)
	FinalizeReload (1174ms)
		ReleaseScriptCaches (0ms)
		RebuildScriptCaches (0ms)
		SetupLoadedEditorAssemblies (753ms)
			LogAssemblyErrors (0ms)
			InitializePlatformSupportModulesInManaged (51ms)
			SetLoadedEditorAssemblies (9ms)
			RefreshPlugins (0ms)
			BeforeProcessingInitializeOnLoad (130ms)
			ProcessInitializeOnLoadAttributes (507ms)
			ProcessInitializeOnLoadMethodAttributes (45ms)
			AfterProcessingInitializeOnLoad (10ms)
			EditorAssembliesLoaded (0ms)
		ExecutionOrderSort2 (0ms)
		AwakeInstancesAfterBackupRestoration (5ms)
Refreshing native plugins compatible for Editor in 1.92 ms, found 0 plugins.
Preloading 0 native plugins for Editor in 0.00 ms.
Unloading 3253 Unused Serialized files (Serialized files now loaded: 0)
Unloading 14 unused Assets / (28.6 KB). Loaded Objects now: 3942.
Memory consumption went from 134.4 MB to 134.4 MB.
Total: 4.977453 ms (FindLiveObjects: 0.395165 ms CreateObjectMapping: 0.640620 ms MarkObjects: 3.851500 ms  DeleteObjects: 0.088460 ms)

Prepare: number of updated asset objects reloaded= 0
AssetImportParameters requested are different than current active one (requested -> active):
  custom:container-demuxer-ogg: 62fdf1f143b41e24485cea50d1cbac27 -> 
  custom:scripting/monoscript/fileName/HandScript.cs: ab82d9b432b4ff3c2be587dcfc2ef88f -> f6d2d9607a041472806e778f6397f6ff
  custom:scripting/monoscript/fileName/GunScript.cs: 6a8d5652f919b70c5522b0348dc3dc24 -> adaec7589872e88b61019be0f1bdc549
  custom:video-decoder-ogg-theora: a1e56fd34408186e4bbccfd4996cb3dc -> 
  custom:scripting/monoscript/fileName/BulletScript.cs: 13477a3b0c98cca55096ea1dcfe934dc -> d888d721bde78eacda1c314a50a2cf74
  custom:CustomObjectIndexerAttribute: 232f87dd983dbecb2a4e21e08eb2cef8 -> 
  custom:container-demuxer-webm: 4f35f7cbe854078d1ac9338744f61a02 -> 
  custom:scripting/monoscript/fileName/ClipScript.cs: d454b9a64ca33d8936f1fee1d0b94333 -> a47e0092d1d896ccc176e69669d3233d
  custom:container-muxer-webm: aa71ff27fc2769a1b78a27578f13a17b -> 
  custom:video-decoder-webm-vp8: 9c59270c3fd7afecdb556c50c9e8de78 -> 
  custom:scripting/monoscript/fileName/MovementScript.cs: 0602eb1700489a3ab9cb01ec15ee773a -> 9a1daee93d0a505568922467e5a5e2e0
  custom:SearchIndexIgnoredProperties: e643bd26f0fe6173181afceb89e7c659 -> 
  custom:AudioImporter_EditorPlatform: 2f0ff77a95e0ac474e3e8eeba4e2f7cb -> 
  custom:video-encoder-webm-vp8: eb34c28f22e8b96e1ab97ce403110664 -> 
  custom:audio-decoder-ogg-vorbis: bf7c407c2cedff20999df2af8eb42d56 -> 
  custom:scripting/monoscript/fileName/Item.cs: c2b7fc65fe255f985743270ca947d8ec -> edfd25bbe8f561e55c7415f9c3adacfe
  custom:audio-encoder-webm-vorbis: bf7c407c2cedff20999df2af8eb42d56 -> 
  custom:scripting/precompiled-assembly-types:Assembly-CSharp: be7cd846428441ed6c71065bcd346447 -> 14f21d8c89919019ed129879e7927412
========================================================================
Received Prepare
Caller must complete domain reload
Begin MonoManager ReloadAssembly
- Loaded All Assemblies, in  0.484 seconds
Native extension for LinuxStandalone target not found
Native extension for WindowsStandalone target not found
Mono: successfully reloaded assembly
- Finished resetting the current domain, in  0.963 seconds
Domain Reload Profiling: 1447ms
	BeginReloadAssembly (152ms)
		ExecutionOrderSort (0ms)
		DisableScriptedObjects (8ms)
		BackupInstance (0ms)
		ReleaseScriptingObjects (0ms)
		CreateAndSetChildDomain (44ms)
	RebuildCommonClasses (44ms)
	RebuildNativeTypeToScriptingClass (13ms)
	initialDomainReloadingComplete (37ms)
	LoadAllAssembliesAndSetupDomain (236ms)
		LoadAssemblies (276ms)
		RebuildTransferFunctionScriptingTraits (0ms)
		AnalyzeDomain (26ms)
			TypeCache.Refresh (9ms)
				TypeCache.ScanAssembly (0ms)
			ScanForSourceGeneratedMonoScriptInfo (9ms)
			ResolveRequiredComponents (6ms)
	FinalizeReload (964ms)
		ReleaseScriptCaches (0ms)
		RebuildScriptCaches (0ms)
		SetupLoadedEditorAssemblies (550ms)
			LogAssemblyErrors (0ms)
			InitializePlatformSupportModulesInManaged (47ms)
			SetLoadedEditorAssemblies (6ms)
			RefreshPlugins (0ms)
			BeforeProcessingInitializeOnLoad (88ms)
			ProcessInitializeOnLoadAttributes (367ms)
			ProcessInitializeOnLoadMethodAttributes (34ms)
			AfterProcessingInitializeOnLoad (8ms)
			EditorAssembliesLoaded (0ms)
		ExecutionOrderSort2 (0ms)
		AwakeInstancesAfterBackupRestoration (5ms)
Refreshing native plugins compatible for Editor in 1.07 ms, found 0 plugins.
Preloading 0 native plugins for Editor in 0.00 ms.
Unloading 3253 Unused Serialized files (Serialized files now loaded: 0)
Unloading 14 unused Assets / (28.6 KB). Loaded Objects now: 3946.
Memory consumption went from 134.4 MB to 134.4 MB.
Total: 5.678315 ms (FindLiveObjects: 0.351048 ms CreateObjectMapping: 0.279453 ms MarkObjects: 4.971608 ms  DeleteObjects: 0.074602 ms)

Prepare: number of updated asset objects reloaded= 0
AssetImportParameters requested are different than current active one (requested -> active):
  custom:container-demuxer-ogg: 62fdf1f143b41e24485cea50d1cbac27 -> 
  custom:scripting/monoscript/fileName/HandScript.cs: ab82d9b432b4ff3c2be587dcfc2ef88f -> f6d2d9607a041472806e778f6397f6ff
  custom:scripting/monoscript/fileName/GunScript.cs: 6a8d5652f919b70c5522b0348dc3dc24 -> adaec7589872e88b61019be0f1bdc549
  custom:video-decoder-ogg-theora: a1e56fd34408186e4bbccfd4996cb3dc -> 
  custom:scripting/monoscript/fileName/BulletScript.cs: 13477a3b0c98cca55096ea1dcfe934dc -> d888d721bde78eacda1c314a50a2cf74
  custom:CustomObjectIndexerAttribute: 232f87dd983dbecb2a4e21e08eb2cef8 -> 
  custom:container-demuxer-webm: 4f35f7cbe854078d1ac9338744f61a02 -> 
  custom:scripting/monoscript/fileName/ClipScript.cs: d454b9a64ca33d8936f1fee1d0b94333 -> a47e0092d1d896ccc176e69669d3233d
  custom:container-muxer-webm: aa71ff27fc2769a1b78a27578f13a17b -> 
  custom:video-decoder-webm-vp8: 9c59270c3fd7afecdb556c50c9e8de78 -> 
  custom:scripting/monoscript/fileName/MovementScript.cs: 0602eb1700489a3ab9cb01ec15ee773a -> 9a1daee93d0a505568922467e5a5e2e0
  custom:SearchIndexIgnoredProperties: e643bd26f0fe6173181afceb89e7c659 -> 
  custom:AudioImporter_EditorPlatform: 2f0ff77a95e0ac474e3e8eeba4e2f7cb -> 
  custom:video-encoder-webm-vp8: eb34c28f22e8b96e1ab97ce403110664 -> 
  custom:audio-decoder-ogg-vorbis: bf7c407c2cedff20999df2af8eb42d56 -> 
  custom:scripting/monoscript/fileName/Item.cs: c2b7fc65fe255f985743270ca947d8ec -> edfd25bbe8f561e55c7415f9c3adacfe
  custom:audio-encoder-webm-vorbis: bf7c407c2cedff20999df2af8eb42d56 -> 
  custom:scripting/precompiled-assembly-types:Assembly-CSharp: be7cd846428441ed6c71065bcd346447 -> 14f21d8c89919019ed129879e7927412
========================================================================
Received Prepare
Caller must complete domain reload
Begin MonoManager ReloadAssembly
- Loaded All Assemblies, in  0.498 seconds
Native extension for LinuxStandalone target not found
Native extension for WindowsStandalone target not found
Mono: successfully reloaded assembly
- Finished resetting the current domain, in  0.924 seconds
Domain Reload Profiling: 1421ms
	BeginReloadAssembly (158ms)
		ExecutionOrderSort (0ms)
		DisableScriptedObjects (7ms)
		BackupInstance (0ms)
		ReleaseScriptingObjects (0ms)
		CreateAndSetChildDomain (47ms)
	RebuildCommonClasses (45ms)
	RebuildNativeTypeToScriptingClass (15ms)
	initialDomainReloadingComplete (39ms)
	LoadAllAssembliesAndSetupDomain (241ms)
		LoadAssemblies (280ms)
		RebuildTransferFunctionScriptingTraits (0ms)
		AnalyzeDomain (30ms)
			TypeCache.Refresh (9ms)
				TypeCache.ScanAssembly (0ms)
			ScanForSourceGeneratedMonoScriptInfo (10ms)
			ResolveRequiredComponents (9ms)
	FinalizeReload (924ms)
		ReleaseScriptCaches (0ms)
		RebuildScriptCaches (0ms)
		SetupLoadedEditorAssemblies (521ms)
			LogAssemblyErrors (0ms)
			InitializePlatformSupportModulesInManaged (52ms)
			SetLoadedEditorAssemblies (6ms)
			RefreshPlugins (0ms)
			BeforeProcessingInitializeOnLoad (81ms)
			ProcessInitializeOnLoadAttributes (343ms)
			ProcessInitializeOnLoadMethodAttributes (32ms)
			AfterProcessingInitializeOnLoad (7ms)
			EditorAssembliesLoaded (0ms)
		ExecutionOrderSort2 (0ms)
		AwakeInstancesAfterBackupRestoration (5ms)
Refreshing native plugins compatible for Editor in 1.12 ms, found 0 plugins.
Preloading 0 native plugins for Editor in 0.00 ms.
Unloading 3253 Unused Serialized files (Serialized files now loaded: 0)
Unloading 14 unused Assets / (28.5 KB). Loaded Objects now: 3950.
Memory consumption went from 134.4 MB to 134.4 MB.
Total: 4.089099 ms (FindLiveObjects: 0.315332 ms CreateObjectMapping: 0.277674 ms MarkObjects: 3.433505 ms  DeleteObjects: 0.060913 ms)

Prepare: number of updated asset objects reloaded= 0
AssetImportParameters requested are different than current active one (requested -> active):
  custom:container-demuxer-ogg: 62fdf1f143b41e24485cea50d1cbac27 -> 
  custom:scripting/monoscript/fileName/HandScript.cs: ab82d9b432b4ff3c2be587dcfc2ef88f -> f6d2d9607a041472806e778f6397f6ff
  custom:scripting/monoscript/fileName/GunScript.cs: 6a8d5652f919b70c5522b0348dc3dc24 -> adaec7589872e88b61019be0f1bdc549
  custom:video-decoder-ogg-theora: a1e56fd34408186e4bbccfd4996cb3dc -> 
  custom:scripting/monoscript/fileName/BulletScript.cs: 13477a3b0c98cca55096ea1dcfe934dc -> d888d721bde78eacda1c314a50a2cf74
  custom:CustomObjectIndexerAttribute: 232f87dd983dbecb2a4e21e08eb2cef8 -> 
  custom:container-demuxer-webm: 4f35f7cbe854078d1ac9338744f61a02 -> 
  custom:scripting/monoscript/fileName/ClipScript.cs: d454b9a64ca33d8936f1fee1d0b94333 -> a47e0092d1d896ccc176e69669d3233d
  custom:container-muxer-webm: aa71ff27fc2769a1b78a27578f13a17b -> 
  custom:video-decoder-webm-vp8: 9c59270c3fd7afecdb556c50c9e8de78 -> 
  custom:scripting/monoscript/fileName/MovementScript.cs: 0602eb1700489a3ab9cb01ec15ee773a -> 9a1daee93d0a505568922467e5a5e2e0
  custom:SearchIndexIgnoredProperties: e643bd26f0fe6173181afceb89e7c659 -> 
  custom:AudioImporter_EditorPlatform: 2f0ff77a95e0ac474e3e8eeba4e2f7cb -> 
  custom:video-encoder-webm-vp8: eb34c28f22e8b96e1ab97ce403110664 -> 
  custom:audio-decoder-ogg-vorbis: bf7c407c2cedff20999df2af8eb42d56 -> 
  custom:scripting/monoscript/fileName/Item.cs: c2b7fc65fe255f985743270ca947d8ec -> edfd25bbe8f561e55c7415f9c3adacfe
  custom:audio-encoder-webm-vorbis: bf7c407c2cedff20999df2af8eb42d56 -> 
  custom:scripting/precompiled-assembly-types:Assembly-CSharp: be7cd846428441ed6c71065bcd346447 -> 14f21d8c89919019ed129879e7927412
========================================================================
Received Prepare
Caller must complete domain reload
Begin MonoManager ReloadAssembly
- Loaded All Assemblies, in  0.486 seconds
Native extension for LinuxStandalone target not found
Native extension for WindowsStandalone target not found
Mono: successfully reloaded assembly
- Finished resetting the current domain, in  0.935 seconds
Domain Reload Profiling: 1421ms
	BeginReloadAssembly (157ms)
		ExecutionOrderSort (0ms)
		DisableScriptedObjects (7ms)
		BackupInstance (0ms)
		ReleaseScriptingObjects (0ms)
		CreateAndSetChildDomain (49ms)
	RebuildCommonClasses (47ms)
	RebuildNativeTypeToScriptingClass (14ms)
	initialDomainReloadingComplete (43ms)
	LoadAllAssembliesAndSetupDomain (224ms)
		LoadAssemblies (266ms)
		RebuildTransferFunctionScriptingTraits (0ms)
		AnalyzeDomain (25ms)
			TypeCache.Refresh (8ms)
				TypeCache.ScanAssembly (0ms)
			ScanForSourceGeneratedMonoScriptInfo (10ms)
			ResolveRequiredComponents (6ms)
	FinalizeReload (935ms)
		ReleaseScriptCaches (0ms)
		RebuildScriptCaches (0ms)
		SetupLoadedEditorAssemblies (523ms)
			LogAssemblyErrors (0ms)
			InitializePlatformSupportModulesInManaged (47ms)
			SetLoadedEditorAssemblies (6ms)
			RefreshPlugins (0ms)
			BeforeProcessingInitializeOnLoad (83ms)
			ProcessInitializeOnLoadAttributes (344ms)
			ProcessInitializeOnLoadMethodAttributes (36ms)
			AfterProcessingInitializeOnLoad (7ms)
			EditorAssembliesLoaded (0ms)
		ExecutionOrderSort2 (0ms)
		AwakeInstancesAfterBackupRestoration (6ms)
Refreshing native plugins compatible for Editor in 1.10 ms, found 0 plugins.
Preloading 0 native plugins for Editor in 0.00 ms.
Unloading 3253 Unused Serialized files (Serialized files now loaded: 0)
Unloading 14 unused Assets / (28.7 KB). Loaded Objects now: 3954.
Memory consumption went from 134.4 MB to 134.4 MB.
Total: 6.649821 ms (FindLiveObjects: 0.367239 ms CreateObjectMapping: 0.302751 ms MarkObjects: 5.898441 ms  DeleteObjects: 0.079725 ms)

Prepare: number of updated asset objects reloaded= 0
AssetImportParameters requested are different than current active one (requested -> active):
  custom:container-demuxer-ogg: 62fdf1f143b41e24485cea50d1cbac27 -> 
  custom:scripting/monoscript/fileName/HandScript.cs: ab82d9b432b4ff3c2be587dcfc2ef88f -> f6d2d9607a041472806e778f6397f6ff
  custom:scripting/monoscript/fileName/GunScript.cs: 6a8d5652f919b70c5522b0348dc3dc24 -> adaec7589872e88b61019be0f1bdc549
  custom:video-decoder-ogg-theora: a1e56fd34408186e4bbccfd4996cb3dc -> 
  custom:scripting/monoscript/fileName/BulletScript.cs: 13477a3b0c98cca55096ea1dcfe934dc -> d888d721bde78eacda1c314a50a2cf74
  custom:CustomObjectIndexerAttribute: 232f87dd983dbecb2a4e21e08eb2cef8 -> 
  custom:container-demuxer-webm: 4f35f7cbe854078d1ac9338744f61a02 -> 
  custom:scripting/monoscript/fileName/ClipScript.cs: d454b9a64ca33d8936f1fee1d0b94333 -> a47e0092d1d896ccc176e69669d3233d
  custom:container-muxer-webm: aa71ff27fc2769a1b78a27578f13a17b -> 
  custom:video-decoder-webm-vp8: 9c59270c3fd7afecdb556c50c9e8de78 -> 
  custom:scripting/monoscript/fileName/MovementScript.cs: 0602eb1700489a3ab9cb01ec15ee773a -> 9a1daee93d0a505568922467e5a5e2e0
  custom:SearchIndexIgnoredProperties: e643bd26f0fe6173181afceb89e7c659 -> 
  custom:AudioImporter_EditorPlatform: 2f0ff77a95e0ac474e3e8eeba4e2f7cb -> 
  custom:video-encoder-webm-vp8: eb34c28f22e8b96e1ab97ce403110664 -> 
  custom:audio-decoder-ogg-vorbis: bf7c407c2cedff20999df2af8eb42d56 -> 
  custom:scripting/monoscript/fileName/Item.cs: c2b7fc65fe255f985743270ca947d8ec -> edfd25bbe8f561e55c7415f9c3adacfe
  custom:audio-encoder-webm-vorbis: bf7c407c2cedff20999df2af8eb42d56 -> 
  custom:scripting/precompiled-assembly-types:Assembly-CSharp: be7cd846428441ed6c71065bcd346447 -> 14f21d8c89919019ed129879e7927412
========================================================================
Received Prepare
Caller must complete domain reload
Begin MonoManager ReloadAssembly
- Loaded All Assemblies, in  0.606 seconds
Native extension for LinuxStandalone target not found
Native extension for WindowsStandalone target not found
Mono: successfully reloaded assembly
- Finished resetting the current domain, in  0.993 seconds
Domain Reload Profiling: 1598ms
	BeginReloadAssembly (183ms)
		ExecutionOrderSort (0ms)
		DisableScriptedObjects (7ms)
		BackupInstance (0ms)
		ReleaseScriptingObjects (0ms)
		CreateAndSetChildDomain (50ms)
	RebuildCommonClasses (69ms)
	RebuildNativeTypeToScriptingClass (20ms)
	initialDomainReloadingComplete (53ms)
	LoadAllAssembliesAndSetupDomain (279ms)
		LoadAssemblies (344ms)
		RebuildTransferFunctionScriptingTraits (0ms)
		AnalyzeDomain (26ms)
			TypeCache.Refresh (9ms)
				TypeCache.ScanAssembly (0ms)
			ScanForSourceGeneratedMonoScriptInfo (8ms)
			ResolveRequiredComponents (7ms)
	FinalizeReload (994ms)
		ReleaseScriptCaches (0ms)
		RebuildScriptCaches (0ms)
		SetupLoadedEditorAssemblies (540ms)
			LogAssemblyErrors (0ms)
			InitializePlatformSupportModulesInManaged (47ms)
			SetLoadedEditorAssemblies (7ms)
			RefreshPlugins (0ms)
			BeforeProcessingInitializeOnLoad (85ms)
			ProcessInitializeOnLoadAttributes (364ms)
			ProcessInitializeOnLoadMethodAttributes (31ms)
			AfterProcessingInitializeOnLoad (6ms)
			EditorAssembliesLoaded (0ms)
		ExecutionOrderSort2 (0ms)
		AwakeInstancesAfterBackupRestoration (5ms)
Refreshing native plugins compatible for Editor in 1.16 ms, found 0 plugins.
Preloading 0 native plugins for Editor in 0.00 ms.
Unloading 3253 Unused Serialized files (Serialized files now loaded: 0)
Unloading 14 unused Assets / (28.6 KB). Loaded Objects now: 3958.
Memory consumption went from 134.4 MB to 134.4 MB.
Total: 3.958308 ms (FindLiveObjects: 0.307580 ms CreateObjectMapping: 0.222041 ms MarkObjects: 3.365641 ms  DeleteObjects: 0.061847 ms)

Prepare: number of updated asset objects reloaded= 0
AssetImportParameters requested are different than current active one (requested -> active):
  custom:container-demuxer-ogg: 62fdf1f143b41e24485cea50d1cbac27 -> 
  custom:scripting/monoscript/fileName/HandScript.cs: ab82d9b432b4ff3c2be587dcfc2ef88f -> f6d2d9607a041472806e778f6397f6ff
  custom:scripting/monoscript/fileName/GunScript.cs: 6a8d5652f919b70c5522b0348dc3dc24 -> adaec7589872e88b61019be0f1bdc549
  custom:video-decoder-ogg-theora: a1e56fd34408186e4bbccfd4996cb3dc -> 
  custom:scripting/monoscript/fileName/BulletScript.cs: 13477a3b0c98cca55096ea1dcfe934dc -> d888d721bde78eacda1c314a50a2cf74
  custom:CustomObjectIndexerAttribute: 232f87dd983dbecb2a4e21e08eb2cef8 -> 
  custom:container-demuxer-webm: 4f35f7cbe854078d1ac9338744f61a02 -> 
  custom:scripting/monoscript/fileName/ClipScript.cs: d454b9a64ca33d8936f1fee1d0b94333 -> a47e0092d1d896ccc176e69669d3233d
  custom:container-muxer-webm: aa71ff27fc2769a1b78a27578f13a17b -> 
  custom:video-decoder-webm-vp8: 9c59270c3fd7afecdb556c50c9e8de78 -> 
  custom:scripting/monoscript/fileName/MovementScript.cs: 0602eb1700489a3ab9cb01ec15ee773a -> 9a1daee93d0a505568922467e5a5e2e0
  custom:SearchIndexIgnoredProperties: e643bd26f0fe6173181afceb89e7c659 -> 
  custom:AudioImporter_EditorPlatform: 2f0ff77a95e0ac474e3e8eeba4e2f7cb -> 
  custom:video-encoder-webm-vp8: eb34c28f22e8b96e1ab97ce403110664 -> 
  custom:audio-decoder-ogg-vorbis: bf7c407c2cedff20999df2af8eb42d56 -> 
  custom:scripting/monoscript/fileName/Item.cs: c2b7fc65fe255f985743270ca947d8ec -> edfd25bbe8f561e55c7415f9c3adacfe
  custom:audio-encoder-webm-vorbis: bf7c407c2cedff20999df2af8eb42d56 -> 
  custom:scripting/precompiled-assembly-types:Assembly-CSharp: 49e6c1e388f3b0c5149ffcf1dd74b342 -> 14f21d8c89919019ed129879e7927412
========================================================================
Received Import Request.
  Time since last request: 4297.775523 seconds.
  path: Assets/Models/FurniturePack/Low Poly Furniture/Miscellaneous/Bin.fbx
  artifactKey: Guid(a0facec57e704d40b804d778ed373a76) Importer(815301076,1909f56bfc062723c751e8b465ee728b)
Start importing Assets/Models/FurniturePack/Low Poly Furniture/Miscellaneous/Bin.fbx using Guid(a0facec57e704d40b804d778ed373a76) Importer(815301076,1909f56bfc062723c751e8b465ee728b) [PhysX] Initialized MultithreadedTaskDispatcher with 8 workers.
[PhysX] Initialized MultithreadedTaskDispatcher with 8 workers.
[PhysX] Initialized MultithreadedTaskDispatcher with 8 workers.
[PhysX] Initialized MultithreadedTaskDispatcher with 8 workers.
 -> (artifact id: 'e57e1ef36ae9e0c0852de9685cc7015f') in 0.152461 seconds
Number of updated asset objects reloaded before import = 0
Number of asset objects unloaded after import = 8
========================================================================
Received Import Request.
  Time since last request: 0.000026 seconds.
  path: Assets/Models/FurniturePack/Low Poly Furniture/Miscellaneous/Bowl.fbx
  artifactKey: Guid(deaaae73cfe0c8be09bbc111f8a38651) Importer(815301076,1909f56bfc062723c751e8b465ee728b)
Start importing Assets/Models/FurniturePack/Low Poly Furniture/Miscellaneous/Bowl.fbx using Guid(deaaae73cfe0c8be09bbc111f8a38651) Importer(815301076,1909f56bfc062723c751e8b465ee728b) [PhysX] Initialized MultithreadedTaskDispatcher with 8 workers.
[PhysX] Initialized MultithreadedTaskDispatcher with 8 workers.
[PhysX] Initialized MultithreadedTaskDispatcher with 8 workers.
[PhysX] Initialized MultithreadedTaskDispatcher with 8 workers.
 -> (artifact id: '703b200fb53749eb54525342e9376936') in 0.030887 seconds
Number of updated asset objects reloaded before import = 0
Number of asset objects unloaded after import = 8
========================================================================
Received Import Request.
  Time since last request: 0.000027 seconds.
  path: Assets/Models/FurniturePack/Low Poly Furniture/Miscellaneous/Mirror A.fbx
  artifactKey: Guid(74dc4a82efdc112ebb89e1df01e362d2) Importer(815301076,1909f56bfc062723c751e8b465ee728b)
Start importing Assets/Models/FurniturePack/Low Poly Furniture/Miscellaneous/Mirror A.fbx using Guid(74dc4a82efdc112ebb89e1df01e362d2) Importer(815301076,1909f56bfc062723c751e8b465ee728b) [PhysX] Initialized MultithreadedTaskDispatcher with 8 workers.
[PhysX] Initialized MultithreadedTaskDispatcher with 8 workers.
[PhysX] Initialized MultithreadedTaskDispatcher with 8 workers.
[PhysX] Initialized MultithreadedTaskDispatcher with 8 workers.
[PhysX] Initialized MultithreadedTaskDispatcher with 8 workers.
 -> (artifact id: 'c02106b5c5db81c1fb80aa092d27caa8') in 0.021327 seconds
Number of updated asset objects reloaded before import = 0
Number of asset objects unloaded after import = 9
========================================================================
Received Import Request.
  Time since last request: 0.000042 seconds.
  path: Assets/Models/FurniturePack/Low Poly Furniture/Miscellaneous/Pot.fbx
  artifactKey: Guid(78bd2f64d5256fb439be4444d428c914) Importer(815301076,1909f56bfc062723c751e8b465ee728b)
Start importing Assets/Models/FurniturePack/Low Poly Furniture/Miscellaneous/Pot.fbx using Guid(78bd2f64d5256fb439be4444d428c914) Importer(815301076,1909f56bfc062723c751e8b465ee728b) [PhysX] Initialized MultithreadedTaskDispatcher with 8 workers.
[PhysX] Initialized MultithreadedTaskDispatcher with 8 workers.
[PhysX] Initialized MultithreadedTaskDispatcher with 8 workers.
[PhysX] Initialized MultithreadedTaskDispatcher with 8 workers.
[PhysX] Initialized MultithreadedTaskDispatcher with 8 workers.
 -> (artifact id: '0e813df2885efeb73888eb4b812ec45e') in 0.023971 seconds
Number of updated asset objects reloaded before import = 0
Number of asset objects unloaded after import = 9
========================================================================
Received Import Request.
  Time since last request: 0.000026 seconds.
  path: Assets/Models/FurniturePack/Low Poly Furniture/Miscellaneous/Light Switch.fbx
  artifactKey: Guid(ce65fc687d2c9648e99a85ad9199024d) Importer(815301076,1909f56bfc062723c751e8b465ee728b)
Start importing Assets/Models/FurniturePack/Low Poly Furniture/Miscellaneous/Light Switch.fbx using Guid(ce65fc687d2c9648e99a85ad9199024d) Importer(815301076,1909f56bfc062723c751e8b465ee728b) [PhysX] Initialized MultithreadedTaskDispatcher with 8 workers.
[PhysX] Initialized MultithreadedTaskDispatcher with 8 workers.
[PhysX] Initialized MultithreadedTaskDispatcher with 8 workers.
[PhysX] Initialized MultithreadedTaskDispatcher with 8 workers.
[PhysX] Initialized MultithreadedTaskDispatcher with 8 workers.
 -> (artifact id: 'fdbcbf65e8ebe732eca3596558276d86') in 0.021837 seconds
Number of updated asset objects reloaded before import = 0
Number of asset objects unloaded after import = 9
========================================================================
Received Import Request.
  Time since last request: 0.000064 seconds.
  path: Assets/Models/FurniturePack/Low Poly Furniture/Miscellaneous/Broom.fbx
  artifactKey: Guid(d0747b779ec57ccfa9eb5f809c14d1c5) Importer(815301076,1909f56bfc062723c751e8b465ee728b)
Start importing Assets/Models/FurniturePack/Low Poly Furniture/Miscellaneous/Broom.fbx using Guid(d0747b779ec57ccfa9eb5f809c14d1c5) Importer(815301076,1909f56bfc062723c751e8b465ee728b) [PhysX] Initialized MultithreadedTaskDispatcher with 8 workers.
[PhysX] Initialized MultithreadedTaskDispatcher with 8 workers.
[PhysX] Initialized MultithreadedTaskDispatcher with 8 workers.
[PhysX] Initialized MultithreadedTaskDispatcher with 8 workers.
 -> (artifact id: '76e1376790d15a458457e17565bce929') in 0.021412 seconds
Number of updated asset objects reloaded before import = 0
Number of asset objects unloaded after import = 8
========================================================================
Received Import Request.
  Time since last request: 0.000018 seconds.
  path: Assets/Models/FurniturePack/Low Poly Furniture/Miscellaneous/Safe A.fbx
  artifactKey: Guid(54da0d8f9147b8e7aafdf0ef67873485) Importer(815301076,1909f56bfc062723c751e8b465ee728b)
Start importing Assets/Models/FurniturePack/Low Poly Furniture/Miscellaneous/Safe A.fbx using Guid(54da0d8f9147b8e7aafdf0ef67873485) Importer(815301076,1909f56bfc062723c751e8b465ee728b) [PhysX] Initialized MultithreadedTaskDispatcher with 8 workers.
[PhysX] Initialized MultithreadedTaskDispatcher with 8 workers.
[PhysX] Initialized MultithreadedTaskDispatcher with 8 workers.
[PhysX] Initialized MultithreadedTaskDispatcher with 8 workers.
[PhysX] Initialized MultithreadedTaskDispatcher with 8 workers.
[PhysX] Initialized MultithreadedTaskDispatcher with 8 workers.
[PhysX] Initialized MultithreadedTaskDispatcher with 8 workers.
[PhysX] Initialized MultithreadedTaskDispatcher with 8 workers.
 -> (artifact id: 'be53d2d2a4f58495e8a6b7b75e8272f1') in 0.036350 seconds
Number of updated asset objects reloaded before import = 0
Number of asset objects unloaded after import = 16
========================================================================
Received Import Request.
  Time since last request: 0.000020 seconds.
  path: Assets/Models/FurniturePack/Low Poly Furniture/Miscellaneous/Curtains.fbx
  artifactKey: Guid(043cfb7f7f5295b9ca2eea1b58ae6efb) Importer(815301076,1909f56bfc062723c751e8b465ee728b)
Start importing Assets/Models/FurniturePack/Low Poly Furniture/Miscellaneous/Curtains.fbx using Guid(043cfb7f7f5295b9ca2eea1b58ae6efb) Importer(815301076,1909f56bfc062723c751e8b465ee728b) [PhysX] Initialized MultithreadedTaskDispatcher with 8 workers.
[PhysX] Initialized MultithreadedTaskDispatcher with 8 workers.
[PhysX] Initialized MultithreadedTaskDispatcher with 8 workers.
[PhysX] Initialized MultithreadedTaskDispatcher with 8 workers.
[PhysX] Initialized MultithreadedTaskDispatcher with 8 workers.
 -> (artifact id: '33f1200accb6deecd816444f3df28c00') in 0.023230 seconds
Number of updated asset objects reloaded before import = 0
Number of asset objects unloaded after import = 9
========================================================================
Received Import Request.
  Time since last request: 0.000036 seconds.
  path: Assets/Models/FurniturePack/Low Poly Furniture/Miscellaneous/Vase.fbx
  artifactKey: Guid(e3443b19aa76d82d0bfae3472e42e5cc) Importer(815301076,1909f56bfc062723c751e8b465ee728b)
Start importing Assets/Models/FurniturePack/Low Poly Furniture/Miscellaneous/Vase.fbx using Guid(e3443b19aa76d82d0bfae3472e42e5cc) Importer(815301076,1909f56bfc062723c751e8b465ee728b) [PhysX] Initialized MultithreadedTaskDispatcher with 8 workers.
[PhysX] Initialized MultithreadedTaskDispatcher with 8 workers.
[PhysX] Initialized MultithreadedTaskDispatcher with 8 workers.
[PhysX] Initialized MultithreadedTaskDispatcher with 8 workers.
 -> (artifact id: '25533d923ea902f4f46d3f02751b859b') in 0.019804 seconds
Number of updated asset objects reloaded before import = 0
Number of asset objects unloaded after import = 8
========================================================================
Received Import Request.
  Time since last request: 0.000050 seconds.
  path: Assets/Models/FurniturePack/Low Poly Furniture/Miscellaneous/Hoover.fbx
  artifactKey: Guid(ef86e309071b9ca9e989a05768eada7a) Importer(815301076,1909f56bfc062723c751e8b465ee728b)
Start importing Assets/Models/FurniturePack/Low Poly Furniture/Miscellaneous/Hoover.fbx using Guid(ef86e309071b9ca9e989a05768eada7a) Importer(815301076,1909f56bfc062723c751e8b465ee728b) [PhysX] Initialized MultithreadedTaskDispatcher with 8 workers.
[PhysX] Initialized MultithreadedTaskDispatcher with 8 workers.
[PhysX] Initialized MultithreadedTaskDispatcher with 8 workers.
[PhysX] Initialized MultithreadedTaskDispatcher with 8 workers.
[PhysX] Initialized MultithreadedTaskDispatcher with 8 workers.
 -> (artifact id: 'f3bc61cbc97911ef553f04118c3d2ae2') in 0.031710 seconds
Number of updated asset objects reloaded before import = 0
Number of asset objects unloaded after import = 9
========================================================================
Received Import Request.
  Time since last request: 0.000025 seconds.
  path: Assets/Models/FurniturePack/Low Poly Furniture/Miscellaneous/Pan.fbx
  artifactKey: Guid(5a3076974097a242899e3e4c1157af1e) Importer(815301076,1909f56bfc062723c751e8b465ee728b)
Start importing Assets/Models/FurniturePack/Low Poly Furniture/Miscellaneous/Pan.fbx using Guid(5a3076974097a242899e3e4c1157af1e) Importer(815301076,1909f56bfc062723c751e8b465ee728b) [PhysX] Initialized MultithreadedTaskDispatcher with 8 workers.
[PhysX] Initialized MultithreadedTaskDispatcher with 8 workers.
[PhysX] Initialized MultithreadedTaskDispatcher with 8 workers.
[PhysX] Initialized MultithreadedTaskDispatcher with 8 workers.
[PhysX] Initialized MultithreadedTaskDispatcher with 8 workers.
 -> (artifact id: 'e166a1ad6d5aa8af4a1afbab6f7e2c73') in 0.026634 seconds
Number of updated asset objects reloaded before import = 0
Number of asset objects unloaded after import = 9
========================================================================
Received Import Request.
  Time since last request: 0.000035 seconds.
  path: Assets/Models/FurniturePack/Low Poly Furniture/Miscellaneous/Radiator A.fbx
  artifactKey: Guid(a17426191db8ff86ea9e08b097c8baea) Importer(815301076,1909f56bfc062723c751e8b465ee728b)
Start importing Assets/Models/FurniturePack/Low Poly Furniture/Miscellaneous/Radiator A.fbx using Guid(a17426191db8ff86ea9e08b097c8baea) Importer(815301076,1909f56bfc062723c751e8b465ee728b) [PhysX] Initialized MultithreadedTaskDispatcher with 8 workers.
[PhysX] Initialized MultithreadedTaskDispatcher with 8 workers.
[PhysX] Initialized MultithreadedTaskDispatcher with 8 workers.
[PhysX] Initialized MultithreadedTaskDispatcher with 8 workers.
[PhysX] Initialized MultithreadedTaskDispatcher with 8 workers.
 -> (artifact id: 'c8c4679236bf31dca6904a6ef35e28a5') in 0.025267 seconds
Number of updated asset objects reloaded before import = 0
Number of asset objects unloaded after import = 9
========================================================================
Received Import Request.
  Time since last request: 0.000020 seconds.
  path: Assets/Models/FurniturePack/Low Poly Furniture/Miscellaneous/Clock.fbx
  artifactKey: Guid(be70eda2232eb93b9b1c4dc8448748d2) Importer(815301076,1909f56bfc062723c751e8b465ee728b)
Start importing Assets/Models/FurniturePack/Low Poly Furniture/Miscellaneous/Clock.fbx using Guid(be70eda2232eb93b9b1c4dc8448748d2) Importer(815301076,1909f56bfc062723c751e8b465ee728b) [PhysX] Initialized MultithreadedTaskDispatcher with 8 workers.
[PhysX] Initialized MultithreadedTaskDispatcher with 8 workers.
[PhysX] Initialized MultithreadedTaskDispatcher with 8 workers.
[PhysX] Initialized MultithreadedTaskDispatcher with 8 workers.
[PhysX] Initialized MultithreadedTaskDispatcher with 8 workers.
[PhysX] Initialized MultithreadedTaskDispatcher with 8 workers.
 -> (artifact id: 'a852a42f57ccc50143f2ff201d3e5120') in 0.040562 seconds
Number of updated asset objects reloaded before import = 0
Number of asset objects unloaded after import = 10
========================================================================
Received Import Request.
  Time since last request: 0.000025 seconds.
  path: Assets/Models/FurniturePack/Low Poly Furniture/Miscellaneous/Safe B.fbx
  artifactKey: Guid(ebc44852bafda800f96acf08ebeff33c) Importer(815301076,1909f56bfc062723c751e8b465ee728b)
Start importing Assets/Models/FurniturePack/Low Poly Furniture/Miscellaneous/Safe B.fbx using Guid(ebc44852bafda800f96acf08ebeff33c) Importer(815301076,1909f56bfc062723c751e8b465ee728b) [PhysX] Initialized MultithreadedTaskDispatcher with 8 workers.
[PhysX] Initialized MultithreadedTaskDispatcher with 8 workers.
[PhysX] Initialized MultithreadedTaskDispatcher with 8 workers.
[PhysX] Initialized MultithreadedTaskDispatcher with 8 workers.
[PhysX] Initialized MultithreadedTaskDispatcher with 8 workers.
[PhysX] Initialized MultithreadedTaskDispatcher with 8 workers.
[PhysX] Initialized MultithreadedTaskDispatcher with 8 workers.
[PhysX] Initialized MultithreadedTaskDispatcher with 8 workers.
 -> (artifact id: '7ba743a90cfc942e3a8f077f0c346a12') in 0.041171 seconds
Number of updated asset objects reloaded before import = 0
Number of asset objects unloaded after import = 16
========================================================================
Received Import Request.
  Time since last request: 0.000030 seconds.
  path: Assets/Models/FurniturePack/Low Poly Furniture/Miscellaneous/Globe.fbx
  artifactKey: Guid(d9cd55b3fbec88c41ae19d724fdea150) Importer(815301076,1909f56bfc062723c751e8b465ee728b)
Start importing Assets/Models/FurniturePack/Low Poly Furniture/Miscellaneous/Globe.fbx using Guid(d9cd55b3fbec88c41ae19d724fdea150) Importer(815301076,1909f56bfc062723c751e8b465ee728b) [PhysX] Initialized MultithreadedTaskDispatcher with 8 workers.
[PhysX] Initialized MultithreadedTaskDispatcher with 8 workers.
[PhysX] Initialized MultithreadedTaskDispatcher with 8 workers.
[PhysX] Initialized MultithreadedTaskDispatcher with 8 workers.
[PhysX] Initialized MultithreadedTaskDispatcher with 8 workers.
[PhysX] Initialized MultithreadedTaskDispatcher with 8 workers.
 -> (artifact id: '47441819487a4f58076a03f1fe84eaa2') in 0.044334 seconds
Number of updated asset objects reloaded before import = 0
Number of asset objects unloaded after import = 10
========================================================================
Received Import Request.
  Time since last request: 145.276901 seconds.
  path: Assets/Models/ConstructionPack/Low Poly Construction/Barrel B.fbx
  artifactKey: Guid(98283c2499d0c025aa7c11011131226b) Importer(815301076,1909f56bfc062723c751e8b465ee728b)
Start importing Assets/Models/ConstructionPack/Low Poly Construction/Barrel B.fbx using Guid(98283c2499d0c025aa7c11011131226b) Importer(815301076,1909f56bfc062723c751e8b465ee728b) [PhysX] Initialized MultithreadedTaskDispatcher with 8 workers.
[PhysX] Initialized MultithreadedTaskDispatcher with 8 workers.
[PhysX] Initialized MultithreadedTaskDispatcher with 8 workers.
[PhysX] Initialized MultithreadedTaskDispatcher with 8 workers.
[PhysX] Initialized MultithreadedTaskDispatcher with 8 workers.
[PhysX] Initialized MultithreadedTaskDispatcher with 8 workers.
[PhysX] Initialized MultithreadedTaskDispatcher with 8 workers.
[PhysX] Initialized MultithreadedTaskDispatcher with 8 workers.
 -> (artifact id: '38e6d58ab60ed4b2ea82482bc45faad0') in 0.036328 seconds
Number of updated asset objects reloaded before import = 0
Number of asset objects unloaded after import = 12
========================================================================
Received Import Request.
  Time since last request: 0.000039 seconds.
  path: Assets/Models/ConstructionPack/Low Poly Construction/Nails.fbx
  artifactKey: Guid(dd02704246da311469a56730eb67c69f) Importer(815301076,1909f56bfc062723c751e8b465ee728b)
Start importing Assets/Models/ConstructionPack/Low Poly Construction/Nails.fbx using Guid(dd02704246da311469a56730eb67c69f) Importer(815301076,1909f56bfc062723c751e8b465ee728b) [PhysX] Initialized MultithreadedTaskDispatcher with 8 workers.
[PhysX] Initialized MultithreadedTaskDispatcher with 8 workers.
[PhysX] Initialized MultithreadedTaskDispatcher with 8 workers.
[PhysX] Initialized MultithreadedTaskDispatcher with 8 workers.
[PhysX] Initialized MultithreadedTaskDispatcher with 8 workers.
[PhysX] Initialized MultithreadedTaskDispatcher with 8 workers.
 -> (artifact id: '1cc94d16ef3d9339d7b73d36d6e38c57') in 0.030196 seconds
Number of updated asset objects reloaded before import = 0
Number of asset objects unloaded after import = 10
========================================================================
Received Import Request.
  Time since last request: 0.000039 seconds.
  path: Assets/Models/ConstructionPack/Low Poly Construction/Barrier B.fbx
  artifactKey: Guid(ac2f8825c1f506545a1f23954a933720) Importer(815301076,1909f56bfc062723c751e8b465ee728b)
Start importing Assets/Models/ConstructionPack/Low Poly Construction/Barrier B.fbx using Guid(ac2f8825c1f506545a1f23954a933720) Importer(815301076,1909f56bfc062723c751e8b465ee728b) [PhysX] Initialized MultithreadedTaskDispatcher with 8 workers.
[PhysX] Initialized MultithreadedTaskDispatcher with 8 workers.
[PhysX] Initialized MultithreadedTaskDispatcher with 8 workers.
[PhysX] Initialized MultithreadedTaskDispatcher with 8 workers.
 -> (artifact id: '3e31ce4bae85eacd311c5ba1b27875c6') in 0.019587 seconds
Number of updated asset objects reloaded before import = 0
Number of asset objects unloaded after import = 8
========================================================================
Received Import Request.
  Time since last request: 0.000018 seconds.
  path: Assets/Models/ConstructionPack/Low Poly Construction/Steel Holder .fbx
  artifactKey: Guid(7351e788457f79d1c81570c3cc2d87fa) Importer(815301076,1909f56bfc062723c751e8b465ee728b)
Start importing Assets/Models/ConstructionPack/Low Poly Construction/Steel Holder .fbx using Guid(7351e788457f79d1c81570c3cc2d87fa) Importer(815301076,1909f56bfc062723c751e8b465ee728b) [PhysX] Initialized MultithreadedTaskDispatcher with 8 workers.
[PhysX] Initialized MultithreadedTaskDispatcher with 8 workers.
[PhysX] Initialized MultithreadedTaskDispatcher with 8 workers.
[PhysX] Initialized MultithreadedTaskDispatcher with 8 workers.
[PhysX] Initialized MultithreadedTaskDispatcher with 8 workers.
 -> (artifact id: 'b729e175df65783da4f88e4ec71c70d9') in 0.032802 seconds
Number of updated asset objects reloaded before import = 0
Number of asset objects unloaded after import = 9
========================================================================
Received Import Request.
  Time since last request: 0.000041 seconds.
  path: Assets/Models/ConstructionPack/Low Poly Construction/Work Light A.fbx
  artifactKey: Guid(a2e2b09443e62be2fa1e2eed3f372595) Importer(815301076,1909f56bfc062723c751e8b465ee728b)
Start importing Assets/Models/ConstructionPack/Low Poly Construction/Work Light A.fbx using Guid(a2e2b09443e62be2fa1e2eed3f372595) Importer(815301076,1909f56bfc062723c751e8b465ee728b) [PhysX] Initialized MultithreadedTaskDispatcher with 8 workers.
[PhysX] Initialized MultithreadedTaskDispatcher with 8 workers.
[PhysX] Initialized MultithreadedTaskDispatcher with 8 workers.
[PhysX] Initialized MultithreadedTaskDispatcher with 8 workers.
[PhysX] Initialized MultithreadedTaskDispatcher with 8 workers.
[PhysX] Initialized MultithreadedTaskDispatcher with 8 workers.
 -> (artifact id: 'aff1dbfad49998244c6a297da15cab7d') in 0.033779 seconds
Number of updated asset objects reloaded before import = 0
Number of asset objects unloaded after import = 10
========================================================================
Received Import Request.
  Time since last request: 0.000019 seconds.
  path: Assets/Models/ConstructionPack/Low Poly Construction/Brick C.fbx
  artifactKey: Guid(2cf344087fa01b831b9172097183d7e9) Importer(815301076,1909f56bfc062723c751e8b465ee728b)
Start importing Assets/Models/ConstructionPack/Low Poly Construction/Brick C.fbx using Guid(2cf344087fa01b831b9172097183d7e9) Importer(815301076,1909f56bfc062723c751e8b465ee728b) [PhysX] Initialized MultithreadedTaskDispatcher with 8 workers.
[PhysX] Initialized MultithreadedTaskDispatcher with 8 workers.
[PhysX] Initialized MultithreadedTaskDispatcher with 8 workers.
[PhysX] Initialized MultithreadedTaskDispatcher with 8 workers.
 -> (artifact id: 'bccad536e3af7d9e70219c543e825a45') in 0.014702 seconds
Number of updated asset objects reloaded before import = 0
Number of asset objects unloaded after import = 8
========================================================================
Received Import Request.
  Time since last request: 0.000021 seconds.
  path: Assets/Models/ConstructionPack/Low Poly Construction/Scaffolding A.fbx
  artifactKey: Guid(c2181a104ade0eaab9c060cccefe7e51) Importer(815301076,1909f56bfc062723c751e8b465ee728b)
Start importing Assets/Models/ConstructionPack/Low Poly Construction/Scaffolding A.fbx using Guid(c2181a104ade0eaab9c060cccefe7e51) Importer(815301076,1909f56bfc062723c751e8b465ee728b) [PhysX] Initialized MultithreadedTaskDispatcher with 8 workers.
[PhysX] Initialized MultithreadedTaskDispatcher with 8 workers.
[PhysX] Initialized MultithreadedTaskDispatcher with 8 workers.
[PhysX] Initialized MultithreadedTaskDispatcher with 8 workers.
[PhysX] Initialized MultithreadedTaskDispatcher with 8 workers.
 -> (artifact id: 'cef30137009686b0ed59a29fc1deb9c5') in 0.021716 seconds
Number of updated asset objects reloaded before import = 0
Number of asset objects unloaded after import = 9
========================================================================
Received Import Request.
  Time since last request: 0.000026 seconds.
  path: Assets/Models/ConstructionPack/Low Poly Construction/Pipe Holder A.fbx
  artifactKey: Guid(9e8faea65a39beffeab60bf77245702d) Importer(815301076,1909f56bfc062723c751e8b465ee728b)
Start importing Assets/Models/ConstructionPack/Low Poly Construction/Pipe Holder A.fbx using Guid(9e8faea65a39beffeab60bf77245702d) Importer(815301076,1909f56bfc062723c751e8b465ee728b) [PhysX] Initialized MultithreadedTaskDispatcher with 8 workers.
[PhysX] Initialized MultithreadedTaskDispatcher with 8 workers.
[PhysX] Initialized MultithreadedTaskDispatcher with 8 workers.
[PhysX] Initialized MultithreadedTaskDispatcher with 8 workers.
[PhysX] Initialized MultithreadedTaskDispatcher with 8 workers.
 -> (artifact id: 'ba4632b623ae1b841dacc7fe61068149') in 0.030715 seconds
Number of updated asset objects reloaded before import = 0
Number of asset objects unloaded after import = 9
========================================================================
Received Import Request.
  Time since last request: 0.000019 seconds.
  path: Assets/Models/ConstructionPack/Low Poly Construction/Helmet.fbx
  artifactKey: Guid(1a734572a38f92a1ca36976c38e1d3b8) Importer(815301076,1909f56bfc062723c751e8b465ee728b)
Start importing Assets/Models/ConstructionPack/Low Poly Construction/Helmet.fbx using Guid(1a734572a38f92a1ca36976c38e1d3b8) Importer(815301076,1909f56bfc062723c751e8b465ee728b) [PhysX] Initialized MultithreadedTaskDispatcher with 8 workers.
[PhysX] Initialized MultithreadedTaskDispatcher with 8 workers.
[PhysX] Initialized MultithreadedTaskDispatcher with 8 workers.
[PhysX] Initialized MultithreadedTaskDispatcher with 8 workers.
 -> (artifact id: '28a1d0d2398a48f63d65ed4ac67c27cf') in 0.016704 seconds
Number of updated asset objects reloaded before import = 0
Number of asset objects unloaded after import = 8
========================================================================
Received Import Request.
  Time since last request: 0.000026 seconds.
  path: Assets/Models/ConstructionPack/Low Poly Construction/Box B.fbx
  artifactKey: Guid(b0da722af448c794183f2a4c53f73fe3) Importer(815301076,1909f56bfc062723c751e8b465ee728b)
Start importing Assets/Models/ConstructionPack/Low Poly Construction/Box B.fbx using Guid(b0da722af448c794183f2a4c53f73fe3) Importer(815301076,1909f56bfc062723c751e8b465ee728b) [PhysX] Initialized MultithreadedTaskDispatcher with 8 workers.
[PhysX] Initialized MultithreadedTaskDispatcher with 8 workers.
[PhysX] Initialized MultithreadedTaskDispatcher with 8 workers.
[PhysX] Initialized MultithreadedTaskDispatcher with 8 workers.
[PhysX] Initialized MultithreadedTaskDispatcher with 8 workers.
[PhysX] Initialized MultithreadedTaskDispatcher with 8 workers.
 -> (artifact id: 'f57d2699eae3d0e09de51523f8570f2e') in 0.031625 seconds
Number of updated asset objects reloaded before import = 0
Number of asset objects unloaded after import = 10
========================================================================
Received Import Request.
  Time since last request: 0.000029 seconds.
  path: Assets/Models/ConstructionPack/Low Poly Construction/Tape Measure.fbx
  artifactKey: Guid(9bdb7d7d04dd855769b67d37219305a1) Importer(815301076,1909f56bfc062723c751e8b465ee728b)
Start importing Assets/Models/ConstructionPack/Low Poly Construction/Tape Measure.fbx using Guid(9bdb7d7d04dd855769b67d37219305a1) Importer(815301076,1909f56bfc062723c751e8b465ee728b) [PhysX] Initialized MultithreadedTaskDispatcher with 8 workers.
[PhysX] Initialized MultithreadedTaskDispatcher with 8 workers.
[PhysX] Initialized MultithreadedTaskDispatcher with 8 workers.
[PhysX] Initialized MultithreadedTaskDispatcher with 8 workers.
[PhysX] Initialized MultithreadedTaskDispatcher with 8 workers.
[PhysX] Initialized MultithreadedTaskDispatcher with 8 workers.
 -> (artifact id: 'ed038950f4f5fd8766fc01181766c5dd') in 0.032138 seconds
Number of updated asset objects reloaded before import = 0
Number of asset objects unloaded after import = 10
========================================================================
Received Import Request.
  Time since last request: 0.000032 seconds.
  path: Assets/Models/ConstructionPack/Low Poly Construction/Barrier D.fbx
  artifactKey: Guid(82bb676d8f0dabbb79a9123800dda8d0) Importer(815301076,1909f56bfc062723c751e8b465ee728b)
Start importing Assets/Models/ConstructionPack/Low Poly Construction/Barrier D.fbx using Guid(82bb676d8f0dabbb79a9123800dda8d0) Importer(815301076,1909f56bfc062723c751e8b465ee728b) [PhysX] Initialized MultithreadedTaskDispatcher with 8 workers.
[PhysX] Initialized MultithreadedTaskDispatcher with 8 workers.
[PhysX] Initialized MultithreadedTaskDispatcher with 8 workers.
[PhysX] Initialized MultithreadedTaskDispatcher with 8 workers.
[PhysX] Initialized MultithreadedTaskDispatcher with 8 workers.
[PhysX] Initialized MultithreadedTaskDispatcher with 8 workers.
 -> (artifact id: 'd221e9aa488e3a39a684f6c12a9e37ee') in 0.032972 seconds
Number of updated asset objects reloaded before import = 0
Number of asset objects unloaded after import = 10
========================================================================
Received Import Request.
  Time since last request: 0.000021 seconds.
  path: Assets/Models/ConstructionPack/Low Poly Construction/Work Light B.fbx
  artifactKey: Guid(d8c783940587644fea6166d3a973167f) Importer(815301076,1909f56bfc062723c751e8b465ee728b)
Start importing Assets/Models/ConstructionPack/Low Poly Construction/Work Light B.fbx using Guid(d8c783940587644fea6166d3a973167f) Importer(815301076,1909f56bfc062723c751e8b465ee728b) [PhysX] Initialized MultithreadedTaskDispatcher with 8 workers.
[PhysX] Initialized MultithreadedTaskDispatcher with 8 workers.
[PhysX] Initialized MultithreadedTaskDispatcher with 8 workers.
[PhysX] Initialized MultithreadedTaskDispatcher with 8 workers.
[PhysX] Initialized MultithreadedTaskDispatcher with 8 workers.
[PhysX] Initialized MultithreadedTaskDispatcher with 8 workers.
 -> (artifact id: '5ce1cae41bbc6ed595304ff4f52cfb65') in 0.035979 seconds
Number of updated asset objects reloaded before import = 0
Number of asset objects unloaded after import = 10
========================================================================
Received Import Request.
  Time since last request: 0.000035 seconds.
  path: Assets/Models/ConstructionPack/Low Poly Construction/Spool B.fbx
  artifactKey: Guid(2e88c371669a2ae208b7c901aecc9448) Importer(815301076,1909f56bfc062723c751e8b465ee728b)
Start importing Assets/Models/ConstructionPack/Low Poly Construction/Spool B.fbx using Guid(2e88c371669a2ae208b7c901aecc9448) Importer(815301076,1909f56bfc062723c751e8b465ee728b) [PhysX] Initialized MultithreadedTaskDispatcher with 8 workers.
[PhysX] Initialized MultithreadedTaskDispatcher with 8 workers.
[PhysX] Initialized MultithreadedTaskDispatcher with 8 workers.
[PhysX] Initialized MultithreadedTaskDispatcher with 8 workers.
[PhysX] Initialized MultithreadedTaskDispatcher with 8 workers.
[PhysX] Initialized MultithreadedTaskDispatcher with 8 workers.
 -> (artifact id: '1b1d6ef84996b925d40bf573fe5e6370') in 0.030701 seconds
Number of updated asset objects reloaded before import = 0
Number of asset objects unloaded after import = 10
========================================================================
Received Import Request.
  Time since last request: 0.000041 seconds.
  path: Assets/Models/ConstructionPack/Low Poly Construction/Scaffolding B.fbx
  artifactKey: Guid(d94a2481cf7e265bf954ef9430b5c436) Importer(815301076,1909f56bfc062723c751e8b465ee728b)
Start importing Assets/Models/ConstructionPack/Low Poly Construction/Scaffolding B.fbx using Guid(d94a2481cf7e265bf954ef9430b5c436) Importer(815301076,1909f56bfc062723c751e8b465ee728b) [PhysX] Initialized MultithreadedTaskDispatcher with 8 workers.
[PhysX] Initialized MultithreadedTaskDispatcher with 8 workers.
[PhysX] Initialized MultithreadedTaskDispatcher with 8 workers.
[PhysX] Initialized MultithreadedTaskDispatcher with 8 workers.
[PhysX] Initialized MultithreadedTaskDispatcher with 8 workers.
 -> (artifact id: 'e01c03f1966fcf6db868b62b4b61d0eb') in 0.029135 seconds
Number of updated asset objects reloaded before import = 0
Number of asset objects unloaded after import = 9
========================================================================
Received Import Request.
  Time since last request: 0.000021 seconds.
  path: Assets/Models/ConstructionPack/Low Poly Construction/Cone B.fbx
  artifactKey: Guid(39ca464d47e167f738200bde1dfb5c01) Importer(815301076,1909f56bfc062723c751e8b465ee728b)
Start importing Assets/Models/ConstructionPack/Low Poly Construction/Cone B.fbx using Guid(39ca464d47e167f738200bde1dfb5c01) Importer(815301076,1909f56bfc062723c751e8b465ee728b) [PhysX] Initialized MultithreadedTaskDispatcher with 8 workers.
[PhysX] Initialized MultithreadedTaskDispatcher with 8 workers.
[PhysX] Initialized MultithreadedTaskDispatcher with 8 workers.
[PhysX] Initialized MultithreadedTaskDispatcher with 8 workers.
[PhysX] Initialized MultithreadedTaskDispatcher with 8 workers.
[PhysX] Initialized MultithreadedTaskDispatcher with 8 workers.
 -> (artifact id: 'b962851421d2505bf0b2b5f46572da2f') in 0.030847 seconds
Number of updated asset objects reloaded before import = 0
Number of asset objects unloaded after import = 10
========================================================================
Received Import Request.
  Time since last request: 0.000035 seconds.
  path: Assets/Models/ConstructionPack/Low Poly Construction/Wheelbarrow.fbx
  artifactKey: Guid(1b61df42573c7540f9b03da2732d65f3) Importer(815301076,1909f56bfc062723c751e8b465ee728b)
Start importing Assets/Models/ConstructionPack/Low Poly Construction/Wheelbarrow.fbx using Guid(1b61df42573c7540f9b03da2732d65f3) Importer(815301076,1909f56bfc062723c751e8b465ee728b) [PhysX] Initialized MultithreadedTaskDispatcher with 8 workers.
[PhysX] Initialized MultithreadedTaskDispatcher with 8 workers.
[PhysX] Initialized MultithreadedTaskDispatcher with 8 workers.
[PhysX] Initialized MultithreadedTaskDispatcher with 8 workers.
[PhysX] Initialized MultithreadedTaskDispatcher with 8 workers.
[PhysX] Initialized MultithreadedTaskDispatcher with 8 workers.
 -> (artifact id: 'feae91a6be2d53bef80e43ec3b301142') in 0.025739 seconds
Number of updated asset objects reloaded before import = 0
Number of asset objects unloaded after import = 10
========================================================================
Received Import Request.
  Time since last request: 0.000021 seconds.
  path: Assets/Models/ConstructionPack/Low Poly Construction/Crane.fbx
  artifactKey: Guid(5ce9d8b388d2c50e4abaebb20e2937de) Importer(815301076,1909f56bfc062723c751e8b465ee728b)
Start importing Assets/Models/ConstructionPack/Low Poly Construction/Crane.fbx using Guid(5ce9d8b388d2c50e4abaebb20e2937de) Importer(815301076,1909f56bfc062723c751e8b465ee728b) [PhysX] Initialized MultithreadedTaskDispatcher with 8 workers.
[PhysX] Initialized MultithreadedTaskDispatcher with 8 workers.
[PhysX] Initialized MultithreadedTaskDispatcher with 8 workers.
[PhysX] Initialized MultithreadedTaskDispatcher with 8 workers.
[PhysX] Initialized MultithreadedTaskDispatcher with 8 workers.
[PhysX] Initialized MultithreadedTaskDispatcher with 8 workers.
[PhysX] Initialized MultithreadedTaskDispatcher with 8 workers.
[PhysX] Initialized MultithreadedTaskDispatcher with 8 workers.
 -> (artifact id: '65af49c557f660a36c168311dbf0d740') in 0.039880 seconds
Number of updated asset objects reloaded before import = 0
Number of asset objects unloaded after import = 12
========================================================================
Received Import Request.
  Time since last request: 0.000042 seconds.
  path: Assets/Models/ConstructionPack/Low Poly Construction/Cone A.fbx
  artifactKey: Guid(254a5e64a71c2bd3e97b8e7dc0848cfb) Importer(815301076,1909f56bfc062723c751e8b465ee728b)
Start importing Assets/Models/ConstructionPack/Low Poly Construction/Cone A.fbx using Guid(254a5e64a71c2bd3e97b8e7dc0848cfb) Importer(815301076,1909f56bfc062723c751e8b465ee728b) [PhysX] Initialized MultithreadedTaskDispatcher with 8 workers.
[PhysX] Initialized MultithreadedTaskDispatcher with 8 workers.
[PhysX] Initialized MultithreadedTaskDispatcher with 8 workers.
[PhysX] Initialized MultithreadedTaskDispatcher with 8 workers.
[PhysX] Initialized MultithreadedTaskDispatcher with 8 workers.
 -> (artifact id: '6f6602574117b77b2bde5f0e92844d73') in 0.024660 seconds
Number of updated asset objects reloaded before import = 0
Number of asset objects unloaded after import = 9
========================================================================
Received Import Request.
  Time since last request: 0.000032 seconds.
  path: Assets/Models/ConstructionPack/Low Poly Construction/Paint Bucket.fbx
  artifactKey: Guid(680a074e1e944d8378405c987ca46831) Importer(815301076,1909f56bfc062723c751e8b465ee728b)
Start importing Assets/Models/ConstructionPack/Low Poly Construction/Paint Bucket.fbx using Guid(680a074e1e944d8378405c987ca46831) Importer(815301076,1909f56bfc062723c751e8b465ee728b) [PhysX] Initialized MultithreadedTaskDispatcher with 8 workers.
[PhysX] Initialized MultithreadedTaskDispatcher with 8 workers.
[PhysX] Initialized MultithreadedTaskDispatcher with 8 workers.
[PhysX] Initialized MultithreadedTaskDispatcher with 8 workers.
[PhysX] Initialized MultithreadedTaskDispatcher with 8 workers.
[PhysX] Initialized MultithreadedTaskDispatcher with 8 workers.
 -> (artifact id: 'a8247149b47d459185ba48e5b1c6ceec') in 0.032104 seconds
Number of updated asset objects reloaded before import = 0
Number of asset objects unloaded after import = 10
========================================================================
Received Import Request.
  Time since last request: 0.000027 seconds.
  path: Assets/Models/ConstructionPack/Low Poly Construction/Fence Gate .fbx
  artifactKey: Guid(20f1dd91104f5072c86373b5d06128f0) Importer(815301076,1909f56bfc062723c751e8b465ee728b)
Start importing Assets/Models/ConstructionPack/Low Poly Construction/Fence Gate .fbx using Guid(20f1dd91104f5072c86373b5d06128f0) Importer(815301076,1909f56bfc062723c751e8b465ee728b) [PhysX] Initialized MultithreadedTaskDispatcher with 8 workers.
[PhysX] Initialized MultithreadedTaskDispatcher with 8 workers.
[PhysX] Initialized MultithreadedTaskDispatcher with 8 workers.
[PhysX] Initialized MultithreadedTaskDispatcher with 8 workers.
[PhysX] Initialized MultithreadedTaskDispatcher with 8 workers.
 -> (artifact id: 'a6cdaf9e799c05ccdfde44840c309e07') in 0.025582 seconds
Number of updated asset objects reloaded before import = 0
Number of asset objects unloaded after import = 9
========================================================================
Received Import Request.
  Time since last request: 0.000026 seconds.
  path: Assets/Models/ConstructionPack/Low Poly Construction/Barrier C.fbx
  artifactKey: Guid(28588771ec0a7a056aec4de918a71f50) Importer(815301076,1909f56bfc062723c751e8b465ee728b)
Start importing Assets/Models/ConstructionPack/Low Poly Construction/Barrier C.fbx using Guid(28588771ec0a7a056aec4de918a71f50) Importer(815301076,1909f56bfc062723c751e8b465ee728b) [PhysX] Initialized MultithreadedTaskDispatcher with 8 workers.
[PhysX] Initialized MultithreadedTaskDispatcher with 8 workers.
[PhysX] Initialized MultithreadedTaskDispatcher with 8 workers.
[PhysX] Initialized MultithreadedTaskDispatcher with 8 workers.
[PhysX] Initialized MultithreadedTaskDispatcher with 8 workers.
[PhysX] Initialized MultithreadedTaskDispatcher with 8 workers.
[PhysX] Initialized MultithreadedTaskDispatcher with 8 workers.
[PhysX] Initialized MultithreadedTaskDispatcher with 8 workers.
 -> (artifact id: 'da522d695f7ae8a95513b571276f03b1') in 0.040973 seconds
Number of updated asset objects reloaded before import = 0
Number of asset objects unloaded after import = 12
========================================================================
Received Import Request.
  Time since last request: 0.000021 seconds.
  path: Assets/Models/ConstructionPack/Low Poly Construction/Brick B.fbx
  artifactKey: Guid(bb12985a550cf46cabafbe7f50f4c2c6) Importer(815301076,1909f56bfc062723c751e8b465ee728b)
Start importing Assets/Models/ConstructionPack/Low Poly Construction/Brick B.fbx using Guid(bb12985a550cf46cabafbe7f50f4c2c6) Importer(815301076,1909f56bfc062723c751e8b465ee728b) [PhysX] Initialized MultithreadedTaskDispatcher with 8 workers.
[PhysX] Initialized MultithreadedTaskDispatcher with 8 workers.
[PhysX] Initialized MultithreadedTaskDispatcher with 8 workers.
[PhysX] Initialized MultithreadedTaskDispatcher with 8 workers.
[PhysX] Initialized MultithreadedTaskDispatcher with 8 workers.
[PhysX] Initialized MultithreadedTaskDispatcher with 8 workers.
 -> (artifact id: '60f371a5564f4f710338c4055a0d0260') in 0.032165 seconds
Number of updated asset objects reloaded before import = 0
Number of asset objects unloaded after import = 10
========================================================================
Received Import Request.
  Time since last request: 0.000026 seconds.
  path: Assets/Models/ConstructionPack/Low Poly Construction/Stairs.fbx
  artifactKey: Guid(91f31c77e11431c47a172afb5a4d6457) Importer(815301076,1909f56bfc062723c751e8b465ee728b)
Start importing Assets/Models/ConstructionPack/Low Poly Construction/Stairs.fbx using Guid(91f31c77e11431c47a172afb5a4d6457) Importer(815301076,1909f56bfc062723c751e8b465ee728b) [PhysX] Initialized MultithreadedTaskDispatcher with 8 workers.
[PhysX] Initialized MultithreadedTaskDispatcher with 8 workers.
[PhysX] Initialized MultithreadedTaskDispatcher with 8 workers.
[PhysX] Initialized MultithreadedTaskDispatcher with 8 workers.
 -> (artifact id: '26d25e7c8f2501b0e93409ea0c51121c') in 0.014349 seconds
Number of updated asset objects reloaded before import = 0
Number of asset objects unloaded after import = 8
========================================================================
Received Import Request.
  Time since last request: 0.000023 seconds.
  path: Assets/Models/ConstructionPack/Low Poly Construction/Spanner B.fbx
  artifactKey: Guid(8fd39e07393c53b4e94e67a5d0233b0e) Importer(815301076,1909f56bfc062723c751e8b465ee728b)
Start importing Assets/Models/ConstructionPack/Low Poly Construction/Spanner B.fbx using Guid(8fd39e07393c53b4e94e67a5d0233b0e) Importer(815301076,1909f56bfc062723c751e8b465ee728b) [PhysX] Initialized MultithreadedTaskDispatcher with 8 workers.
[PhysX] Initialized MultithreadedTaskDispatcher with 8 workers.
[PhysX] Initialized MultithreadedTaskDispatcher with 8 workers.
[PhysX] Initialized MultithreadedTaskDispatcher with 8 workers.
 -> (artifact id: '3e6abff076ec021f9807c8c8c7908680') in 0.018972 seconds
Number of updated asset objects reloaded before import = 0
Number of asset objects unloaded after import = 8
========================================================================
Received Import Request.
  Time since last request: 0.000023 seconds.
  path: Assets/Models/ConstructionPack/Low Poly Construction/Pallet.fbx
  artifactKey: Guid(1aca39273587298eabab0d9453111286) Importer(815301076,1909f56bfc062723c751e8b465ee728b)
Start importing Assets/Models/ConstructionPack/Low Poly Construction/Pallet.fbx using Guid(1aca39273587298eabab0d9453111286) Importer(815301076,1909f56bfc062723c751e8b465ee728b) [PhysX] Initialized MultithreadedTaskDispatcher with 8 workers.
[PhysX] Initialized MultithreadedTaskDispatcher with 8 workers.
[PhysX] Initialized MultithreadedTaskDispatcher with 8 workers.
[PhysX] Initialized MultithreadedTaskDispatcher with 8 workers.
[PhysX] Initialized MultithreadedTaskDispatcher with 8 workers.
 -> (artifact id: 'ea8852599abd31c2832921addf1c54f0') in 0.024880 seconds
Number of updated asset objects reloaded before import = 0
Number of asset objects unloaded after import = 9
========================================================================
Received Import Request.
  Time since last request: 0.000024 seconds.
  path: Assets/Models/ConstructionPack/Low Poly Construction/Skip.fbx
  artifactKey: Guid(0cb9ead4d3d8c5081a40c1ee8facc453) Importer(815301076,1909f56bfc062723c751e8b465ee728b)
Start importing Assets/Models/ConstructionPack/Low Poly Construction/Skip.fbx using Guid(0cb9ead4d3d8c5081a40c1ee8facc453) Importer(815301076,1909f56bfc062723c751e8b465ee728b) [PhysX] Initialized MultithreadedTaskDispatcher with 8 workers.
[PhysX] Initialized MultithreadedTaskDispatcher with 8 workers.
[PhysX] Initialized MultithreadedTaskDispatcher with 8 workers.
[PhysX] Initialized MultithreadedTaskDispatcher with 8 workers.
 -> (artifact id: '03b199a1922dca05896f9ae0a9aba530') in 0.014257 seconds
Number of updated asset objects reloaded before import = 0
Number of asset objects unloaded after import = 8
========================================================================
Received Import Request.
  Time since last request: 0.000024 seconds.
  path: Assets/Models/ConstructionPack/Low Poly Construction/Toolbox.fbx
  artifactKey: Guid(7cda74995dc7806328a15e772c9c4436) Importer(815301076,1909f56bfc062723c751e8b465ee728b)
Start importing Assets/Models/ConstructionPack/Low Poly Construction/Toolbox.fbx using Guid(7cda74995dc7806328a15e772c9c4436) Importer(815301076,1909f56bfc062723c751e8b465ee728b) [PhysX] Initialized MultithreadedTaskDispatcher with 8 workers.
[PhysX] Initialized MultithreadedTaskDispatcher with 8 workers.
[PhysX] Initialized MultithreadedTaskDispatcher with 8 workers.
[PhysX] Initialized MultithreadedTaskDispatcher with 8 workers.
[PhysX] Initialized MultithreadedTaskDispatcher with 8 workers.
[PhysX] Initialized MultithreadedTaskDispatcher with 8 workers.
 -> (artifact id: 'bd1c44fc2e07afe4286ff5d45704327c') in 0.033552 seconds
Number of updated asset objects reloaded before import = 0
Number of asset objects unloaded after import = 10
========================================================================
Received Import Request.
  Time since last request: 0.000032 seconds.
  path: Assets/Models/ConstructionPack/Low Poly Construction/Floor.fbx
  artifactKey: Guid(0fd365ef7cb7bf6f280ba94122ef7bb0) Importer(815301076,1909f56bfc062723c751e8b465ee728b)
Start importing Assets/Models/ConstructionPack/Low Poly Construction/Floor.fbx using Guid(0fd365ef7cb7bf6f280ba94122ef7bb0) Importer(815301076,1909f56bfc062723c751e8b465ee728b) [PhysX] Initialized MultithreadedTaskDispatcher with 8 workers.
[PhysX] Initialized MultithreadedTaskDispatcher with 8 workers.
[PhysX] Initialized MultithreadedTaskDispatcher with 8 workers.
[PhysX] Initialized MultithreadedTaskDispatcher with 8 workers.
 -> (artifact id: '2f2fc8197a6c8ae98a4aed93884e0d5f') in 0.017918 seconds
Number of updated asset objects reloaded before import = 0
Number of asset objects unloaded after import = 8
========================================================================
Received Import Request.
  Time since last request: 0.000020 seconds.
  path: Assets/Models/ConstructionPack/Low Poly Construction/Fuel Can.fbx
  artifactKey: Guid(91bf144451599496e942498a089966c1) Importer(815301076,1909f56bfc062723c751e8b465ee728b)
Start importing Assets/Models/ConstructionPack/Low Poly Construction/Fuel Can.fbx using Guid(91bf144451599496e942498a089966c1) Importer(815301076,1909f56bfc062723c751e8b465ee728b) [PhysX] Initialized MultithreadedTaskDispatcher with 8 workers.
[PhysX] Initialized MultithreadedTaskDispatcher with 8 workers.
[PhysX] Initialized MultithreadedTaskDispatcher with 8 workers.
[PhysX] Initialized MultithreadedTaskDispatcher with 8 workers.
 -> (artifact id: 'f8ad9ba15a47003c26c36352b42e4d94') in 0.029232 seconds
Number of updated asset objects reloaded before import = 0
Number of asset objects unloaded after import = 8
========================================================================
Received Import Request.
  Time since last request: 0.000028 seconds.
  path: Assets/Models/ConstructionPack/Low Poly Construction/Cinderblock.fbx
  artifactKey: Guid(178d77f5d8f60a535b77adfa43aced3a) Importer(815301076,1909f56bfc062723c751e8b465ee728b)
Start importing Assets/Models/ConstructionPack/Low Poly Construction/Cinderblock.fbx using Guid(178d77f5d8f60a535b77adfa43aced3a) Importer(815301076,1909f56bfc062723c751e8b465ee728b) [PhysX] Initialized MultithreadedTaskDispatcher with 8 workers.
[PhysX] Initialized MultithreadedTaskDispatcher with 8 workers.
[PhysX] Initialized MultithreadedTaskDispatcher with 8 workers.
[PhysX] Initialized MultithreadedTaskDispatcher with 8 workers.
 -> (artifact id: 'baf016ccc8cd5bb9215f774cb9aee18a') in 0.055600 seconds
Number of updated asset objects reloaded before import = 0
Number of asset objects unloaded after import = 8
========================================================================
Received Import Request.
  Time since last request: 0.000100 seconds.
  path: Assets/Models/ConstructionPack/Low Poly Construction/Plank Holder.fbx
  artifactKey: Guid(c4313ca42c3fad119b8eda51e3649b3e) Importer(815301076,1909f56bfc062723c751e8b465ee728b)
Start importing Assets/Models/ConstructionPack/Low Poly Construction/Plank Holder.fbx using Guid(c4313ca42c3fad119b8eda51e3649b3e) Importer(815301076,1909f56bfc062723c751e8b465ee728b) [PhysX] Initialized MultithreadedTaskDispatcher with 8 workers.
[PhysX] Initialized MultithreadedTaskDispatcher with 8 workers.
[PhysX] Initialized MultithreadedTaskDispatcher with 8 workers.
[PhysX] Initialized MultithreadedTaskDispatcher with 8 workers.
[PhysX] Initialized MultithreadedTaskDispatcher with 8 workers.
 -> (artifact id: '530e7a4915a830cfcab08e07b580546c') in 0.030149 seconds
Number of updated asset objects reloaded before import = 0
Number of asset objects unloaded after import = 9
========================================================================
Received Import Request.
  Time since last request: 0.000021 seconds.
  path: Assets/Models/ConstructionPack/Low Poly Construction/Shovel.fbx
  artifactKey: Guid(192edb328606c3e20a7b193e2084bc18) Importer(815301076,1909f56bfc062723c751e8b465ee728b)
Start importing Assets/Models/ConstructionPack/Low Poly Construction/Shovel.fbx using Guid(192edb328606c3e20a7b193e2084bc18) Importer(815301076,1909f56bfc062723c751e8b465ee728b) [PhysX] Initialized MultithreadedTaskDispatcher with 8 workers.
[PhysX] Initialized MultithreadedTaskDispatcher with 8 workers.
[PhysX] Initialized MultithreadedTaskDispatcher with 8 workers.
[PhysX] Initialized MultithreadedTaskDispatcher with 8 workers.
[PhysX] Initialized MultithreadedTaskDispatcher with 8 workers.
 -> (artifact id: 'cd070701342d522a8e8b147bb85420a8') in 0.029614 seconds
Number of updated asset objects reloaded before import = 0
Number of asset objects unloaded after import = 9
========================================================================
Received Import Request.
  Time since last request: 0.000019 seconds.
  path: Assets/Models/ConstructionPack/Low Poly Construction/Steel A.fbx
  artifactKey: Guid(3e4110b0c2fbccddbb6cb417b87dbe23) Importer(815301076,1909f56bfc062723c751e8b465ee728b)
Start importing Assets/Models/ConstructionPack/Low Poly Construction/Steel A.fbx using Guid(3e4110b0c2fbccddbb6cb417b87dbe23) Importer(815301076,1909f56bfc062723c751e8b465ee728b) [PhysX] Initialized MultithreadedTaskDispatcher with 8 workers.
[PhysX] Initialized MultithreadedTaskDispatcher with 8 workers.
[PhysX] Initialized MultithreadedTaskDispatcher with 8 workers.
[PhysX] Initialized MultithreadedTaskDispatcher with 8 workers.
 -> (artifact id: 'b87da04c1e53c5ff9a1f5643d7a1f865') in 0.020618 seconds
Number of updated asset objects reloaded before import = 0
Number of asset objects unloaded after import = 8
========================================================================
Received Import Request.
  Time since last request: 0.000027 seconds.
  path: Assets/Models/ConstructionPack/Low Poly Construction/Pipe B.fbx
  artifactKey: Guid(b3ef4b403eae3ca8a8c69bb45d28c09c) Importer(815301076,1909f56bfc062723c751e8b465ee728b)
Start importing Assets/Models/ConstructionPack/Low Poly Construction/Pipe B.fbx using Guid(b3ef4b403eae3ca8a8c69bb45d28c09c) Importer(815301076,1909f56bfc062723c751e8b465ee728b) [PhysX] Initialized MultithreadedTaskDispatcher with 8 workers.
[PhysX] Initialized MultithreadedTaskDispatcher with 8 workers.
[PhysX] Initialized MultithreadedTaskDispatcher with 8 workers.
[PhysX] Initialized MultithreadedTaskDispatcher with 8 workers.
 -> (artifact id: '8d093022c3af4f2337341b86a3a4aea0') in 0.016689 seconds
Number of updated asset objects reloaded before import = 0
Number of asset objects unloaded after import = 8
========================================================================
Received Import Request.
  Time since last request: 0.000078 seconds.
  path: Assets/Models/ConstructionPack/Low Poly Construction/Gas Tank A.fbx
  artifactKey: Guid(3198e85ac7cfc305da205a753d1a4696) Importer(815301076,1909f56bfc062723c751e8b465ee728b)
Start importing Assets/Models/ConstructionPack/Low Poly Construction/Gas Tank A.fbx using Guid(3198e85ac7cfc305da205a753d1a4696) Importer(815301076,1909f56bfc062723c751e8b465ee728b) [PhysX] Initialized MultithreadedTaskDispatcher with 8 workers.
[PhysX] Initialized MultithreadedTaskDispatcher with 8 workers.
[PhysX] Initialized MultithreadedTaskDispatcher with 8 workers.
[PhysX] Initialized MultithreadedTaskDispatcher with 8 workers.
[PhysX] Initialized MultithreadedTaskDispatcher with 8 workers.
 -> (artifact id: '968de0aa2eccffaf17da5fa35f3b85ba') in 0.027558 seconds
Number of updated asset objects reloaded before import = 0
Number of asset objects unloaded after import = 9
========================================================================
Received Import Request.
  Time since last request: 0.000025 seconds.
  path: Assets/Models/ConstructionPack/Low Poly Construction/Window.fbx
  artifactKey: Guid(2f302d3f69a34294e9d4b1bf0aff5527) Importer(815301076,1909f56bfc062723c751e8b465ee728b)
Start importing Assets/Models/ConstructionPack/Low Poly Construction/Window.fbx using Guid(2f302d3f69a34294e9d4b1bf0aff5527) Importer(815301076,1909f56bfc062723c751e8b465ee728b) [PhysX] Initialized MultithreadedTaskDispatcher with 8 workers.
[PhysX] Initialized MultithreadedTaskDispatcher with 8 workers.
[PhysX] Initialized MultithreadedTaskDispatcher with 8 workers.
[PhysX] Initialized MultithreadedTaskDispatcher with 8 workers.
 -> (artifact id: 'e71bf2b475e3336d1ab6193daaf0a1cf') in 0.019550 seconds
Number of updated asset objects reloaded before import = 0
Number of asset objects unloaded after import = 8
========================================================================
Received Import Request.
  Time since last request: 0.000019 seconds.
  path: Assets/Models/ConstructionPack/Low Poly Construction/Goggles.fbx
  artifactKey: Guid(735197f1c764ccdcab6ce6e352c4b73b) Importer(815301076,1909f56bfc062723c751e8b465ee728b)
Start importing Assets/Models/ConstructionPack/Low Poly Construction/Goggles.fbx using Guid(735197f1c764ccdcab6ce6e352c4b73b) Importer(815301076,1909f56bfc062723c751e8b465ee728b) [PhysX] Initialized MultithreadedTaskDispatcher with 8 workers.
[PhysX] Initialized MultithreadedTaskDispatcher with 8 workers.
[PhysX] Initialized MultithreadedTaskDispatcher with 8 workers.
[PhysX] Initialized MultithreadedTaskDispatcher with 8 workers.
[PhysX] Initialized MultithreadedTaskDispatcher with 8 workers.
[PhysX] Initialized MultithreadedTaskDispatcher with 8 workers.
 -> (artifact id: '92393ec0f819079eeda7c01d6fe088a2') in 0.034862 seconds
Number of updated asset objects reloaded before import = 0
Number of asset objects unloaded after import = 10
========================================================================
Received Import Request.
  Time since last request: 0.000137 seconds.
  path: Assets/Models/ConstructionPack/Low Poly Construction/Wall.fbx
  artifactKey: Guid(8f979c7c00b5252b282783deefcb778a) Importer(815301076,1909f56bfc062723c751e8b465ee728b)
Start importing Assets/Models/ConstructionPack/Low Poly Construction/Wall.fbx using Guid(8f979c7c00b5252b282783deefcb778a) Importer(815301076,1909f56bfc062723c751e8b465ee728b) [PhysX] Initialized MultithreadedTaskDispatcher with 8 workers.
[PhysX] Initialized MultithreadedTaskDispatcher with 8 workers.
[PhysX] Initialized MultithreadedTaskDispatcher with 8 workers.
[PhysX] Initialized MultithreadedTaskDispatcher with 8 workers.
 -> (artifact id: '6ce1f4a408294aba157a997e1a678dbe') in 0.025888 seconds
Number of updated asset objects reloaded before import = 0
Number of asset objects unloaded after import = 8
========================================================================
Received Import Request.
  Time since last request: 65.626339 seconds.
  path: Assets/Prefabs/Penetrator Clip.prefab
  artifactKey: Guid(f65e2478a3478cf6f89b6468f7b7bd7b) Importer(815301076,1909f56bfc062723c751e8b465ee728b)
Start importing Assets/Prefabs/Penetrator Clip.prefab using Guid(f65e2478a3478cf6f89b6468f7b7bd7b) Importer(815301076,1909f56bfc062723c751e8b465ee728b) [PhysX] Initialized MultithreadedTaskDispatcher with 8 workers.
[PhysX] Initialized MultithreadedTaskDispatcher with 8 workers.
 -> (artifact id: 'b82dad06c4c3640aedca32bb6c01a11f') in 0.018062 seconds
Number of updated asset objects reloaded before import = 0
Number of asset objects unloaded after import = 47
========================================================================
Received Import Request.
  Time since last request: 0.000033 seconds.
  path: Assets/Prefabs/Pistol Bullet.prefab
  artifactKey: Guid(a9f156c86a1e2a74eb53a610486c3040) Importer(815301076,1909f56bfc062723c751e8b465ee728b)
Start importing Assets/Prefabs/Pistol Bullet.prefab using Guid(a9f156c86a1e2a74eb53a610486c3040) Importer(815301076,1909f56bfc062723c751e8b465ee728b) [PhysX] Initialized MultithreadedTaskDispatcher with 8 workers.
[PhysX] Initialized MultithreadedTaskDispatcher with 8 workers.
 -> (artifact id: 'f1a34a66bc90b9334599223db969ef09') in 0.012934 seconds
Number of updated asset objects reloaded before import = 0
Number of asset objects unloaded after import = 13
========================================================================
Received Prepare
Caller must complete domain reload
Begin MonoManager ReloadAssembly
- Loaded All Assemblies, in  0.480 seconds
Native extension for LinuxStandalone target not found
Native extension for WindowsStandalone target not found
Mono: successfully reloaded assembly
- Finished resetting the current domain, in  1.178 seconds
Domain Reload Profiling: 1658ms
	BeginReloadAssembly (157ms)
		ExecutionOrderSort (0ms)
		DisableScriptedObjects (5ms)
		BackupInstance (0ms)
		ReleaseScriptingObjects (0ms)
		CreateAndSetChildDomain (52ms)
	RebuildCommonClasses (45ms)
	RebuildNativeTypeToScriptingClass (14ms)
	initialDomainReloadingComplete (38ms)
	LoadAllAssembliesAndSetupDomain (226ms)
		LoadAssemblies (266ms)
		RebuildTransferFunctionScriptingTraits (0ms)
		AnalyzeDomain (26ms)
			TypeCache.Refresh (9ms)
				TypeCache.ScanAssembly (0ms)
			ScanForSourceGeneratedMonoScriptInfo (10ms)
			ResolveRequiredComponents (6ms)
	FinalizeReload (1179ms)
		ReleaseScriptCaches (0ms)
		RebuildScriptCaches (0ms)
		SetupLoadedEditorAssemblies (648ms)
			LogAssemblyErrors (0ms)
			InitializePlatformSupportModulesInManaged (46ms)
			SetLoadedEditorAssemblies (7ms)
			RefreshPlugins (0ms)
			BeforeProcessingInitializeOnLoad (104ms)
			ProcessInitializeOnLoadAttributes (451ms)
			ProcessInitializeOnLoadMethodAttributes (33ms)
			AfterProcessingInitializeOnLoad (6ms)
			EditorAssembliesLoaded (0ms)
		ExecutionOrderSort2 (0ms)
		AwakeInstancesAfterBackupRestoration (6ms)
Refreshing native plugins compatible for Editor in 1.20 ms, found 0 plugins.
Preloading 0 native plugins for Editor in 0.00 ms.
Unloading 3252 Unused Serialized files (Serialized files now loaded: 0)
Unloading 14 unused Assets / (28.6 KB). Loaded Objects now: 3962.
Memory consumption went from 134.3 MB to 134.3 MB.
Total: 3.942553 ms (FindLiveObjects: 0.291618 ms CreateObjectMapping: 0.236713 ms MarkObjects: 3.360696 ms  DeleteObjects: 0.052155 ms)

Prepare: number of updated asset objects reloaded= 0
AssetImportParameters requested are different than current active one (requested -> active):
  custom:container-demuxer-ogg: 62fdf1f143b41e24485cea50d1cbac27 -> 
  custom:scripting/monoscript/fileName/HandScript.cs: ab82d9b432b4ff3c2be587dcfc2ef88f -> f6d2d9607a041472806e778f6397f6ff
  custom:scripting/monoscript/fileName/GunScript.cs: 6a8d5652f919b70c5522b0348dc3dc24 -> adaec7589872e88b61019be0f1bdc549
  custom:video-decoder-ogg-theora: a1e56fd34408186e4bbccfd4996cb3dc -> 
  custom:scripting/monoscript/fileName/BulletScript.cs: 13477a3b0c98cca55096ea1dcfe934dc -> d888d721bde78eacda1c314a50a2cf74
  custom:CustomObjectIndexerAttribute: 232f87dd983dbecb2a4e21e08eb2cef8 -> 
  custom:container-demuxer-webm: 4f35f7cbe854078d1ac9338744f61a02 -> 
  custom:scripting/monoscript/fileName/ClipScript.cs: d454b9a64ca33d8936f1fee1d0b94333 -> a47e0092d1d896ccc176e69669d3233d
  custom:container-muxer-webm: aa71ff27fc2769a1b78a27578f13a17b -> 
  custom:video-decoder-webm-vp8: 9c59270c3fd7afecdb556c50c9e8de78 -> 
  custom:scripting/monoscript/fileName/MovementScript.cs: 0602eb1700489a3ab9cb01ec15ee773a -> 9a1daee93d0a505568922467e5a5e2e0
  custom:SearchIndexIgnoredProperties: e643bd26f0fe6173181afceb89e7c659 -> 
  custom:AudioImporter_EditorPlatform: 2f0ff77a95e0ac474e3e8eeba4e2f7cb -> 
  custom:video-encoder-webm-vp8: eb34c28f22e8b96e1ab97ce403110664 -> 
  custom:audio-decoder-ogg-vorbis: bf7c407c2cedff20999df2af8eb42d56 -> 
  custom:scripting/monoscript/fileName/Item.cs: c2b7fc65fe255f985743270ca947d8ec -> edfd25bbe8f561e55c7415f9c3adacfe
  custom:audio-encoder-webm-vorbis: bf7c407c2cedff20999df2af8eb42d56 -> 
  custom:scripting/precompiled-assembly-types:Assembly-CSharp: 49e6c1e388f3b0c5149ffcf1dd74b342 -> 14f21d8c89919019ed129879e7927412
========================================================================
Received Prepare
Caller must complete domain reload
Begin MonoManager ReloadAssembly
- Loaded All Assemblies, in  0.491 seconds
Native extension for LinuxStandalone target not found
Native extension for WindowsStandalone target not found
Mono: successfully reloaded assembly
- Finished resetting the current domain, in  0.954 seconds
Domain Reload Profiling: 1445ms
	BeginReloadAssembly (163ms)
		ExecutionOrderSort (0ms)
		DisableScriptedObjects (6ms)
		BackupInstance (0ms)
		ReleaseScriptingObjects (0ms)
		CreateAndSetChildDomain (47ms)
	RebuildCommonClasses (43ms)
	RebuildNativeTypeToScriptingClass (14ms)
	initialDomainReloadingComplete (44ms)
	LoadAllAssembliesAndSetupDomain (226ms)
		LoadAssemblies (275ms)
		RebuildTransferFunctionScriptingTraits (0ms)
		AnalyzeDomain (26ms)
			TypeCache.Refresh (9ms)
				TypeCache.ScanAssembly (0ms)
			ScanForSourceGeneratedMonoScriptInfo (10ms)
			ResolveRequiredComponents (6ms)
	FinalizeReload (955ms)
		ReleaseScriptCaches (0ms)
		RebuildScriptCaches (0ms)
		SetupLoadedEditorAssemblies (525ms)
			LogAssemblyErrors (0ms)
			InitializePlatformSupportModulesInManaged (58ms)
			SetLoadedEditorAssemblies (8ms)
			RefreshPlugins (0ms)
			BeforeProcessingInitializeOnLoad (84ms)
			ProcessInitializeOnLoadAttributes (336ms)
			ProcessInitializeOnLoadMethodAttributes (32ms)
			AfterProcessingInitializeOnLoad (8ms)
			EditorAssembliesLoaded (0ms)
		ExecutionOrderSort2 (0ms)
		AwakeInstancesAfterBackupRestoration (5ms)
Refreshing native plugins compatible for Editor in 1.34 ms, found 0 plugins.
Preloading 0 native plugins for Editor in 0.00 ms.
Unloading 3253 Unused Serialized files (Serialized files now loaded: 0)
Unloading 14 unused Assets / (28.6 KB). Loaded Objects now: 3966.
Memory consumption went from 134.6 MB to 134.6 MB.
Total: 5.690688 ms (FindLiveObjects: 0.421155 ms CreateObjectMapping: 0.388507 ms MarkObjects: 4.824051 ms  DeleteObjects: 0.055438 ms)

Prepare: number of updated asset objects reloaded= 0
AssetImportParameters requested are different than current active one (requested -> active):
  custom:container-demuxer-ogg: 62fdf1f143b41e24485cea50d1cbac27 -> 
  custom:scripting/monoscript/fileName/HandScript.cs: ab82d9b432b4ff3c2be587dcfc2ef88f -> f6d2d9607a041472806e778f6397f6ff
  custom:scripting/monoscript/fileName/GunScript.cs: 6a8d5652f919b70c5522b0348dc3dc24 -> adaec7589872e88b61019be0f1bdc549
  custom:video-decoder-ogg-theora: a1e56fd34408186e4bbccfd4996cb3dc -> 
  custom:scripting/monoscript/fileName/BulletScript.cs: 13477a3b0c98cca55096ea1dcfe934dc -> d888d721bde78eacda1c314a50a2cf74
  custom:CustomObjectIndexerAttribute: 232f87dd983dbecb2a4e21e08eb2cef8 -> 
  custom:container-demuxer-webm: 4f35f7cbe854078d1ac9338744f61a02 -> 
  custom:scripting/monoscript/fileName/ClipScript.cs: d454b9a64ca33d8936f1fee1d0b94333 -> a47e0092d1d896ccc176e69669d3233d
  custom:container-muxer-webm: aa71ff27fc2769a1b78a27578f13a17b -> 
  custom:video-decoder-webm-vp8: 9c59270c3fd7afecdb556c50c9e8de78 -> 
  custom:scripting/monoscript/fileName/MovementScript.cs: 0602eb1700489a3ab9cb01ec15ee773a -> 9a1daee93d0a505568922467e5a5e2e0
  custom:SearchIndexIgnoredProperties: e643bd26f0fe6173181afceb89e7c659 -> 
  custom:AudioImporter_EditorPlatform: 2f0ff77a95e0ac474e3e8eeba4e2f7cb -> 
  custom:video-encoder-webm-vp8: eb34c28f22e8b96e1ab97ce403110664 -> 
  custom:audio-decoder-ogg-vorbis: bf7c407c2cedff20999df2af8eb42d56 -> 
  custom:scripting/monoscript/fileName/Item.cs: c2b7fc65fe255f985743270ca947d8ec -> edfd25bbe8f561e55c7415f9c3adacfe
  custom:audio-encoder-webm-vorbis: bf7c407c2cedff20999df2af8eb42d56 -> 
  custom:scripting/precompiled-assembly-types:Assembly-CSharp: 49e6c1e388f3b0c5149ffcf1dd74b342 -> 14f21d8c89919019ed129879e7927412
========================================================================
Received Prepare
Caller must complete domain reload
Begin MonoManager ReloadAssembly
- Loaded All Assemblies, in  0.500 seconds
Native extension for LinuxStandalone target not found
Native extension for WindowsStandalone target not found
Mono: successfully reloaded assembly
- Finished resetting the current domain, in  1.050 seconds
Domain Reload Profiling: 1549ms
	BeginReloadAssembly (153ms)
		ExecutionOrderSort (0ms)
		DisableScriptedObjects (7ms)
		BackupInstance (0ms)
		ReleaseScriptingObjects (0ms)
		CreateAndSetChildDomain (46ms)
	RebuildCommonClasses (47ms)
	RebuildNativeTypeToScriptingClass (13ms)
	initialDomainReloadingComplete (38ms)
	LoadAllAssembliesAndSetupDomain (248ms)
		LoadAssemblies (285ms)
		RebuildTransferFunctionScriptingTraits (0ms)
		AnalyzeDomain (28ms)
			TypeCache.Refresh (10ms)
				TypeCache.ScanAssembly (0ms)
			ScanForSourceGeneratedMonoScriptInfo (10ms)
			ResolveRequiredComponents (7ms)
	FinalizeReload (1051ms)
		ReleaseScriptCaches (0ms)
		RebuildScriptCaches (0ms)
		SetupLoadedEditorAssemblies (596ms)
			LogAssemblyErrors (0ms)
			InitializePlatformSupportModulesInManaged (50ms)
			SetLoadedEditorAssemblies (8ms)
			RefreshPlugins (0ms)
			BeforeProcessingInitializeOnLoad (85ms)
			ProcessInitializeOnLoadAttributes (413ms)
			ProcessInitializeOnLoadMethodAttributes (32ms)
			AfterProcessingInitializeOnLoad (7ms)
			EditorAssembliesLoaded (0ms)
		ExecutionOrderSort2 (0ms)
		AwakeInstancesAfterBackupRestoration (6ms)
Refreshing native plugins compatible for Editor in 1.17 ms, found 0 plugins.
Preloading 0 native plugins for Editor in 0.00 ms.
Unloading 3253 Unused Serialized files (Serialized files now loaded: 0)
Unloading 14 unused Assets / (28.6 KB). Loaded Objects now: 3970.
Memory consumption went from 134.6 MB to 134.6 MB.
Total: 6.217693 ms (FindLiveObjects: 0.322381 ms CreateObjectMapping: 0.277901 ms MarkObjects: 5.519223 ms  DeleteObjects: 0.083562 ms)

Prepare: number of updated asset objects reloaded= 0
AssetImportParameters requested are different than current active one (requested -> active):
  custom:container-demuxer-ogg: 62fdf1f143b41e24485cea50d1cbac27 -> 
  custom:scripting/monoscript/fileName/HandScript.cs: ab82d9b432b4ff3c2be587dcfc2ef88f -> f6d2d9607a041472806e778f6397f6ff
  custom:scripting/monoscript/fileName/GunScript.cs: 6a8d5652f919b70c5522b0348dc3dc24 -> adaec7589872e88b61019be0f1bdc549
  custom:video-decoder-ogg-theora: a1e56fd34408186e4bbccfd4996cb3dc -> 
  custom:scripting/monoscript/fileName/BulletScript.cs: 13477a3b0c98cca55096ea1dcfe934dc -> d888d721bde78eacda1c314a50a2cf74
  custom:CustomObjectIndexerAttribute: 232f87dd983dbecb2a4e21e08eb2cef8 -> 
  custom:container-demuxer-webm: 4f35f7cbe854078d1ac9338744f61a02 -> 
  custom:scripting/monoscript/fileName/ClipScript.cs: d454b9a64ca33d8936f1fee1d0b94333 -> a47e0092d1d896ccc176e69669d3233d
  custom:container-muxer-webm: aa71ff27fc2769a1b78a27578f13a17b -> 
  custom:video-decoder-webm-vp8: 9c59270c3fd7afecdb556c50c9e8de78 -> 
  custom:scripting/monoscript/fileName/MovementScript.cs: 0602eb1700489a3ab9cb01ec15ee773a -> 9a1daee93d0a505568922467e5a5e2e0
  custom:SearchIndexIgnoredProperties: e643bd26f0fe6173181afceb89e7c659 -> 
  custom:AudioImporter_EditorPlatform: 2f0ff77a95e0ac474e3e8eeba4e2f7cb -> 
  custom:video-encoder-webm-vp8: eb34c28f22e8b96e1ab97ce403110664 -> 
  custom:audio-decoder-ogg-vorbis: bf7c407c2cedff20999df2af8eb42d56 -> 
  custom:scripting/monoscript/fileName/Item.cs: c2b7fc65fe255f985743270ca947d8ec -> edfd25bbe8f561e55c7415f9c3adacfe
  custom:audio-encoder-webm-vorbis: bf7c407c2cedff20999df2af8eb42d56 -> 
  custom:scripting/precompiled-assembly-types:Assembly-CSharp: 49e6c1e388f3b0c5149ffcf1dd74b342 -> 14f21d8c89919019ed129879e7927412
========================================================================
Received Import Request.
  Time since last request: 507.706957 seconds.
  path: Assets/Prefabs/Pistol Bullet.prefab
  artifactKey: Guid(a9f156c86a1e2a74eb53a610486c3040) Importer(815301076,1909f56bfc062723c751e8b465ee728b)
Start importing Assets/Prefabs/Pistol Bullet.prefab using Guid(a9f156c86a1e2a74eb53a610486c3040) Importer(815301076,1909f56bfc062723c751e8b465ee728b) [PhysX] Initialized MultithreadedTaskDispatcher with 8 workers.
[PhysX] Initialized MultithreadedTaskDispatcher with 8 workers.
 -> (artifact id: '3a9ea4a5966a8e525e2270c1ec5f48f5') in 0.095213 seconds
Number of updated asset objects reloaded before import = 0
Number of asset objects unloaded after import = 13
========================================================================
Received Import Request.
  Time since last request: 43.932530 seconds.
  path: Assets/Models/FurniturePack/Low Poly Furniture/Tables/Rounded Table A.fbx
  artifactKey: Guid(5f0d791d46551a483a01dbdc30b8b0b5) Importer(815301076,1909f56bfc062723c751e8b465ee728b)
Start importing Assets/Models/FurniturePack/Low Poly Furniture/Tables/Rounded Table A.fbx using Guid(5f0d791d46551a483a01dbdc30b8b0b5) Importer(815301076,1909f56bfc062723c751e8b465ee728b) [PhysX] Initialized MultithreadedTaskDispatcher with 8 workers.
[PhysX] Initialized MultithreadedTaskDispatcher with 8 workers.
[PhysX] Initialized MultithreadedTaskDispatcher with 8 workers.
[PhysX] Initialized MultithreadedTaskDispatcher with 8 workers.
 -> (artifact id: '80bbeb72346f9202e5cf038bbdf47d3c') in 0.043254 seconds
Number of updated asset objects reloaded before import = 0
Number of asset objects unloaded after import = 8
========================================================================
Received Import Request.
  Time since last request: 0.000020 seconds.
  path: Assets/Models/FurniturePack/Low Poly Furniture/Tables/Table D.fbx
  artifactKey: Guid(b3ba69cc25ec81c6fa3935df606f30e5) Importer(815301076,1909f56bfc062723c751e8b465ee728b)
Start importing Assets/Models/FurniturePack/Low Poly Furniture/Tables/Table D.fbx using Guid(b3ba69cc25ec81c6fa3935df606f30e5) Importer(815301076,1909f56bfc062723c751e8b465ee728b) [PhysX] Initialized MultithreadedTaskDispatcher with 8 workers.
[PhysX] Initialized MultithreadedTaskDispatcher with 8 workers.
[PhysX] Initialized MultithreadedTaskDispatcher with 8 workers.
[PhysX] Initialized MultithreadedTaskDispatcher with 8 workers.
[PhysX] Initialized MultithreadedTaskDispatcher with 8 workers.
 -> (artifact id: '5ef9306184c8746ab012992cf9851833') in 0.022356 seconds
Number of updated asset objects reloaded before import = 0
Number of asset objects unloaded after import = 9
========================================================================
Received Import Request.
  Time since last request: 0.000022 seconds.
  path: Assets/Models/FurniturePack/Low Poly Furniture/Tables/Rounded Table B.fbx
  artifactKey: Guid(fe8e474307190fab584bfef98a76bb89) Importer(815301076,1909f56bfc062723c751e8b465ee728b)
Start importing Assets/Models/FurniturePack/Low Poly Furniture/Tables/Rounded Table B.fbx using Guid(fe8e474307190fab584bfef98a76bb89) Importer(815301076,1909f56bfc062723c751e8b465ee728b) [PhysX] Initialized MultithreadedTaskDispatcher with 8 workers.
[PhysX] Initialized MultithreadedTaskDispatcher with 8 workers.
[PhysX] Initialized MultithreadedTaskDispatcher with 8 workers.
[PhysX] Initialized MultithreadedTaskDispatcher with 8 workers.
[PhysX] Initialized MultithreadedTaskDispatcher with 8 workers.
 -> (artifact id: 'f72061b4d707baa1178f65278ec2b424') in 0.034182 seconds
Number of updated asset objects reloaded before import = 0
Number of asset objects unloaded after import = 9
========================================================================
Received Import Request.
  Time since last request: 0.000065 seconds.
  path: Assets/Models/FurniturePack/Low Poly Furniture/Tables/Table A.fbx
  artifactKey: Guid(0d4b0414698a8318eabd8cdfa4a884fe) Importer(815301076,1909f56bfc062723c751e8b465ee728b)
Start importing Assets/Models/FurniturePack/Low Poly Furniture/Tables/Table A.fbx using Guid(0d4b0414698a8318eabd8cdfa4a884fe) Importer(815301076,1909f56bfc062723c751e8b465ee728b) [PhysX] Initialized MultithreadedTaskDispatcher with 8 workers.
[PhysX] Initialized MultithreadedTaskDispatcher with 8 workers.
[PhysX] Initialized MultithreadedTaskDispatcher with 8 workers.
[PhysX] Initialized MultithreadedTaskDispatcher with 8 workers.
 -> (artifact id: 'e225b237856c359df90659cd1594478c') in 0.024616 seconds
Number of updated asset objects reloaded before import = 0
Number of asset objects unloaded after import = 8
========================================================================
Received Import Request.
  Time since last request: 0.000034 seconds.
  path: Assets/Models/FurniturePack/Low Poly Furniture/Tables/Rounded Table C.fbx
  artifactKey: Guid(0c7db1b02ccbe5530bf65f7d144d0349) Importer(815301076,1909f56bfc062723c751e8b465ee728b)
Start importing Assets/Models/FurniturePack/Low Poly Furniture/Tables/Rounded Table C.fbx using Guid(0c7db1b02ccbe5530bf65f7d144d0349) Importer(815301076,1909f56bfc062723c751e8b465ee728b) [PhysX] Initialized MultithreadedTaskDispatcher with 8 workers.
[PhysX] Initialized MultithreadedTaskDispatcher with 8 workers.
[PhysX] Initialized MultithreadedTaskDispatcher with 8 workers.
[PhysX] Initialized MultithreadedTaskDispatcher with 8 workers.
[PhysX] Initialized MultithreadedTaskDispatcher with 8 workers.
 -> (artifact id: 'c866be7f1df77c2e2ff4624418814a39') in 0.028431 seconds
Number of updated asset objects reloaded before import = 0
Number of asset objects unloaded after import = 9
========================================================================
Received Import Request.
  Time since last request: 160.484101 seconds.
  path: Assets/Models/FurniturePack/Low Poly Furniture/Beds/Bed Double.fbx
  artifactKey: Guid(863bd3d68da1a1ae983ab18e0424cbc4) Importer(815301076,1909f56bfc062723c751e8b465ee728b)
Start importing Assets/Models/FurniturePack/Low Poly Furniture/Beds/Bed Double.fbx using Guid(863bd3d68da1a1ae983ab18e0424cbc4) Importer(815301076,1909f56bfc062723c751e8b465ee728b) [PhysX] Initialized MultithreadedTaskDispatcher with 8 workers.
[PhysX] Initialized MultithreadedTaskDispatcher with 8 workers.
[PhysX] Initialized MultithreadedTaskDispatcher with 8 workers.
[PhysX] Initialized MultithreadedTaskDispatcher with 8 workers.
[PhysX] Initialized MultithreadedTaskDispatcher with 8 workers.
[PhysX] Initialized MultithreadedTaskDispatcher with 8 workers.
 -> (artifact id: '25ce2925bcab413dfb7020000aac0110') in 0.045132 seconds
Number of updated asset objects reloaded before import = 0
Number of asset objects unloaded after import = 10
========================================================================
Received Import Request.
  Time since last request: 0.022964 seconds.
  path: Assets/Models/FurniturePack/Low Poly Furniture/Kitchen/Blender.fbx
  artifactKey: Guid(f93b12fc2df303ea1bd9256031371079) Importer(815301076,1909f56bfc062723c751e8b465ee728b)
Start importing Assets/Models/FurniturePack/Low Poly Furniture/Kitchen/Blender.fbx using Guid(f93b12fc2df303ea1bd9256031371079) Importer(815301076,1909f56bfc062723c751e8b465ee728b) [PhysX] Initialized MultithreadedTaskDispatcher with 8 workers.
[PhysX] Initialized MultithreadedTaskDispatcher with 8 workers.
[PhysX] Initialized MultithreadedTaskDispatcher with 8 workers.
[PhysX] Initialized MultithreadedTaskDispatcher with 8 workers.
[PhysX] Initialized MultithreadedTaskDispatcher with 8 workers.
 -> (artifact id: '14ee6285182d2c95ba14701b332591c2') in 0.034807 seconds
Number of updated asset objects reloaded before import = 0
Number of asset objects unloaded after import = 9
========================================================================
Received Import Request.
  Time since last request: 1.685235 seconds.
  path: Assets/Models/FurniturePack/Low Poly Furniture/Kitchen/Cupboard B.fbx
  artifactKey: Guid(2b253d5d9a46e2055af4e2a381c03e7e) Importer(815301076,1909f56bfc062723c751e8b465ee728b)
Start importing Assets/Models/FurniturePack/Low Poly Furniture/Kitchen/Cupboard B.fbx using Guid(2b253d5d9a46e2055af4e2a381c03e7e) Importer(815301076,1909f56bfc062723c751e8b465ee728b) [PhysX] Initialized MultithreadedTaskDispatcher with 8 workers.
[PhysX] Initialized MultithreadedTaskDispatcher with 8 workers.
[PhysX] Initialized MultithreadedTaskDispatcher with 8 workers.
[PhysX] Initialized MultithreadedTaskDispatcher with 8 workers.
[PhysX] Initialized MultithreadedTaskDispatcher with 8 workers.
[PhysX] Initialized MultithreadedTaskDispatcher with 8 workers.
[PhysX] Initialized MultithreadedTaskDispatcher with 8 workers.
[PhysX] Initialized MultithreadedTaskDispatcher with 8 workers.
[PhysX] Initialized MultithreadedTaskDispatcher with 8 workers.
[PhysX] Initialized MultithreadedTaskDispatcher with 8 workers.
 -> (artifact id: 'c7c10efc7f61337296d1b11bddcaf9cd') in 0.046669 seconds
Number of updated asset objects reloaded before import = 0
Number of asset objects unloaded after import = 21
========================================================================
Received Import Request.
  Time since last request: 0.000030 seconds.
  path: Assets/Models/CityPack/KayKit_City_Builder_Bits_1.0_FREE/Assets/obj/car_hatchback_wheel_front_right.obj
  artifactKey: Guid(cf4b7bad68e7936fb99d6ff67ecfa8b8) Importer(815301076,1909f56bfc062723c751e8b465ee728b)
Start importing Assets/Models/CityPack/KayKit_City_Builder_Bits_1.0_FREE/Assets/obj/car_hatchback_wheel_front_right.obj using Guid(cf4b7bad68e7936fb99d6ff67ecfa8b8) Importer(815301076,1909f56bfc062723c751e8b465ee728b) [PhysX] Initialized MultithreadedTaskDispatcher with 8 workers.
[PhysX] Initialized MultithreadedTaskDispatcher with 8 workers.
[PhysX] Initialized MultithreadedTaskDispatcher with 8 workers.
[PhysX] Initialized MultithreadedTaskDispatcher with 8 workers.
[PhysX] Initialized MultithreadedTaskDispatcher with 8 workers.
 -> (artifact id: '0a41347f9fed6c4f38fc5e458d324c61') in 0.021881 seconds
Number of updated asset objects reloaded before import = 0
Number of asset objects unloaded after import = 11
========================================================================
Received Import Request.
  Time since last request: 0.000028 seconds.
  path: Assets/Models/CityPack/KayKit_City_Builder_Bits_1.0_FREE/Assets/obj/car_police_wheel_front_right.obj
  artifactKey: Guid(818f5b9b653ba9bb0b8a2ef0dcb37cbf) Importer(815301076,1909f56bfc062723c751e8b465ee728b)
Start importing Assets/Models/CityPack/KayKit_City_Builder_Bits_1.0_FREE/Assets/obj/car_police_wheel_front_right.obj using Guid(818f5b9b653ba9bb0b8a2ef0dcb37cbf) Importer(815301076,1909f56bfc062723c751e8b465ee728b) [PhysX] Initialized MultithreadedTaskDispatcher with 8 workers.
[PhysX] Initialized MultithreadedTaskDispatcher with 8 workers.
[PhysX] Initialized MultithreadedTaskDispatcher with 8 workers.
[PhysX] Initialized MultithreadedTaskDispatcher with 8 workers.
[PhysX] Initialized MultithreadedTaskDispatcher with 8 workers.
 -> (artifact id: '78384d0602da5792431610a68acae7e4') in 0.030256 seconds
Number of updated asset objects reloaded before import = 0
Number of asset objects unloaded after import = 11
========================================================================
Received Import Request.
  Time since last request: 0.000025 seconds.
  path: Assets/Models/FurniturePack/Low Poly Furniture/Kitchen/Cupboard D.fbx
  artifactKey: Guid(d29a710c5e58b7e5fa970b15c9a67a34) Importer(815301076,1909f56bfc062723c751e8b465ee728b)
Start importing Assets/Models/FurniturePack/Low Poly Furniture/Kitchen/Cupboard D.fbx using Guid(d29a710c5e58b7e5fa970b15c9a67a34) Importer(815301076,1909f56bfc062723c751e8b465ee728b) [PhysX] Initialized MultithreadedTaskDispatcher with 8 workers.
[PhysX] Initialized MultithreadedTaskDispatcher with 8 workers.
[PhysX] Initialized MultithreadedTaskDispatcher with 8 workers.
[PhysX] Initialized MultithreadedTaskDispatcher with 8 workers.
[PhysX] Initialized MultithreadedTaskDispatcher with 8 workers.
[PhysX] Initialized MultithreadedTaskDispatcher with 8 workers.
[PhysX] Initialized MultithreadedTaskDispatcher with 8 workers.
[PhysX] Initialized MultithreadedTaskDispatcher with 8 workers.
 -> (artifact id: 'bb5f5aead9aa970750cd75392c1c25c8') in 0.047999 seconds
Number of updated asset objects reloaded before import = 0
Number of asset objects unloaded after import = 16
========================================================================
Received Import Request.
  Time since last request: 0.000060 seconds.
  path: Assets/Models/CityPack/KayKit_City_Builder_Bits_1.0_FREE/Assets/obj/car_police.obj
  artifactKey: Guid(70899308c1cabb152bc1ae7fb534a987) Importer(815301076,1909f56bfc062723c751e8b465ee728b)
Start importing Assets/Models/CityPack/KayKit_City_Builder_Bits_1.0_FREE/Assets/obj/car_police.obj using Guid(70899308c1cabb152bc1ae7fb534a987) Importer(815301076,1909f56bfc062723c751e8b465ee728b) [PhysX] Initialized MultithreadedTaskDispatcher with 8 workers.
[PhysX] Initialized MultithreadedTaskDispatcher with 8 workers.
[PhysX] Initialized MultithreadedTaskDispatcher with 8 workers.
[PhysX] Initialized MultithreadedTaskDispatcher with 8 workers.
[PhysX] Initialized MultithreadedTaskDispatcher with 8 workers.
 -> (artifact id: '2d753463ecc7e0da7e38fbd6312ed393') in 0.022882 seconds
Number of updated asset objects reloaded before import = 0
Number of asset objects unloaded after import = 11
========================================================================
Received Import Request.
  Time since last request: 0.000028 seconds.
  path: Assets/Models/CityPack/KayKit_City_Builder_Bits_1.0_FREE/Assets/obj/car_hatchback_wheel_rear_left.obj
  artifactKey: Guid(08d4ee5db2e90ed678960c5394d314c3) Importer(815301076,1909f56bfc062723c751e8b465ee728b)
Start importing Assets/Models/CityPack/KayKit_City_Builder_Bits_1.0_FREE/Assets/obj/car_hatchback_wheel_rear_left.obj using Guid(08d4ee5db2e90ed678960c5394d314c3) Importer(815301076,1909f56bfc062723c751e8b465ee728b) [PhysX] Initialized MultithreadedTaskDispatcher with 8 workers.
[PhysX] Initialized MultithreadedTaskDispatcher with 8 workers.
[PhysX] Initialized MultithreadedTaskDispatcher with 8 workers.
[PhysX] Initialized MultithreadedTaskDispatcher with 8 workers.
[PhysX] Initialized MultithreadedTaskDispatcher with 8 workers.
 -> (artifact id: 'a0e222736487141596a3223cb985772f') in 0.028765 seconds
Number of updated asset objects reloaded before import = 0
Number of asset objects unloaded after import = 11
========================================================================
Received Import Request.
  Time since last request: 0.000047 seconds.
  path: Assets/Models/FurniturePack/Low Poly Furniture/Kitchen/Cupboard E.fbx
  artifactKey: Guid(40df48e3c93025cb8b86dfe617c16761) Importer(815301076,1909f56bfc062723c751e8b465ee728b)
Start importing Assets/Models/FurniturePack/Low Poly Furniture/Kitchen/Cupboard E.fbx using Guid(40df48e3c93025cb8b86dfe617c16761) Importer(815301076,1909f56bfc062723c751e8b465ee728b) [PhysX] Initialized MultithreadedTaskDispatcher with 8 workers.
[PhysX] Initialized MultithreadedTaskDispatcher with 8 workers.
[PhysX] Initialized MultithreadedTaskDispatcher with 8 workers.
[PhysX] Initialized MultithreadedTaskDispatcher with 8 workers.
[PhysX] Initialized MultithreadedTaskDispatcher with 8 workers.
[PhysX] Initialized MultithreadedTaskDispatcher with 8 workers.
[PhysX] Initialized MultithreadedTaskDispatcher with 8 workers.
[PhysX] Initialized MultithreadedTaskDispatcher with 8 workers.
[PhysX] Initialized MultithreadedTaskDispatcher with 8 workers.
[PhysX] Initialized MultithreadedTaskDispatcher with 8 workers.
[PhysX] Initialized MultithreadedTaskDispatcher with 8 workers.
[PhysX] Initialized MultithreadedTaskDispatcher with 8 workers.
 -> (artifact id: 'c4b539e74471291b7742c4eb781f93af') in 0.054829 seconds
Number of updated asset objects reloaded before import = 0
Number of asset objects unloaded after import = 26
========================================================================
Received Import Request.
  Time since last request: 0.000022 seconds.
  path: Assets/Models/CityPack/KayKit_City_Builder_Bits_1.0_FREE/Assets/obj/trash_A.obj
  artifactKey: Guid(2e54bb12f5c594bf8beceb28ae22ae77) Importer(815301076,1909f56bfc062723c751e8b465ee728b)
Start importing Assets/Models/CityPack/KayKit_City_Builder_Bits_1.0_FREE/Assets/obj/trash_A.obj using Guid(2e54bb12f5c594bf8beceb28ae22ae77) Importer(815301076,1909f56bfc062723c751e8b465ee728b) [PhysX] Initialized MultithreadedTaskDispatcher with 8 workers.
[PhysX] Initialized MultithreadedTaskDispatcher with 8 workers.
[PhysX] Initialized MultithreadedTaskDispatcher with 8 workers.
[PhysX] Initialized MultithreadedTaskDispatcher with 8 workers.
[PhysX] Initialized MultithreadedTaskDispatcher with 8 workers.
 -> (artifact id: '817e7bbce9d649f0adf926e1b9b54e1d') in 0.023677 seconds
Number of updated asset objects reloaded before import = 0
Number of asset objects unloaded after import = 11
========================================================================
Received Import Request.
  Time since last request: 19.351903 seconds.
  path: Assets/Models/FurniturePack/Low Poly Furniture/Carpets/Carpet B.fbx
  artifactKey: Guid(8f04b485e8b86413c86d176611c70d0a) Importer(815301076,1909f56bfc062723c751e8b465ee728b)
Start importing Assets/Models/FurniturePack/Low Poly Furniture/Carpets/Carpet B.fbx using Guid(8f04b485e8b86413c86d176611c70d0a) Importer(815301076,1909f56bfc062723c751e8b465ee728b) [PhysX] Initialized MultithreadedTaskDispatcher with 8 workers.
[PhysX] Initialized MultithreadedTaskDispatcher with 8 workers.
[PhysX] Initialized MultithreadedTaskDispatcher with 8 workers.
[PhysX] Initialized MultithreadedTaskDispatcher with 8 workers.
[PhysX] Initialized MultithreadedTaskDispatcher with 8 workers.
 -> (artifact id: 'a7afc095f3b69a4aa59462242326a0ab') in 0.032337 seconds
Number of updated asset objects reloaded before import = 0
Number of asset objects unloaded after import = 9
========================================================================
Received Import Request.
  Time since last request: 0.061482 seconds.
  path: Assets/Models/FurniturePack/Low Poly Furniture/Sofas/Sofa C.fbx
  artifactKey: Guid(312e0abb7bf6a935b9d38f6ee4d37917) Importer(815301076,1909f56bfc062723c751e8b465ee728b)
Start importing Assets/Models/FurniturePack/Low Poly Furniture/Sofas/Sofa C.fbx using Guid(312e0abb7bf6a935b9d38f6ee4d37917) Importer(815301076,1909f56bfc062723c751e8b465ee728b) [PhysX] Initialized MultithreadedTaskDispatcher with 8 workers.
[PhysX] Initialized MultithreadedTaskDispatcher with 8 workers.
[PhysX] Initialized MultithreadedTaskDispatcher with 8 workers.
[PhysX] Initialized MultithreadedTaskDispatcher with 8 workers.
 -> (artifact id: '7cb83d37c0cb7d2a67efa5399566b756') in 0.024358 seconds
Number of updated asset objects reloaded before import = 0
Number of asset objects unloaded after import = 8
========================================================================
Received Import Request.
  Time since last request: 0.250076 seconds.
  path: Assets/Models/FurniturePack/Low Poly Furniture/Kitchen/Washing Machine.fbx
  artifactKey: Guid(0c8220028ce7fc88a93210b0a4301663) Importer(815301076,1909f56bfc062723c751e8b465ee728b)
Start importing Assets/Models/FurniturePack/Low Poly Furniture/Kitchen/Washing Machine.fbx using Guid(0c8220028ce7fc88a93210b0a4301663) Importer(815301076,1909f56bfc062723c751e8b465ee728b) [PhysX] Initialized MultithreadedTaskDispatcher with 8 workers.
[PhysX] Initialized MultithreadedTaskDispatcher with 8 workers.
[PhysX] Initialized MultithreadedTaskDispatcher with 8 workers.
[PhysX] Initialized MultithreadedTaskDispatcher with 8 workers.
[PhysX] Initialized MultithreadedTaskDispatcher with 8 workers.
[PhysX] Initialized MultithreadedTaskDispatcher with 8 workers.
[PhysX] Initialized MultithreadedTaskDispatcher with 8 workers.
[PhysX] Initialized MultithreadedTaskDispatcher with 8 workers.
[PhysX] Initialized MultithreadedTaskDispatcher with 8 workers.
 -> (artifact id: '2c258ee5c7613b9aa60c0bac1824da9e') in 0.054962 seconds
Number of updated asset objects reloaded before import = 0
Number of asset objects unloaded after import = 17
========================================================================
Received Import Request.
  Time since last request: 0.351979 seconds.
  path: Assets/Models/FurniturePack/Low Poly Furniture/Kitchen/Microwave.fbx
  artifactKey: Guid(2fbe03a5a828a3b7bb78223c1867944f) Importer(815301076,1909f56bfc062723c751e8b465ee728b)
Start importing Assets/Models/FurniturePack/Low Poly Furniture/Kitchen/Microwave.fbx using Guid(2fbe03a5a828a3b7bb78223c1867944f) Importer(815301076,1909f56bfc062723c751e8b465ee728b) [PhysX] Initialized MultithreadedTaskDispatcher with 8 workers.
[PhysX] Initialized MultithreadedTaskDispatcher with 8 workers.
[PhysX] Initialized MultithreadedTaskDispatcher with 8 workers.
[PhysX] Initialized MultithreadedTaskDispatcher with 8 workers.
[PhysX] Initialized MultithreadedTaskDispatcher with 8 workers.
[PhysX] Initialized MultithreadedTaskDispatcher with 8 workers.
[PhysX] Initialized MultithreadedTaskDispatcher with 8 workers.
[PhysX] Initialized MultithreadedTaskDispatcher with 8 workers.
[PhysX] Initialized MultithreadedTaskDispatcher with 8 workers.
 -> (artifact id: 'c3b718179ce35d4b263a3ccfd28f4d79') in 0.064791 seconds
Number of updated asset objects reloaded before import = 0
Number of asset objects unloaded after import = 17
========================================================================
Received Import Request.
  Time since last request: 0.000034 seconds.
  path: Assets/Models/FurniturePack/Low Poly Furniture/Electronics/TV B.fbx
  artifactKey: Guid(5cb964ffd271b5bf58254ca020a28cd5) Importer(815301076,1909f56bfc062723c751e8b465ee728b)
Start importing Assets/Models/FurniturePack/Low Poly Furniture/Electronics/TV B.fbx using Guid(5cb964ffd271b5bf58254ca020a28cd5) Importer(815301076,1909f56bfc062723c751e8b465ee728b) [PhysX] Initialized MultithreadedTaskDispatcher with 8 workers.
[PhysX] Initialized MultithreadedTaskDispatcher with 8 workers.
[PhysX] Initialized MultithreadedTaskDispatcher with 8 workers.
[PhysX] Initialized MultithreadedTaskDispatcher with 8 workers.
[PhysX] Initialized MultithreadedTaskDispatcher with 8 workers.
 -> (artifact id: '46628bbfbf561d8b2af9cad4e11c0107') in 0.028646 seconds
Number of updated asset objects reloaded before import = 0
Number of asset objects unloaded after import = 9
========================================================================
Received Import Request.
  Time since last request: 0.000065 seconds.
  path: Assets/Models/FurniturePack/Low Poly Furniture/Electronics/Monitor.fbx
  artifactKey: Guid(ce9324719ce1150909bcf459da7137ce) Importer(815301076,1909f56bfc062723c751e8b465ee728b)
Start importing Assets/Models/FurniturePack/Low Poly Furniture/Electronics/Monitor.fbx using Guid(ce9324719ce1150909bcf459da7137ce) Importer(815301076,1909f56bfc062723c751e8b465ee728b) [PhysX] Initialized MultithreadedTaskDispatcher with 8 workers.
[PhysX] Initialized MultithreadedTaskDispatcher with 8 workers.
[PhysX] Initialized MultithreadedTaskDispatcher with 8 workers.
[PhysX] Initialized MultithreadedTaskDispatcher with 8 workers.
[PhysX] Initialized MultithreadedTaskDispatcher with 8 workers.
[PhysX] Initialized MultithreadedTaskDispatcher with 8 workers.
 -> (artifact id: '74d2a71a737075f1d7fc23ca63f02a7b') in 0.033362 seconds
Number of updated asset objects reloaded before import = 0
Number of asset objects unloaded after import = 10
========================================================================
Received Import Request.
  Time since last request: 0.000029 seconds.
  path: Assets/Models/FurniturePack/Low Poly Furniture/Kitchen/Kettle.fbx
  artifactKey: Guid(7495ee5ba896822f78f219b8b5a3906d) Importer(815301076,1909f56bfc062723c751e8b465ee728b)
Start importing Assets/Models/FurniturePack/Low Poly Furniture/Kitchen/Kettle.fbx using Guid(7495ee5ba896822f78f219b8b5a3906d) Importer(815301076,1909f56bfc062723c751e8b465ee728b) [PhysX] Initialized MultithreadedTaskDispatcher with 8 workers.
[PhysX] Initialized MultithreadedTaskDispatcher with 8 workers.
[PhysX] Initialized MultithreadedTaskDispatcher with 8 workers.
[PhysX] Initialized MultithreadedTaskDispatcher with 8 workers.
[PhysX] Initialized MultithreadedTaskDispatcher with 8 workers.
[PhysX] Initialized MultithreadedTaskDispatcher with 8 workers.
 -> (artifact id: '1949d5df22f45676b2d5be177bf34ee7') in 0.035987 seconds
Number of updated asset objects reloaded before import = 0
Number of asset objects unloaded after import = 10
========================================================================
Received Import Request.
  Time since last request: 0.235470 seconds.
  path: Assets/Models/FurniturePack/Low Poly Furniture/Electronics/Tablet.fbx
  artifactKey: Guid(9c963b777c86962188c215e77746aafd) Importer(815301076,1909f56bfc062723c751e8b465ee728b)
Start importing Assets/Models/FurniturePack/Low Poly Furniture/Electronics/Tablet.fbx using Guid(9c963b777c86962188c215e77746aafd) Importer(815301076,1909f56bfc062723c751e8b465ee728b) [PhysX] Initialized MultithreadedTaskDispatcher with 8 workers.
[PhysX] Initialized MultithreadedTaskDispatcher with 8 workers.
[PhysX] Initialized MultithreadedTaskDispatcher with 8 workers.
[PhysX] Initialized MultithreadedTaskDispatcher with 8 workers.
[PhysX] Initialized MultithreadedTaskDispatcher with 8 workers.
[PhysX] Initialized MultithreadedTaskDispatcher with 8 workers.
 -> (artifact id: '201902e453c5f07876a55f4916c7538c') in 0.047029 seconds
Number of updated asset objects reloaded before import = 0
Number of asset objects unloaded after import = 10
========================================================================
Received Import Request.
  Time since last request: 0.000026 seconds.
  path: Assets/Models/FurniturePack/Low Poly Furniture/Electronics/Pc.fbx
  artifactKey: Guid(69ed8fae6523742f58279b910e0c30d6) Importer(815301076,1909f56bfc062723c751e8b465ee728b)
Start importing Assets/Models/FurniturePack/Low Poly Furniture/Electronics/Pc.fbx using Guid(69ed8fae6523742f58279b910e0c30d6) Importer(815301076,1909f56bfc062723c751e8b465ee728b) [PhysX] Initialized MultithreadedTaskDispatcher with 8 workers.
[PhysX] Initialized MultithreadedTaskDispatcher with 8 workers.
[PhysX] Initialized MultithreadedTaskDispatcher with 8 workers.
[PhysX] Initialized MultithreadedTaskDispatcher with 8 workers.
[PhysX] Initialized MultithreadedTaskDispatcher with 8 workers.
 -> (artifact id: '5f3f277c94d9d7689ecc66da99c90f45') in 0.027185 seconds
Number of updated asset objects reloaded before import = 0
Number of asset objects unloaded after import = 9
========================================================================
Received Import Request.
  Time since last request: 0.000019 seconds.
  path: Assets/Models/FurniturePack/Low Poly Furniture/Electronics/Phone.fbx
  artifactKey: Guid(8bfa3214840fd3a809296c8586d51bb2) Importer(815301076,1909f56bfc062723c751e8b465ee728b)
Start importing Assets/Models/FurniturePack/Low Poly Furniture/Electronics/Phone.fbx using Guid(8bfa3214840fd3a809296c8586d51bb2) Importer(815301076,1909f56bfc062723c751e8b465ee728b) [PhysX] Initialized MultithreadedTaskDispatcher with 8 workers.
[PhysX] Initialized MultithreadedTaskDispatcher with 8 workers.
[PhysX] Initialized MultithreadedTaskDispatcher with 8 workers.
[PhysX] Initialized MultithreadedTaskDispatcher with 8 workers.
[PhysX] Initialized MultithreadedTaskDispatcher with 8 workers.
[PhysX] Initialized MultithreadedTaskDispatcher with 8 workers.
 -> (artifact id: '942b9927a1667315b46d94837ed6de7f') in 0.028300 seconds
Number of updated asset objects reloaded before import = 0
Number of asset objects unloaded after import = 10
========================================================================
Received Import Request.
  Time since last request: 0.018674 seconds.
  path: Assets/Models/FurniturePack/Low Poly Furniture/Sofas/Sofa A.fbx
  artifactKey: Guid(865952829d8cb1c8a90d807fd6e831a0) Importer(815301076,1909f56bfc062723c751e8b465ee728b)
Start importing Assets/Models/FurniturePack/Low Poly Furniture/Sofas/Sofa A.fbx using Guid(865952829d8cb1c8a90d807fd6e831a0) Importer(815301076,1909f56bfc062723c751e8b465ee728b) [PhysX] Initialized MultithreadedTaskDispatcher with 8 workers.
[PhysX] Initialized MultithreadedTaskDispatcher with 8 workers.
[PhysX] Initialized MultithreadedTaskDispatcher with 8 workers.
[PhysX] Initialized MultithreadedTaskDispatcher with 8 workers.
[PhysX] Initialized MultithreadedTaskDispatcher with 8 workers.
 -> (artifact id: '456e38f5149671cb0cb2ec6b0c152a5e') in 0.028503 seconds
Number of updated asset objects reloaded before import = 0
Number of asset objects unloaded after import = 9
========================================================================
Received Import Request.
  Time since last request: 0.000023 seconds.
  path: Assets/Models/FurniturePack/Low Poly Furniture/Shelves/Wall Shelf B.fbx
  artifactKey: Guid(f4d6d426ffd94d682adccb952971e74c) Importer(815301076,1909f56bfc062723c751e8b465ee728b)
Start importing Assets/Models/FurniturePack/Low Poly Furniture/Shelves/Wall Shelf B.fbx using Guid(f4d6d426ffd94d682adccb952971e74c) Importer(815301076,1909f56bfc062723c751e8b465ee728b) [PhysX] Initialized MultithreadedTaskDispatcher with 8 workers.
[PhysX] Initialized MultithreadedTaskDispatcher with 8 workers.
[PhysX] Initialized MultithreadedTaskDispatcher with 8 workers.
[PhysX] Initialized MultithreadedTaskDispatcher with 8 workers.
 -> (artifact id: '8d1e53bba0a721ca602796f6f219847b') in 0.015694 seconds
Number of updated asset objects reloaded before import = 0
Number of asset objects unloaded after import = 8
========================================================================
Received Import Request.
  Time since last request: 0.264848 seconds.
  path: Assets/Models/FurniturePack/Low Poly Furniture/Chairs/Chair B.fbx
  artifactKey: Guid(67cbbfa533c26a0c481de16e765878c0) Importer(815301076,1909f56bfc062723c751e8b465ee728b)
Start importing Assets/Models/FurniturePack/Low Poly Furniture/Chairs/Chair B.fbx using Guid(67cbbfa533c26a0c481de16e765878c0) Importer(815301076,1909f56bfc062723c751e8b465ee728b) [PhysX] Initialized MultithreadedTaskDispatcher with 8 workers.
[PhysX] Initialized MultithreadedTaskDispatcher with 8 workers.
[PhysX] Initialized MultithreadedTaskDispatcher with 8 workers.
[PhysX] Initialized MultithreadedTaskDispatcher with 8 workers.
[PhysX] Initialized MultithreadedTaskDispatcher with 8 workers.
 -> (artifact id: '6ee87d600f92d829e974ff1f914e0ac3') in 0.042496 seconds
Number of updated asset objects reloaded before import = 0
Number of asset objects unloaded after import = 9
========================================================================
Received Import Request.
  Time since last request: 0.910083 seconds.
  path: Assets/Models/FurniturePack/Low Poly Furniture/Shelves/Shelf D.fbx
  artifactKey: Guid(a746a6e3800c9833db39025fb515de08) Importer(815301076,1909f56bfc062723c751e8b465ee728b)
Start importing Assets/Models/FurniturePack/Low Poly Furniture/Shelves/Shelf D.fbx using Guid(a746a6e3800c9833db39025fb515de08) Importer(815301076,1909f56bfc062723c751e8b465ee728b) [PhysX] Initialized MultithreadedTaskDispatcher with 8 workers.
[PhysX] Initialized MultithreadedTaskDispatcher with 8 workers.
[PhysX] Initialized MultithreadedTaskDispatcher with 8 workers.
[PhysX] Initialized MultithreadedTaskDispatcher with 8 workers.
 -> (artifact id: 'cb00431f315f7d4434f334dad6d2366e') in 0.027872 seconds
Number of updated asset objects reloaded before import = 0
Number of asset objects unloaded after import = 8
========================================================================
Received Import Request.
  Time since last request: 0.005863 seconds.
  path: Assets/Models/FurniturePack/Low Poly Furniture/Beds/Triple Bunk Bed.fbx
  artifactKey: Guid(88f7f3f4961cab878a501a3d48d8d3d1) Importer(815301076,1909f56bfc062723c751e8b465ee728b)
Start importing Assets/Models/FurniturePack/Low Poly Furniture/Beds/Triple Bunk Bed.fbx using Guid(88f7f3f4961cab878a501a3d48d8d3d1) Importer(815301076,1909f56bfc062723c751e8b465ee728b) [PhysX] Initialized MultithreadedTaskDispatcher with 8 workers.
[PhysX] Initialized MultithreadedTaskDispatcher with 8 workers.
[PhysX] Initialized MultithreadedTaskDispatcher with 8 workers.
[PhysX] Initialized MultithreadedTaskDispatcher with 8 workers.
[PhysX] Initialized MultithreadedTaskDispatcher with 8 workers.
[PhysX] Initialized MultithreadedTaskDispatcher with 8 workers.
 -> (artifact id: '1c94e906e2782a2a0dbd4857f004afc5') in 0.042045 seconds
Number of updated asset objects reloaded before import = 0
Number of asset objects unloaded after import = 10
========================================================================
Received Import Request.
  Time since last request: 0.034304 seconds.
  path: Assets/Models/FurniturePack/Low Poly Furniture/Shelves/Shelf E.fbx
  artifactKey: Guid(88cb9cde9b8ad3098be737164cc9efb8) Importer(815301076,1909f56bfc062723c751e8b465ee728b)
Start importing Assets/Models/FurniturePack/Low Poly Furniture/Shelves/Shelf E.fbx using Guid(88cb9cde9b8ad3098be737164cc9efb8) Importer(815301076,1909f56bfc062723c751e8b465ee728b) [PhysX] Initialized MultithreadedTaskDispatcher with 8 workers.
[PhysX] Initialized MultithreadedTaskDispatcher with 8 workers.
[PhysX] Initialized MultithreadedTaskDispatcher with 8 workers.
[PhysX] Initialized MultithreadedTaskDispatcher with 8 workers.
 -> (artifact id: '8a6b9238683f8035fa709714d5860474') in 0.020159 seconds
Number of updated asset objects reloaded before import = 0
Number of asset objects unloaded after import = 8
========================================================================
Received Import Request.
  Time since last request: 0.323948 seconds.
  path: Assets/Models/FurniturePack/Low Poly Furniture/Shelves/Shelf A.fbx
  artifactKey: Guid(91d98d86cf681a02bb30226a5e1c9b0a) Importer(815301076,1909f56bfc062723c751e8b465ee728b)
Start importing Assets/Models/FurniturePack/Low Poly Furniture/Shelves/Shelf A.fbx using Guid(91d98d86cf681a02bb30226a5e1c9b0a) Importer(815301076,1909f56bfc062723c751e8b465ee728b) [PhysX] Initialized MultithreadedTaskDispatcher with 8 workers.
[PhysX] Initialized MultithreadedTaskDispatcher with 8 workers.
[PhysX] Initialized MultithreadedTaskDispatcher with 8 workers.
[PhysX] Initialized MultithreadedTaskDispatcher with 8 workers.
[PhysX] Initialized MultithreadedTaskDispatcher with 8 workers.
[PhysX] Initialized MultithreadedTaskDispatcher with 8 workers.
[PhysX] Initialized MultithreadedTaskDispatcher with 8 workers.
[PhysX] Initialized MultithreadedTaskDispatcher with 8 workers.
 -> (artifact id: '3fbb074d7da9f811e0917aaf08e385f1') in 0.048955 seconds
Number of updated asset objects reloaded before import = 0
Number of asset objects unloaded after import = 17
========================================================================
Received Import Request.
  Time since last request: 0.000023 seconds.
  path: Assets/Models/FurniturePack/Low Poly Furniture/Drawers/Drawer A.fbx
  artifactKey: Guid(5ece7ba00933af5329d5d2d428a18f96) Importer(815301076,1909f56bfc062723c751e8b465ee728b)
Start importing Assets/Models/FurniturePack/Low Poly Furniture/Drawers/Drawer A.fbx using Guid(5ece7ba00933af5329d5d2d428a18f96) Importer(815301076,1909f56bfc062723c751e8b465ee728b) [PhysX] Initialized MultithreadedTaskDispatcher with 8 workers.
[PhysX] Initialized MultithreadedTaskDispatcher with 8 workers.
[PhysX] Initialized MultithreadedTaskDispatcher with 8 workers.
[PhysX] Initialized MultithreadedTaskDispatcher with 8 workers.
[PhysX] Initialized MultithreadedTaskDispatcher with 8 workers.
[PhysX] Initialized MultithreadedTaskDispatcher with 8 workers.
[PhysX] Initialized MultithreadedTaskDispatcher with 8 workers.
[PhysX] Initialized MultithreadedTaskDispatcher with 8 workers.
[PhysX] Initialized MultithreadedTaskDispatcher with 8 workers.
[PhysX] Initialized MultithreadedTaskDispatcher with 8 workers.
[PhysX] Initialized MultithreadedTaskDispatcher with 8 workers.
[PhysX] Initialized MultithreadedTaskDispatcher with 8 workers.
[PhysX] Initialized MultithreadedTaskDispatcher with 8 workers.
[PhysX] Initialized MultithreadedTaskDispatcher with 8 workers.
[PhysX] Initialized MultithreadedTaskDispatcher with 8 workers.
[PhysX] Initialized MultithreadedTaskDispatcher with 8 workers.
[PhysX] Initialized MultithreadedTaskDispatcher with 8 workers.
[PhysX] Initialized MultithreadedTaskDispatcher with 8 workers.
[PhysX] Initialized MultithreadedTaskDispatcher with 8 workers.
[PhysX] Initialized MultithreadedTaskDispatcher with 8 workers.
 -> (artifact id: 'ee77e41c18089661c4fd2d4e8610cab8') in 0.107852 seconds
Number of updated asset objects reloaded before import = 0
Number of asset objects unloaded after import = 46
========================================================================
Received Prepare
Caller must complete domain reload
Begin MonoManager ReloadAssembly
- Loaded All Assemblies, in  0.481 seconds
Native extension for LinuxStandalone target not found
Native extension for WindowsStandalone target not found
Mono: successfully reloaded assembly
- Finished resetting the current domain, in  1.103 seconds
Domain Reload Profiling: 1583ms
	BeginReloadAssembly (155ms)
		ExecutionOrderSort (0ms)
		DisableScriptedObjects (5ms)
		BackupInstance (0ms)
		ReleaseScriptingObjects (0ms)
		CreateAndSetChildDomain (49ms)
	RebuildCommonClasses (46ms)
	RebuildNativeTypeToScriptingClass (13ms)
	initialDomainReloadingComplete (40ms)
	LoadAllAssembliesAndSetupDomain (225ms)
		LoadAssemblies (268ms)
		RebuildTransferFunctionScriptingTraits (0ms)
		AnalyzeDomain (25ms)
			TypeCache.Refresh (9ms)
				TypeCache.ScanAssembly (0ms)
			ScanForSourceGeneratedMonoScriptInfo (8ms)
			ResolveRequiredComponents (6ms)
	FinalizeReload (1104ms)
		ReleaseScriptCaches (0ms)
		RebuildScriptCaches (0ms)
		SetupLoadedEditorAssemblies (680ms)
			LogAssemblyErrors (0ms)
			InitializePlatformSupportModulesInManaged (50ms)
			SetLoadedEditorAssemblies (9ms)
			RefreshPlugins (0ms)
			BeforeProcessingInitializeOnLoad (92ms)
			ProcessInitializeOnLoadAttributes (472ms)
			ProcessInitializeOnLoadMethodAttributes (47ms)
			AfterProcessingInitializeOnLoad (9ms)
			EditorAssembliesLoaded (0ms)
		ExecutionOrderSort2 (0ms)
		AwakeInstancesAfterBackupRestoration (7ms)
Refreshing native plugins compatible for Editor in 1.60 ms, found 0 plugins.
Preloading 0 native plugins for Editor in 0.00 ms.
Unloading 3252 Unused Serialized files (Serialized files now loaded: 0)
Unloading 14 unused Assets / (28.6 KB). Loaded Objects now: 3974.
Memory consumption went from 134.4 MB to 134.4 MB.
Total: 9.994499 ms (FindLiveObjects: 1.188640 ms CreateObjectMapping: 0.698332 ms MarkObjects: 8.032136 ms  DeleteObjects: 0.070667 ms)

Prepare: number of updated asset objects reloaded= 0
AssetImportParameters requested are different than current active one (requested -> active):
  custom:container-demuxer-ogg: 62fdf1f143b41e24485cea50d1cbac27 -> 
  custom:scripting/monoscript/fileName/HandScript.cs: ab82d9b432b4ff3c2be587dcfc2ef88f -> f6d2d9607a041472806e778f6397f6ff
  custom:scripting/monoscript/fileName/GunScript.cs: 6a8d5652f919b70c5522b0348dc3dc24 -> adaec7589872e88b61019be0f1bdc549
  custom:video-decoder-ogg-theora: a1e56fd34408186e4bbccfd4996cb3dc -> 
  custom:scripting/monoscript/fileName/BulletScript.cs: 13477a3b0c98cca55096ea1dcfe934dc -> d888d721bde78eacda1c314a50a2cf74
  custom:CustomObjectIndexerAttribute: 232f87dd983dbecb2a4e21e08eb2cef8 -> 
  custom:container-demuxer-webm: 4f35f7cbe854078d1ac9338744f61a02 -> 
  custom:scripting/monoscript/fileName/ClipScript.cs: d454b9a64ca33d8936f1fee1d0b94333 -> a47e0092d1d896ccc176e69669d3233d
  custom:container-muxer-webm: aa71ff27fc2769a1b78a27578f13a17b -> 
  custom:video-decoder-webm-vp8: 9c59270c3fd7afecdb556c50c9e8de78 -> 
  custom:scripting/monoscript/fileName/MovementScript.cs: 0602eb1700489a3ab9cb01ec15ee773a -> 9a1daee93d0a505568922467e5a5e2e0
  custom:SearchIndexIgnoredProperties: e643bd26f0fe6173181afceb89e7c659 -> 
  custom:AudioImporter_EditorPlatform: 2f0ff77a95e0ac474e3e8eeba4e2f7cb -> 
  custom:video-encoder-webm-vp8: eb34c28f22e8b96e1ab97ce403110664 -> 
  custom:audio-decoder-ogg-vorbis: bf7c407c2cedff20999df2af8eb42d56 -> 
  custom:scripting/monoscript/fileName/Item.cs: c2b7fc65fe255f985743270ca947d8ec -> edfd25bbe8f561e55c7415f9c3adacfe
  custom:audio-encoder-webm-vorbis: bf7c407c2cedff20999df2af8eb42d56 -> 
  custom:scripting/precompiled-assembly-types:Assembly-CSharp: 49e6c1e388f3b0c5149ffcf1dd74b342 -> 14f21d8c89919019ed129879e7927412
========================================================================
Received Prepare
Caller must complete domain reload
Begin MonoManager ReloadAssembly
- Loaded All Assemblies, in  0.481 seconds
Native extension for LinuxStandalone target not found
Native extension for WindowsStandalone target not found
Mono: successfully reloaded assembly
- Finished resetting the current domain, in  1.111 seconds
Domain Reload Profiling: 1592ms
	BeginReloadAssembly (153ms)
		ExecutionOrderSort (0ms)
		DisableScriptedObjects (7ms)
		BackupInstance (0ms)
		ReleaseScriptingObjects (0ms)
		CreateAndSetChildDomain (46ms)
	RebuildCommonClasses (45ms)
	RebuildNativeTypeToScriptingClass (13ms)
	initialDomainReloadingComplete (38ms)
	LoadAllAssembliesAndSetupDomain (231ms)
		LoadAssemblies (270ms)
		RebuildTransferFunctionScriptingTraits (0ms)
		AnalyzeDomain (27ms)
			TypeCache.Refresh (9ms)
				TypeCache.ScanAssembly (0ms)
			ScanForSourceGeneratedMonoScriptInfo (10ms)
			ResolveRequiredComponents (6ms)
	FinalizeReload (1112ms)
		ReleaseScriptCaches (0ms)
		RebuildScriptCaches (0ms)
		SetupLoadedEditorAssemblies (684ms)
			LogAssemblyErrors (0ms)
			InitializePlatformSupportModulesInManaged (57ms)
			SetLoadedEditorAssemblies (9ms)
			RefreshPlugins (0ms)
			BeforeProcessingInitializeOnLoad (103ms)
			ProcessInitializeOnLoadAttributes (466ms)
			ProcessInitializeOnLoadMethodAttributes (43ms)
			AfterProcessingInitializeOnLoad (7ms)
			EditorAssembliesLoaded (0ms)
		ExecutionOrderSort2 (0ms)
		AwakeInstancesAfterBackupRestoration (10ms)
Refreshing native plugins compatible for Editor in 1.18 ms, found 0 plugins.
Preloading 0 native plugins for Editor in 0.00 ms.
Unloading 3253 Unused Serialized files (Serialized files now loaded: 0)
Unloading 14 unused Assets / (28.7 KB). Loaded Objects now: 3978.
Memory consumption went from 134.7 MB to 134.6 MB.
Total: 6.901449 ms (FindLiveObjects: 0.374586 ms CreateObjectMapping: 0.369356 ms MarkObjects: 6.095341 ms  DeleteObjects: 0.060676 ms)

Prepare: number of updated asset objects reloaded= 0
AssetImportParameters requested are different than current active one (requested -> active):
  custom:container-demuxer-ogg: 62fdf1f143b41e24485cea50d1cbac27 -> 
  custom:scripting/monoscript/fileName/HandScript.cs: ab82d9b432b4ff3c2be587dcfc2ef88f -> f6d2d9607a041472806e778f6397f6ff
  custom:scripting/monoscript/fileName/GunScript.cs: 6a8d5652f919b70c5522b0348dc3dc24 -> adaec7589872e88b61019be0f1bdc549
  custom:video-decoder-ogg-theora: a1e56fd34408186e4bbccfd4996cb3dc -> 
  custom:scripting/monoscript/fileName/BulletScript.cs: 13477a3b0c98cca55096ea1dcfe934dc -> d888d721bde78eacda1c314a50a2cf74
  custom:CustomObjectIndexerAttribute: 232f87dd983dbecb2a4e21e08eb2cef8 -> 
  custom:container-demuxer-webm: 4f35f7cbe854078d1ac9338744f61a02 -> 
  custom:scripting/monoscript/fileName/ClipScript.cs: d454b9a64ca33d8936f1fee1d0b94333 -> a47e0092d1d896ccc176e69669d3233d
  custom:container-muxer-webm: aa71ff27fc2769a1b78a27578f13a17b -> 
  custom:video-decoder-webm-vp8: 9c59270c3fd7afecdb556c50c9e8de78 -> 
  custom:scripting/monoscript/fileName/MovementScript.cs: 0602eb1700489a3ab9cb01ec15ee773a -> 9a1daee93d0a505568922467e5a5e2e0
  custom:SearchIndexIgnoredProperties: e643bd26f0fe6173181afceb89e7c659 -> 
  custom:AudioImporter_EditorPlatform: 2f0ff77a95e0ac474e3e8eeba4e2f7cb -> 
  custom:video-encoder-webm-vp8: eb34c28f22e8b96e1ab97ce403110664 -> 
  custom:audio-decoder-ogg-vorbis: bf7c407c2cedff20999df2af8eb42d56 -> 
  custom:scripting/monoscript/fileName/Item.cs: c2b7fc65fe255f985743270ca947d8ec -> edfd25bbe8f561e55c7415f9c3adacfe
  custom:audio-encoder-webm-vorbis: bf7c407c2cedff20999df2af8eb42d56 -> 
  custom:scripting/precompiled-assembly-types:Assembly-CSharp: 49e6c1e388f3b0c5149ffcf1dd74b342 -> 14f21d8c89919019ed129879e7927412
========================================================================
Received Prepare
Caller must complete domain reload
Begin MonoManager ReloadAssembly
- Loaded All Assemblies, in  0.506 seconds
Native extension for LinuxStandalone target not found
Native extension for WindowsStandalone target not found
Mono: successfully reloaded assembly
- Finished resetting the current domain, in  1.107 seconds
Domain Reload Profiling: 1613ms
	BeginReloadAssembly (153ms)
		ExecutionOrderSort (0ms)
		DisableScriptedObjects (7ms)
		BackupInstance (0ms)
		ReleaseScriptingObjects (0ms)
		CreateAndSetChildDomain (47ms)
	RebuildCommonClasses (51ms)
	RebuildNativeTypeToScriptingClass (13ms)
	initialDomainReloadingComplete (38ms)
	LoadAllAssembliesAndSetupDomain (252ms)
		LoadAssemblies (283ms)
		RebuildTransferFunctionScriptingTraits (0ms)
		AnalyzeDomain (35ms)
			TypeCache.Refresh (12ms)
				TypeCache.ScanAssembly (0ms)
			ScanForSourceGeneratedMonoScriptInfo (13ms)
			ResolveRequiredComponents (8ms)
	FinalizeReload (1108ms)
		ReleaseScriptCaches (0ms)
		RebuildScriptCaches (0ms)
		SetupLoadedEditorAssemblies (674ms)
			LogAssemblyErrors (0ms)
			InitializePlatformSupportModulesInManaged (60ms)
			SetLoadedEditorAssemblies (12ms)
			RefreshPlugins (0ms)
			BeforeProcessingInitializeOnLoad (100ms)
			ProcessInitializeOnLoadAttributes (452ms)
			ProcessInitializeOnLoadMethodAttributes (40ms)
			AfterProcessingInitializeOnLoad (8ms)
			EditorAssembliesLoaded (0ms)
		ExecutionOrderSort2 (0ms)
		AwakeInstancesAfterBackupRestoration (8ms)
Refreshing native plugins compatible for Editor in 1.47 ms, found 0 plugins.
Preloading 0 native plugins for Editor in 0.00 ms.
Unloading 3253 Unused Serialized files (Serialized files now loaded: 0)
Unloading 14 unused Assets / (28.7 KB). Loaded Objects now: 3982.
Memory consumption went from 134.7 MB to 134.6 MB.
Total: 3.843671 ms (FindLiveObjects: 0.300004 ms CreateObjectMapping: 0.212945 ms MarkObjects: 3.262000 ms  DeleteObjects: 0.066876 ms)

Prepare: number of updated asset objects reloaded= 0
AssetImportParameters requested are different than current active one (requested -> active):
  custom:container-demuxer-ogg: 62fdf1f143b41e24485cea50d1cbac27 -> 
  custom:scripting/monoscript/fileName/HandScript.cs: ab82d9b432b4ff3c2be587dcfc2ef88f -> f6d2d9607a041472806e778f6397f6ff
  custom:scripting/monoscript/fileName/GunScript.cs: 6a8d5652f919b70c5522b0348dc3dc24 -> adaec7589872e88b61019be0f1bdc549
  custom:video-decoder-ogg-theora: a1e56fd34408186e4bbccfd4996cb3dc -> 
  custom:scripting/monoscript/fileName/BulletScript.cs: 13477a3b0c98cca55096ea1dcfe934dc -> d888d721bde78eacda1c314a50a2cf74
  custom:CustomObjectIndexerAttribute: 232f87dd983dbecb2a4e21e08eb2cef8 -> 
  custom:container-demuxer-webm: 4f35f7cbe854078d1ac9338744f61a02 -> 
  custom:scripting/monoscript/fileName/ClipScript.cs: d454b9a64ca33d8936f1fee1d0b94333 -> a47e0092d1d896ccc176e69669d3233d
  custom:container-muxer-webm: aa71ff27fc2769a1b78a27578f13a17b -> 
  custom:video-decoder-webm-vp8: 9c59270c3fd7afecdb556c50c9e8de78 -> 
  custom:scripting/monoscript/fileName/MovementScript.cs: 0602eb1700489a3ab9cb01ec15ee773a -> 9a1daee93d0a505568922467e5a5e2e0
  custom:SearchIndexIgnoredProperties: e643bd26f0fe6173181afceb89e7c659 -> 
  custom:AudioImporter_EditorPlatform: 2f0ff77a95e0ac474e3e8eeba4e2f7cb -> 
  custom:video-encoder-webm-vp8: eb34c28f22e8b96e1ab97ce403110664 -> 
  custom:audio-decoder-ogg-vorbis: bf7c407c2cedff20999df2af8eb42d56 -> 
  custom:scripting/monoscript/fileName/Item.cs: c2b7fc65fe255f985743270ca947d8ec -> edfd25bbe8f561e55c7415f9c3adacfe
  custom:audio-encoder-webm-vorbis: bf7c407c2cedff20999df2af8eb42d56 -> 
  custom:scripting/precompiled-assembly-types:Assembly-CSharp: 49e6c1e388f3b0c5149ffcf1dd74b342 -> 14f21d8c89919019ed129879e7927412
========================================================================
Received Prepare
Caller must complete domain reload
Begin MonoManager ReloadAssembly
- Loaded All Assemblies, in  0.510 seconds
Native extension for LinuxStandalone target not found
Native extension for WindowsStandalone target not found
Mono: successfully reloaded assembly
- Finished resetting the current domain, in  1.164 seconds
Domain Reload Profiling: 1673ms
	BeginReloadAssembly (171ms)
		ExecutionOrderSort (0ms)
		DisableScriptedObjects (7ms)
		BackupInstance (0ms)
		ReleaseScriptingObjects (0ms)
		CreateAndSetChildDomain (48ms)
	RebuildCommonClasses (43ms)
	RebuildNativeTypeToScriptingClass (13ms)
	initialDomainReloadingComplete (37ms)
	LoadAllAssembliesAndSetupDomain (244ms)
		LoadAssemblies (298ms)
		RebuildTransferFunctionScriptingTraits (0ms)
		AnalyzeDomain (29ms)
			TypeCache.Refresh (10ms)
				TypeCache.ScanAssembly (0ms)
			ScanForSourceGeneratedMonoScriptInfo (10ms)
			ResolveRequiredComponents (8ms)
	FinalizeReload (1165ms)
		ReleaseScriptCaches (0ms)
		RebuildScriptCaches (0ms)
		SetupLoadedEditorAssemblies (701ms)
			LogAssemblyErrors (0ms)
			InitializePlatformSupportModulesInManaged (62ms)
			SetLoadedEditorAssemblies (8ms)
			RefreshPlugins (0ms)
			BeforeProcessingInitializeOnLoad (112ms)
			ProcessInitializeOnLoadAttributes (478ms)
			ProcessInitializeOnLoadMethodAttributes (32ms)
			AfterProcessingInitializeOnLoad (9ms)
			EditorAssembliesLoaded (0ms)
		ExecutionOrderSort2 (0ms)
		AwakeInstancesAfterBackupRestoration (10ms)
Refreshing native plugins compatible for Editor in 1.11 ms, found 0 plugins.
Preloading 0 native plugins for Editor in 0.00 ms.
Unloading 3253 Unused Serialized files (Serialized files now loaded: 0)
Unloading 14 unused Assets / (28.7 KB). Loaded Objects now: 3986.
Memory consumption went from 134.7 MB to 134.6 MB.
Total: 7.116030 ms (FindLiveObjects: 0.361380 ms CreateObjectMapping: 0.415811 ms MarkObjects: 6.209002 ms  DeleteObjects: 0.127785 ms)

Prepare: number of updated asset objects reloaded= 0
AssetImportParameters requested are different than current active one (requested -> active):
  custom:container-demuxer-ogg: 62fdf1f143b41e24485cea50d1cbac27 -> 
  custom:scripting/monoscript/fileName/HandScript.cs: ab82d9b432b4ff3c2be587dcfc2ef88f -> f6d2d9607a041472806e778f6397f6ff
  custom:scripting/monoscript/fileName/GunScript.cs: 6a8d5652f919b70c5522b0348dc3dc24 -> adaec7589872e88b61019be0f1bdc549
  custom:video-decoder-ogg-theora: a1e56fd34408186e4bbccfd4996cb3dc -> 
  custom:scripting/monoscript/fileName/BulletScript.cs: 13477a3b0c98cca55096ea1dcfe934dc -> d888d721bde78eacda1c314a50a2cf74
  custom:CustomObjectIndexerAttribute: 232f87dd983dbecb2a4e21e08eb2cef8 -> 
  custom:container-demuxer-webm: 4f35f7cbe854078d1ac9338744f61a02 -> 
  custom:scripting/monoscript/fileName/ClipScript.cs: d454b9a64ca33d8936f1fee1d0b94333 -> a47e0092d1d896ccc176e69669d3233d
  custom:container-muxer-webm: aa71ff27fc2769a1b78a27578f13a17b -> 
  custom:video-decoder-webm-vp8: 9c59270c3fd7afecdb556c50c9e8de78 -> 
  custom:scripting/monoscript/fileName/MovementScript.cs: 0602eb1700489a3ab9cb01ec15ee773a -> 9a1daee93d0a505568922467e5a5e2e0
  custom:SearchIndexIgnoredProperties: e643bd26f0fe6173181afceb89e7c659 -> 
  custom:AudioImporter_EditorPlatform: 2f0ff77a95e0ac474e3e8eeba4e2f7cb -> 
  custom:video-encoder-webm-vp8: eb34c28f22e8b96e1ab97ce403110664 -> 
  custom:audio-decoder-ogg-vorbis: bf7c407c2cedff20999df2af8eb42d56 -> 
  custom:scripting/monoscript/fileName/Item.cs: c2b7fc65fe255f985743270ca947d8ec -> edfd25bbe8f561e55c7415f9c3adacfe
  custom:audio-encoder-webm-vorbis: bf7c407c2cedff20999df2af8eb42d56 -> 
  custom:scripting/precompiled-assembly-types:Assembly-CSharp: 49e6c1e388f3b0c5149ffcf1dd74b342 -> 14f21d8c89919019ed129879e7927412
========================================================================
Received Prepare
Caller must complete domain reload
Begin MonoManager ReloadAssembly
- Loaded All Assemblies, in  0.499 seconds
Native extension for LinuxStandalone target not found
Native extension for WindowsStandalone target not found
Mono: successfully reloaded assembly
- Finished resetting the current domain, in  1.096 seconds
Domain Reload Profiling: 1595ms
	BeginReloadAssembly (172ms)
		ExecutionOrderSort (0ms)
		DisableScriptedObjects (7ms)
		BackupInstance (0ms)
		ReleaseScriptingObjects (0ms)
		CreateAndSetChildDomain (46ms)
	RebuildCommonClasses (47ms)
	RebuildNativeTypeToScriptingClass (13ms)
	initialDomainReloadingComplete (38ms)
	LoadAllAssembliesAndSetupDomain (227ms)
		LoadAssemblies (286ms)
		RebuildTransferFunctionScriptingTraits (0ms)
		AnalyzeDomain (27ms)
			TypeCache.Refresh (9ms)
				TypeCache.ScanAssembly (0ms)
			ScanForSourceGeneratedMonoScriptInfo (10ms)
			ResolveRequiredComponents (6ms)
	FinalizeReload (1097ms)
		ReleaseScriptCaches (0ms)
		RebuildScriptCaches (0ms)
		SetupLoadedEditorAssemblies (687ms)
			LogAssemblyErrors (0ms)
			InitializePlatformSupportModulesInManaged (67ms)
			SetLoadedEditorAssemblies (11ms)
			RefreshPlugins (0ms)
			BeforeProcessingInitializeOnLoad (122ms)
			ProcessInitializeOnLoadAttributes (446ms)
			ProcessInitializeOnLoadMethodAttributes (33ms)
			AfterProcessingInitializeOnLoad (8ms)
			EditorAssembliesLoaded (0ms)
		ExecutionOrderSort2 (0ms)
		AwakeInstancesAfterBackupRestoration (5ms)
Refreshing native plugins compatible for Editor in 1.61 ms, found 0 plugins.
Preloading 0 native plugins for Editor in 0.00 ms.
Unloading 3253 Unused Serialized files (Serialized files now loaded: 0)
Unloading 14 unused Assets / (28.5 KB). Loaded Objects now: 3990.
Memory consumption went from 134.7 MB to 134.6 MB.
Total: 8.408818 ms (FindLiveObjects: 0.344465 ms CreateObjectMapping: 0.263398 ms MarkObjects: 7.710611 ms  DeleteObjects: 0.088781 ms)

Prepare: number of updated asset objects reloaded= 0
AssetImportParameters requested are different than current active one (requested -> active):
  custom:container-demuxer-ogg: 62fdf1f143b41e24485cea50d1cbac27 -> 
  custom:scripting/monoscript/fileName/HandScript.cs: ab82d9b432b4ff3c2be587dcfc2ef88f -> f6d2d9607a041472806e778f6397f6ff
  custom:scripting/monoscript/fileName/GunScript.cs: 6a8d5652f919b70c5522b0348dc3dc24 -> adaec7589872e88b61019be0f1bdc549
  custom:video-decoder-ogg-theora: a1e56fd34408186e4bbccfd4996cb3dc -> 
  custom:scripting/monoscript/fileName/BulletScript.cs: 13477a3b0c98cca55096ea1dcfe934dc -> d888d721bde78eacda1c314a50a2cf74
  custom:CustomObjectIndexerAttribute: 232f87dd983dbecb2a4e21e08eb2cef8 -> 
  custom:container-demuxer-webm: 4f35f7cbe854078d1ac9338744f61a02 -> 
  custom:scripting/monoscript/fileName/ClipScript.cs: d454b9a64ca33d8936f1fee1d0b94333 -> a47e0092d1d896ccc176e69669d3233d
  custom:container-muxer-webm: aa71ff27fc2769a1b78a27578f13a17b -> 
  custom:video-decoder-webm-vp8: 9c59270c3fd7afecdb556c50c9e8de78 -> 
  custom:scripting/monoscript/fileName/MovementScript.cs: 0602eb1700489a3ab9cb01ec15ee773a -> 9a1daee93d0a505568922467e5a5e2e0
  custom:SearchIndexIgnoredProperties: e643bd26f0fe6173181afceb89e7c659 -> 
  custom:AudioImporter_EditorPlatform: 2f0ff77a95e0ac474e3e8eeba4e2f7cb -> 
  custom:video-encoder-webm-vp8: eb34c28f22e8b96e1ab97ce403110664 -> 
  custom:audio-decoder-ogg-vorbis: bf7c407c2cedff20999df2af8eb42d56 -> 
  custom:scripting/monoscript/fileName/Item.cs: c2b7fc65fe255f985743270ca947d8ec -> edfd25bbe8f561e55c7415f9c3adacfe
  custom:audio-encoder-webm-vorbis: bf7c407c2cedff20999df2af8eb42d56 -> 
  custom:scripting/precompiled-assembly-types:Assembly-CSharp: 49e6c1e388f3b0c5149ffcf1dd74b342 -> 14f21d8c89919019ed129879e7927412
========================================================================
Received Prepare
Caller must complete domain reload
Begin MonoManager ReloadAssembly
- Loaded All Assemblies, in  0.489 seconds
Native extension for LinuxStandalone target not found
Native extension for WindowsStandalone target not found
Mono: successfully reloaded assembly
- Finished resetting the current domain, in  1.106 seconds
Domain Reload Profiling: 1595ms
	BeginReloadAssembly (159ms)
		ExecutionOrderSort (0ms)
		DisableScriptedObjects (7ms)
		BackupInstance (0ms)
		ReleaseScriptingObjects (0ms)
		CreateAndSetChildDomain (53ms)
	RebuildCommonClasses (49ms)
	RebuildNativeTypeToScriptingClass (13ms)
	initialDomainReloadingComplete (39ms)
	LoadAllAssembliesAndSetupDomain (229ms)
		LoadAssemblies (267ms)
		RebuildTransferFunctionScriptingTraits (0ms)
		AnalyzeDomain (27ms)
			TypeCache.Refresh (9ms)
				TypeCache.ScanAssembly (0ms)
			ScanForSourceGeneratedMonoScriptInfo (9ms)
			ResolveRequiredComponents (7ms)
	FinalizeReload (1107ms)
		ReleaseScriptCaches (0ms)
		RebuildScriptCaches (0ms)
		SetupLoadedEditorAssemblies (678ms)
			LogAssemblyErrors (0ms)
			InitializePlatformSupportModulesInManaged (59ms)
			SetLoadedEditorAssemblies (9ms)
			RefreshPlugins (0ms)
			BeforeProcessingInitializeOnLoad (110ms)
			ProcessInitializeOnLoadAttributes (447ms)
			ProcessInitializeOnLoadMethodAttributes (46ms)
			AfterProcessingInitializeOnLoad (7ms)
			EditorAssembliesLoaded (0ms)
		ExecutionOrderSort2 (0ms)
		AwakeInstancesAfterBackupRestoration (8ms)
Refreshing native plugins compatible for Editor in 2.20 ms, found 0 plugins.
Preloading 0 native plugins for Editor in 0.00 ms.
Unloading 3253 Unused Serialized files (Serialized files now loaded: 0)
Unloading 14 unused Assets / (28.6 KB). Loaded Objects now: 3994.
Memory consumption went from 134.7 MB to 134.6 MB.
Total: 4.055613 ms (FindLiveObjects: 0.389467 ms CreateObjectMapping: 0.263964 ms MarkObjects: 3.340843 ms  DeleteObjects: 0.059958 ms)

Prepare: number of updated asset objects reloaded= 0
AssetImportParameters requested are different than current active one (requested -> active):
  custom:container-demuxer-ogg: 62fdf1f143b41e24485cea50d1cbac27 -> 
  custom:scripting/monoscript/fileName/HandScript.cs: ab82d9b432b4ff3c2be587dcfc2ef88f -> f6d2d9607a041472806e778f6397f6ff
  custom:scripting/monoscript/fileName/GunScript.cs: 6a8d5652f919b70c5522b0348dc3dc24 -> adaec7589872e88b61019be0f1bdc549
  custom:video-decoder-ogg-theora: a1e56fd34408186e4bbccfd4996cb3dc -> 
  custom:scripting/monoscript/fileName/BulletScript.cs: 13477a3b0c98cca55096ea1dcfe934dc -> d888d721bde78eacda1c314a50a2cf74
  custom:CustomObjectIndexerAttribute: 232f87dd983dbecb2a4e21e08eb2cef8 -> 
  custom:container-demuxer-webm: 4f35f7cbe854078d1ac9338744f61a02 -> 
  custom:scripting/monoscript/fileName/ClipScript.cs: d454b9a64ca33d8936f1fee1d0b94333 -> a47e0092d1d896ccc176e69669d3233d
  custom:container-muxer-webm: aa71ff27fc2769a1b78a27578f13a17b -> 
  custom:video-decoder-webm-vp8: 9c59270c3fd7afecdb556c50c9e8de78 -> 
  custom:scripting/monoscript/fileName/MovementScript.cs: 0602eb1700489a3ab9cb01ec15ee773a -> 9a1daee93d0a505568922467e5a5e2e0
  custom:SearchIndexIgnoredProperties: e643bd26f0fe6173181afceb89e7c659 -> 
  custom:AudioImporter_EditorPlatform: 2f0ff77a95e0ac474e3e8eeba4e2f7cb -> 
  custom:video-encoder-webm-vp8: eb34c28f22e8b96e1ab97ce403110664 -> 
  custom:audio-decoder-ogg-vorbis: bf7c407c2cedff20999df2af8eb42d56 -> 
  custom:scripting/monoscript/fileName/Item.cs: c2b7fc65fe255f985743270ca947d8ec -> edfd25bbe8f561e55c7415f9c3adacfe
  custom:audio-encoder-webm-vorbis: bf7c407c2cedff20999df2af8eb42d56 -> 
  custom:scripting/precompiled-assembly-types:Assembly-CSharp: 49e6c1e388f3b0c5149ffcf1dd74b342 -> 14f21d8c89919019ed129879e7927412
========================================================================
Received Prepare
Caller must complete domain reload
Begin MonoManager ReloadAssembly
- Loaded All Assemblies, in  0.492 seconds
Native extension for LinuxStandalone target not found
Native extension for WindowsStandalone target not found
Mono: successfully reloaded assembly
- Finished resetting the current domain, in  1.148 seconds
Domain Reload Profiling: 1640ms
	BeginReloadAssembly (157ms)
		ExecutionOrderSort (0ms)
		DisableScriptedObjects (7ms)
		BackupInstance (0ms)
		ReleaseScriptingObjects (0ms)
		CreateAndSetChildDomain (50ms)
	RebuildCommonClasses (45ms)
	RebuildNativeTypeToScriptingClass (14ms)
	initialDomainReloadingComplete (38ms)
	LoadAllAssembliesAndSetupDomain (238ms)
		LoadAssemblies (273ms)
		RebuildTransferFunctionScriptingTraits (0ms)
		AnalyzeDomain (31ms)
			TypeCache.Refresh (11ms)
				TypeCache.ScanAssembly (0ms)
			ScanForSourceGeneratedMonoScriptInfo (11ms)
			ResolveRequiredComponents (7ms)
	FinalizeReload (1149ms)
		ReleaseScriptCaches (0ms)
		RebuildScriptCaches (0ms)
		SetupLoadedEditorAssemblies (679ms)
			LogAssemblyErrors (0ms)
			InitializePlatformSupportModulesInManaged (56ms)
			SetLoadedEditorAssemblies (6ms)
			RefreshPlugins (0ms)
			BeforeProcessingInitializeOnLoad (108ms)
			ProcessInitializeOnLoadAttributes (453ms)
			ProcessInitializeOnLoadMethodAttributes (48ms)
			AfterProcessingInitializeOnLoad (8ms)
			EditorAssembliesLoaded (0ms)
		ExecutionOrderSort2 (0ms)
		AwakeInstancesAfterBackupRestoration (9ms)
Refreshing native plugins compatible for Editor in 2.75 ms, found 0 plugins.
Preloading 0 native plugins for Editor in 0.00 ms.
Unloading 3253 Unused Serialized files (Serialized files now loaded: 0)
Unloading 14 unused Assets / (28.6 KB). Loaded Objects now: 3998.
Memory consumption went from 134.7 MB to 134.7 MB.
Total: 7.816982 ms (FindLiveObjects: 0.430556 ms CreateObjectMapping: 0.341930 ms MarkObjects: 6.966882 ms  DeleteObjects: 0.075288 ms)

Prepare: number of updated asset objects reloaded= 0
AssetImportParameters requested are different than current active one (requested -> active):
  custom:container-demuxer-ogg: 62fdf1f143b41e24485cea50d1cbac27 -> 
  custom:scripting/monoscript/fileName/HandScript.cs: ab82d9b432b4ff3c2be587dcfc2ef88f -> f6d2d9607a041472806e778f6397f6ff
  custom:scripting/monoscript/fileName/GunScript.cs: 6a8d5652f919b70c5522b0348dc3dc24 -> adaec7589872e88b61019be0f1bdc549
  custom:video-decoder-ogg-theora: a1e56fd34408186e4bbccfd4996cb3dc -> 
  custom:scripting/monoscript/fileName/BulletScript.cs: 13477a3b0c98cca55096ea1dcfe934dc -> d888d721bde78eacda1c314a50a2cf74
  custom:CustomObjectIndexerAttribute: 232f87dd983dbecb2a4e21e08eb2cef8 -> 
  custom:container-demuxer-webm: 4f35f7cbe854078d1ac9338744f61a02 -> 
  custom:scripting/monoscript/fileName/ClipScript.cs: d454b9a64ca33d8936f1fee1d0b94333 -> a47e0092d1d896ccc176e69669d3233d
  custom:container-muxer-webm: aa71ff27fc2769a1b78a27578f13a17b -> 
  custom:video-decoder-webm-vp8: 9c59270c3fd7afecdb556c50c9e8de78 -> 
  custom:scripting/monoscript/fileName/MovementScript.cs: 0602eb1700489a3ab9cb01ec15ee773a -> 9a1daee93d0a505568922467e5a5e2e0
  custom:SearchIndexIgnoredProperties: e643bd26f0fe6173181afceb89e7c659 -> 
  custom:AudioImporter_EditorPlatform: 2f0ff77a95e0ac474e3e8eeba4e2f7cb -> 
  custom:video-encoder-webm-vp8: eb34c28f22e8b96e1ab97ce403110664 -> 
  custom:audio-decoder-ogg-vorbis: bf7c407c2cedff20999df2af8eb42d56 -> 
  custom:scripting/monoscript/fileName/Item.cs: c2b7fc65fe255f985743270ca947d8ec -> edfd25bbe8f561e55c7415f9c3adacfe
  custom:audio-encoder-webm-vorbis: bf7c407c2cedff20999df2af8eb42d56 -> 
  custom:scripting/precompiled-assembly-types:Assembly-CSharp: 49e6c1e388f3b0c5149ffcf1dd74b342 -> 14f21d8c89919019ed129879e7927412
========================================================================
Received Prepare
Caller must complete domain reload
Begin MonoManager ReloadAssembly
- Loaded All Assemblies, in  0.593 seconds
Native extension for LinuxStandalone target not found
Native extension for WindowsStandalone target not found
Mono: successfully reloaded assembly
- Finished resetting the current domain, in  1.294 seconds
Domain Reload Profiling: 1886ms
	BeginReloadAssembly (208ms)
		ExecutionOrderSort (0ms)
		DisableScriptedObjects (11ms)
		BackupInstance (0ms)
		ReleaseScriptingObjects (0ms)
		CreateAndSetChildDomain (65ms)
	RebuildCommonClasses (75ms)
	RebuildNativeTypeToScriptingClass (20ms)
	initialDomainReloadingComplete (56ms)
	LoadAllAssembliesAndSetupDomain (232ms)
		LoadAssemblies (294ms)
		RebuildTransferFunctionScriptingTraits (0ms)
		AnalyzeDomain (26ms)
			TypeCache.Refresh (9ms)
				TypeCache.ScanAssembly (0ms)
			ScanForSourceGeneratedMonoScriptInfo (10ms)
			ResolveRequiredComponents (6ms)
	FinalizeReload (1295ms)
		ReleaseScriptCaches (0ms)
		RebuildScriptCaches (0ms)
		SetupLoadedEditorAssemblies (781ms)
			LogAssemblyErrors (0ms)
			InitializePlatformSupportModulesInManaged (54ms)
			SetLoadedEditorAssemblies (8ms)
			RefreshPlugins (0ms)
			BeforeProcessingInitializeOnLoad (107ms)
			ProcessInitializeOnLoadAttributes (566ms)
			ProcessInitializeOnLoadMethodAttributes (34ms)
			AfterProcessingInitializeOnLoad (10ms)
			EditorAssembliesLoaded (0ms)
		ExecutionOrderSort2 (0ms)
		AwakeInstancesAfterBackupRestoration (13ms)
Refreshing native plugins compatible for Editor in 1.35 ms, found 0 plugins.
Preloading 0 native plugins for Editor in 0.00 ms.
Unloading 3253 Unused Serialized files (Serialized files now loaded: 0)
Unloading 14 unused Assets / (28.6 KB). Loaded Objects now: 4002.
Memory consumption went from 134.7 MB to 134.7 MB.
Total: 5.140923 ms (FindLiveObjects: 0.425941 ms CreateObjectMapping: 0.299200 ms MarkObjects: 4.343057 ms  DeleteObjects: 0.070634 ms)

Prepare: number of updated asset objects reloaded= 0
AssetImportParameters requested are different than current active one (requested -> active):
  custom:container-demuxer-ogg: 62fdf1f143b41e24485cea50d1cbac27 -> 
  custom:scripting/monoscript/fileName/HandScript.cs: ab82d9b432b4ff3c2be587dcfc2ef88f -> f6d2d9607a041472806e778f6397f6ff
  custom:scripting/monoscript/fileName/GunScript.cs: 6a8d5652f919b70c5522b0348dc3dc24 -> adaec7589872e88b61019be0f1bdc549
  custom:video-decoder-ogg-theora: a1e56fd34408186e4bbccfd4996cb3dc -> 
  custom:scripting/monoscript/fileName/BulletScript.cs: 13477a3b0c98cca55096ea1dcfe934dc -> d888d721bde78eacda1c314a50a2cf74
  custom:CustomObjectIndexerAttribute: 232f87dd983dbecb2a4e21e08eb2cef8 -> 
  custom:container-demuxer-webm: 4f35f7cbe854078d1ac9338744f61a02 -> 
  custom:scripting/monoscript/fileName/ClipScript.cs: d454b9a64ca33d8936f1fee1d0b94333 -> a47e0092d1d896ccc176e69669d3233d
  custom:container-muxer-webm: aa71ff27fc2769a1b78a27578f13a17b -> 
  custom:video-decoder-webm-vp8: 9c59270c3fd7afecdb556c50c9e8de78 -> 
  custom:scripting/monoscript/fileName/MovementScript.cs: 0602eb1700489a3ab9cb01ec15ee773a -> 9a1daee93d0a505568922467e5a5e2e0
  custom:SearchIndexIgnoredProperties: e643bd26f0fe6173181afceb89e7c659 -> 
  custom:AudioImporter_EditorPlatform: 2f0ff77a95e0ac474e3e8eeba4e2f7cb -> 
  custom:video-encoder-webm-vp8: eb34c28f22e8b96e1ab97ce403110664 -> 
  custom:audio-decoder-ogg-vorbis: bf7c407c2cedff20999df2af8eb42d56 -> 
  custom:scripting/monoscript/fileName/Item.cs: c2b7fc65fe255f985743270ca947d8ec -> edfd25bbe8f561e55c7415f9c3adacfe
  custom:audio-encoder-webm-vorbis: bf7c407c2cedff20999df2af8eb42d56 -> 
  custom:scripting/precompiled-assembly-types:Assembly-CSharp: 49e6c1e388f3b0c5149ffcf1dd74b342 -> 14f21d8c89919019ed129879e7927412
========================================================================
Received Prepare
Caller must complete domain reload
Begin MonoManager ReloadAssembly
- Loaded All Assemblies, in  0.492 seconds
Native extension for LinuxStandalone target not found
Native extension for WindowsStandalone target not found
Mono: successfully reloaded assembly
- Finished resetting the current domain, in  1.162 seconds
Domain Reload Profiling: 1654ms
	BeginReloadAssembly (166ms)
		ExecutionOrderSort (0ms)
		DisableScriptedObjects (7ms)
		BackupInstance (0ms)
		ReleaseScriptingObjects (0ms)
		CreateAndSetChildDomain (57ms)
	RebuildCommonClasses (47ms)
	RebuildNativeTypeToScriptingClass (14ms)
	initialDomainReloadingComplete (38ms)
	LoadAllAssembliesAndSetupDomain (226ms)
		LoadAssemblies (267ms)
		RebuildTransferFunctionScriptingTraits (0ms)
		AnalyzeDomain (26ms)
			TypeCache.Refresh (10ms)
				TypeCache.ScanAssembly (0ms)
			ScanForSourceGeneratedMonoScriptInfo (9ms)
			ResolveRequiredComponents (7ms)
	FinalizeReload (1163ms)
		ReleaseScriptCaches (0ms)
		RebuildScriptCaches (0ms)
		SetupLoadedEditorAssemblies (736ms)
			LogAssemblyErrors (0ms)
			InitializePlatformSupportModulesInManaged (55ms)
			SetLoadedEditorAssemblies (10ms)
			RefreshPlugins (0ms)
			BeforeProcessingInitializeOnLoad (108ms)
			ProcessInitializeOnLoadAttributes (506ms)
			ProcessInitializeOnLoadMethodAttributes (50ms)
			AfterProcessingInitializeOnLoad (8ms)
			EditorAssembliesLoaded (0ms)
		ExecutionOrderSort2 (0ms)
		AwakeInstancesAfterBackupRestoration (10ms)
Refreshing native plugins compatible for Editor in 1.26 ms, found 0 plugins.
Preloading 0 native plugins for Editor in 0.00 ms.
Unloading 3253 Unused Serialized files (Serialized files now loaded: 0)
Unloading 14 unused Assets / (28.6 KB). Loaded Objects now: 4006.
Memory consumption went from 134.7 MB to 134.7 MB.
Total: 7.508117 ms (FindLiveObjects: 0.578054 ms CreateObjectMapping: 0.599136 ms MarkObjects: 6.266339 ms  DeleteObjects: 0.061870 ms)

Prepare: number of updated asset objects reloaded= 0
AssetImportParameters requested are different than current active one (requested -> active):
  custom:container-demuxer-ogg: 62fdf1f143b41e24485cea50d1cbac27 -> 
  custom:scripting/monoscript/fileName/HandScript.cs: ab82d9b432b4ff3c2be587dcfc2ef88f -> f6d2d9607a041472806e778f6397f6ff
  custom:scripting/monoscript/fileName/GunScript.cs: 6a8d5652f919b70c5522b0348dc3dc24 -> adaec7589872e88b61019be0f1bdc549
  custom:video-decoder-ogg-theora: a1e56fd34408186e4bbccfd4996cb3dc -> 
  custom:scripting/monoscript/fileName/BulletScript.cs: 13477a3b0c98cca55096ea1dcfe934dc -> d888d721bde78eacda1c314a50a2cf74
  custom:CustomObjectIndexerAttribute: 232f87dd983dbecb2a4e21e08eb2cef8 -> 
  custom:container-demuxer-webm: 4f35f7cbe854078d1ac9338744f61a02 -> 
  custom:scripting/monoscript/fileName/ClipScript.cs: d454b9a64ca33d8936f1fee1d0b94333 -> a47e0092d1d896ccc176e69669d3233d
  custom:container-muxer-webm: aa71ff27fc2769a1b78a27578f13a17b -> 
  custom:video-decoder-webm-vp8: 9c59270c3fd7afecdb556c50c9e8de78 -> 
  custom:scripting/monoscript/fileName/MovementScript.cs: 0602eb1700489a3ab9cb01ec15ee773a -> 9a1daee93d0a505568922467e5a5e2e0
  custom:SearchIndexIgnoredProperties: e643bd26f0fe6173181afceb89e7c659 -> 
  custom:AudioImporter_EditorPlatform: 2f0ff77a95e0ac474e3e8eeba4e2f7cb -> 
  custom:video-encoder-webm-vp8: eb34c28f22e8b96e1ab97ce403110664 -> 
  custom:audio-decoder-ogg-vorbis: bf7c407c2cedff20999df2af8eb42d56 -> 
  custom:scripting/monoscript/fileName/Item.cs: c2b7fc65fe255f985743270ca947d8ec -> edfd25bbe8f561e55c7415f9c3adacfe
  custom:audio-encoder-webm-vorbis: bf7c407c2cedff20999df2af8eb42d56 -> 
  custom:scripting/precompiled-assembly-types:Assembly-CSharp: 49e6c1e388f3b0c5149ffcf1dd74b342 -> 14f21d8c89919019ed129879e7927412
========================================================================
Received Prepare
Caller must complete domain reload
Begin MonoManager ReloadAssembly
- Loaded All Assemblies, in  0.495 seconds
Native extension for LinuxStandalone target not found
Native extension for WindowsStandalone target not found
Mono: successfully reloaded assembly
- Finished resetting the current domain, in  1.070 seconds
Domain Reload Profiling: 1566ms
	BeginReloadAssembly (161ms)
		ExecutionOrderSort (0ms)
		DisableScriptedObjects (7ms)
		BackupInstance (0ms)
		ReleaseScriptingObjects (0ms)
		CreateAndSetChildDomain (51ms)
	RebuildCommonClasses (45ms)
	RebuildNativeTypeToScriptingClass (13ms)
	initialDomainReloadingComplete (38ms)
	LoadAllAssembliesAndSetupDomain (237ms)
		LoadAssemblies (278ms)
		RebuildTransferFunctionScriptingTraits (0ms)
		AnalyzeDomain (29ms)
			TypeCache.Refresh (9ms)
				TypeCache.ScanAssembly (0ms)
			ScanForSourceGeneratedMonoScriptInfo (11ms)
			ResolveRequiredComponents (7ms)
	FinalizeReload (1071ms)
		ReleaseScriptCaches (0ms)
		RebuildScriptCaches (0ms)
		SetupLoadedEditorAssemblies (598ms)
			LogAssemblyErrors (0ms)
			InitializePlatformSupportModulesInManaged (57ms)
			SetLoadedEditorAssemblies (7ms)
			RefreshPlugins (0ms)
			BeforeProcessingInitializeOnLoad (86ms)
			ProcessInitializeOnLoadAttributes (393ms)
			ProcessInitializeOnLoadMethodAttributes (44ms)
			AfterProcessingInitializeOnLoad (10ms)
			EditorAssembliesLoaded (0ms)
		ExecutionOrderSort2 (0ms)
		AwakeInstancesAfterBackupRestoration (8ms)
Refreshing native plugins compatible for Editor in 2.21 ms, found 0 plugins.
Preloading 0 native plugins for Editor in 0.00 ms.
Unloading 3253 Unused Serialized files (Serialized files now loaded: 0)
Unloading 14 unused Assets / (28.6 KB). Loaded Objects now: 4010.
Memory consumption went from 134.7 MB to 134.6 MB.
Total: 5.922090 ms (FindLiveObjects: 0.482935 ms CreateObjectMapping: 0.280012 ms MarkObjects: 5.069143 ms  DeleteObjects: 0.088332 ms)

Prepare: number of updated asset objects reloaded= 0
AssetImportParameters requested are different than current active one (requested -> active):
  custom:container-demuxer-ogg: 62fdf1f143b41e24485cea50d1cbac27 -> 
  custom:scripting/monoscript/fileName/HandScript.cs: ab82d9b432b4ff3c2be587dcfc2ef88f -> f6d2d9607a041472806e778f6397f6ff
  custom:scripting/monoscript/fileName/GunScript.cs: 6a8d5652f919b70c5522b0348dc3dc24 -> adaec7589872e88b61019be0f1bdc549
  custom:video-decoder-ogg-theora: a1e56fd34408186e4bbccfd4996cb3dc -> 
  custom:scripting/monoscript/fileName/BulletScript.cs: 13477a3b0c98cca55096ea1dcfe934dc -> d888d721bde78eacda1c314a50a2cf74
  custom:CustomObjectIndexerAttribute: 232f87dd983dbecb2a4e21e08eb2cef8 -> 
  custom:container-demuxer-webm: 4f35f7cbe854078d1ac9338744f61a02 -> 
  custom:scripting/monoscript/fileName/ClipScript.cs: d454b9a64ca33d8936f1fee1d0b94333 -> a47e0092d1d896ccc176e69669d3233d
  custom:container-muxer-webm: aa71ff27fc2769a1b78a27578f13a17b -> 
  custom:video-decoder-webm-vp8: 9c59270c3fd7afecdb556c50c9e8de78 -> 
  custom:scripting/monoscript/fileName/MovementScript.cs: 0602eb1700489a3ab9cb01ec15ee773a -> 9a1daee93d0a505568922467e5a5e2e0
  custom:SearchIndexIgnoredProperties: e643bd26f0fe6173181afceb89e7c659 -> 
  custom:AudioImporter_EditorPlatform: 2f0ff77a95e0ac474e3e8eeba4e2f7cb -> 
  custom:video-encoder-webm-vp8: eb34c28f22e8b96e1ab97ce403110664 -> 
  custom:audio-decoder-ogg-vorbis: bf7c407c2cedff20999df2af8eb42d56 -> 
  custom:scripting/monoscript/fileName/Item.cs: c2b7fc65fe255f985743270ca947d8ec -> edfd25bbe8f561e55c7415f9c3adacfe
  custom:audio-encoder-webm-vorbis: bf7c407c2cedff20999df2af8eb42d56 -> 
  custom:scripting/precompiled-assembly-types:Assembly-CSharp: 49e6c1e388f3b0c5149ffcf1dd74b342 -> 14f21d8c89919019ed129879e7927412
========================================================================
Received Prepare
Caller must complete domain reload
Begin MonoManager ReloadAssembly
- Loaded All Assemblies, in  0.505 seconds
Native extension for LinuxStandalone target not found
Native extension for WindowsStandalone target not found
Mono: successfully reloaded assembly
- Finished resetting the current domain, in  1.056 seconds
Domain Reload Profiling: 1560ms
	BeginReloadAssembly (153ms)
		ExecutionOrderSort (0ms)
		DisableScriptedObjects (7ms)
		BackupInstance (0ms)
		ReleaseScriptingObjects (0ms)
		CreateAndSetChildDomain (47ms)
	RebuildCommonClasses (46ms)
	RebuildNativeTypeToScriptingClass (14ms)
	initialDomainReloadingComplete (39ms)
	LoadAllAssembliesAndSetupDomain (252ms)
		LoadAssemblies (288ms)
		RebuildTransferFunctionScriptingTraits (0ms)
		AnalyzeDomain (29ms)
			TypeCache.Refresh (10ms)
				TypeCache.ScanAssembly (0ms)
			ScanForSourceGeneratedMonoScriptInfo (11ms)
			ResolveRequiredComponents (7ms)
	FinalizeReload (1056ms)
		ReleaseScriptCaches (0ms)
		RebuildScriptCaches (0ms)
		SetupLoadedEditorAssemblies (570ms)
			LogAssemblyErrors (0ms)
			InitializePlatformSupportModulesInManaged (54ms)
			SetLoadedEditorAssemblies (6ms)
			RefreshPlugins (0ms)
			BeforeProcessingInitializeOnLoad (108ms)
			ProcessInitializeOnLoadAttributes (359ms)
			ProcessInitializeOnLoadMethodAttributes (35ms)
			AfterProcessingInitializeOnLoad (8ms)
			EditorAssembliesLoaded (0ms)
		ExecutionOrderSort2 (0ms)
		AwakeInstancesAfterBackupRestoration (6ms)
Refreshing native plugins compatible for Editor in 1.94 ms, found 0 plugins.
Preloading 0 native plugins for Editor in 0.00 ms.
Unloading 3253 Unused Serialized files (Serialized files now loaded: 0)
Unloading 14 unused Assets / (28.5 KB). Loaded Objects now: 4014.
Memory consumption went from 134.7 MB to 134.7 MB.
Total: 4.696087 ms (FindLiveObjects: 0.411319 ms CreateObjectMapping: 0.328579 ms MarkObjects: 3.900366 ms  DeleteObjects: 0.054133 ms)

Prepare: number of updated asset objects reloaded= 0
AssetImportParameters requested are different than current active one (requested -> active):
  custom:container-demuxer-ogg: 62fdf1f143b41e24485cea50d1cbac27 -> 
  custom:scripting/monoscript/fileName/HandScript.cs: ab82d9b432b4ff3c2be587dcfc2ef88f -> f6d2d9607a041472806e778f6397f6ff
  custom:scripting/monoscript/fileName/GunScript.cs: 6a8d5652f919b70c5522b0348dc3dc24 -> adaec7589872e88b61019be0f1bdc549
  custom:video-decoder-ogg-theora: a1e56fd34408186e4bbccfd4996cb3dc -> 
  custom:scripting/monoscript/fileName/BulletScript.cs: 13477a3b0c98cca55096ea1dcfe934dc -> d888d721bde78eacda1c314a50a2cf74
  custom:CustomObjectIndexerAttribute: 232f87dd983dbecb2a4e21e08eb2cef8 -> 
  custom:container-demuxer-webm: 4f35f7cbe854078d1ac9338744f61a02 -> 
  custom:scripting/monoscript/fileName/ClipScript.cs: d454b9a64ca33d8936f1fee1d0b94333 -> a47e0092d1d896ccc176e69669d3233d
  custom:container-muxer-webm: aa71ff27fc2769a1b78a27578f13a17b -> 
  custom:video-decoder-webm-vp8: 9c59270c3fd7afecdb556c50c9e8de78 -> 
  custom:scripting/monoscript/fileName/MovementScript.cs: 0602eb1700489a3ab9cb01ec15ee773a -> 9a1daee93d0a505568922467e5a5e2e0
  custom:SearchIndexIgnoredProperties: e643bd26f0fe6173181afceb89e7c659 -> 
  custom:AudioImporter_EditorPlatform: 2f0ff77a95e0ac474e3e8eeba4e2f7cb -> 
  custom:video-encoder-webm-vp8: eb34c28f22e8b96e1ab97ce403110664 -> 
  custom:audio-decoder-ogg-vorbis: bf7c407c2cedff20999df2af8eb42d56 -> 
  custom:scripting/monoscript/fileName/Item.cs: c2b7fc65fe255f985743270ca947d8ec -> edfd25bbe8f561e55c7415f9c3adacfe
  custom:audio-encoder-webm-vorbis: bf7c407c2cedff20999df2af8eb42d56 -> 
  custom:scripting/precompiled-assembly-types:Assembly-CSharp: 9db95e5928842b4d1aaeb3edb2e398b8 -> 14f21d8c89919019ed129879e7927412
========================================================================
Received Prepare
Caller must complete domain reload
Begin MonoManager ReloadAssembly
- Loaded All Assemblies, in  0.488 seconds
Native extension for LinuxStandalone target not found
Native extension for WindowsStandalone target not found
Mono: successfully reloaded assembly
- Finished resetting the current domain, in  1.018 seconds
Domain Reload Profiling: 1505ms
	BeginReloadAssembly (156ms)
		ExecutionOrderSort (0ms)
		DisableScriptedObjects (8ms)
		BackupInstance (0ms)
		ReleaseScriptingObjects (0ms)
		CreateAndSetChildDomain (48ms)
	RebuildCommonClasses (45ms)
	RebuildNativeTypeToScriptingClass (13ms)
	initialDomainReloadingComplete (39ms)
	LoadAllAssembliesAndSetupDomain (232ms)
		LoadAssemblies (272ms)
		RebuildTransferFunctionScriptingTraits (0ms)
		AnalyzeDomain (27ms)
			TypeCache.Refresh (10ms)
				TypeCache.ScanAssembly (0ms)
			ScanForSourceGeneratedMonoScriptInfo (10ms)
			ResolveRequiredComponents (6ms)
	FinalizeReload (1019ms)
		ReleaseScriptCaches (0ms)
		RebuildScriptCaches (0ms)
		SetupLoadedEditorAssemblies (569ms)
			LogAssemblyErrors (0ms)
			InitializePlatformSupportModulesInManaged (64ms)
			SetLoadedEditorAssemblies (9ms)
			RefreshPlugins (0ms)
			BeforeProcessingInitializeOnLoad (108ms)
			ProcessInitializeOnLoadAttributes (349ms)
			ProcessInitializeOnLoadMethodAttributes (32ms)
			AfterProcessingInitializeOnLoad (7ms)
			EditorAssembliesLoaded (0ms)
		ExecutionOrderSort2 (0ms)
		AwakeInstancesAfterBackupRestoration (6ms)
Refreshing native plugins compatible for Editor in 1.15 ms, found 0 plugins.
Preloading 0 native plugins for Editor in 0.00 ms.
Unloading 3253 Unused Serialized files (Serialized files now loaded: 0)
Unloading 14 unused Assets / (28.6 KB). Loaded Objects now: 4018.
Memory consumption went from 134.7 MB to 134.7 MB.
Total: 6.869929 ms (FindLiveObjects: 0.576341 ms CreateObjectMapping: 0.383329 ms MarkObjects: 5.810488 ms  DeleteObjects: 0.096035 ms)

Prepare: number of updated asset objects reloaded= 0
AssetImportParameters requested are different than current active one (requested -> active):
  custom:container-demuxer-ogg: 62fdf1f143b41e24485cea50d1cbac27 -> 
  custom:scripting/monoscript/fileName/HandScript.cs: ab82d9b432b4ff3c2be587dcfc2ef88f -> f6d2d9607a041472806e778f6397f6ff
  custom:scripting/monoscript/fileName/GunScript.cs: 6a8d5652f919b70c5522b0348dc3dc24 -> adaec7589872e88b61019be0f1bdc549
  custom:video-decoder-ogg-theora: a1e56fd34408186e4bbccfd4996cb3dc -> 
  custom:scripting/monoscript/fileName/BulletScript.cs: 13477a3b0c98cca55096ea1dcfe934dc -> d888d721bde78eacda1c314a50a2cf74
  custom:CustomObjectIndexerAttribute: 232f87dd983dbecb2a4e21e08eb2cef8 -> 
  custom:container-demuxer-webm: 4f35f7cbe854078d1ac9338744f61a02 -> 
  custom:scripting/monoscript/fileName/ClipScript.cs: d454b9a64ca33d8936f1fee1d0b94333 -> a47e0092d1d896ccc176e69669d3233d
  custom:container-muxer-webm: aa71ff27fc2769a1b78a27578f13a17b -> 
  custom:video-decoder-webm-vp8: 9c59270c3fd7afecdb556c50c9e8de78 -> 
  custom:scripting/monoscript/fileName/MovementScript.cs: 0602eb1700489a3ab9cb01ec15ee773a -> 9a1daee93d0a505568922467e5a5e2e0
  custom:SearchIndexIgnoredProperties: e643bd26f0fe6173181afceb89e7c659 -> 
  custom:AudioImporter_EditorPlatform: 2f0ff77a95e0ac474e3e8eeba4e2f7cb -> 
  custom:video-encoder-webm-vp8: eb34c28f22e8b96e1ab97ce403110664 -> 
  custom:audio-decoder-ogg-vorbis: bf7c407c2cedff20999df2af8eb42d56 -> 
  custom:scripting/monoscript/fileName/Item.cs: c2b7fc65fe255f985743270ca947d8ec -> edfd25bbe8f561e55c7415f9c3adacfe
  custom:audio-encoder-webm-vorbis: bf7c407c2cedff20999df2af8eb42d56 -> 
  custom:scripting/precompiled-assembly-types:Assembly-CSharp: 9db95e5928842b4d1aaeb3edb2e398b8 -> 14f21d8c89919019ed129879e7927412
========================================================================
Received Import Request.
  Time since last request: 1441.288670 seconds.
  path: Assets/Prefabs/Penetrator.prefab
  artifactKey: Guid(f9ea8778b63c653a8b2221995b3aaa5d) Importer(815301076,1909f56bfc062723c751e8b465ee728b)
Start importing Assets/Prefabs/Penetrator.prefab using Guid(f9ea8778b63c653a8b2221995b3aaa5d) Importer(815301076,1909f56bfc062723c751e8b465ee728b) [PhysX] Initialized MultithreadedTaskDispatcher with 8 workers.
[PhysX] Initialized MultithreadedTaskDispatcher with 8 workers.
 -> (artifact id: 'b6cffc1fd042116e2f55704776f7e50e') in 0.153298 seconds
Number of updated asset objects reloaded before import = 0
Number of asset objects unloaded after import = 46
========================================================================
Received Prepare
Caller must complete domain reload
Begin MonoManager ReloadAssembly
- Loaded All Assemblies, in  0.525 seconds
Native extension for LinuxStandalone target not found
Native extension for WindowsStandalone target not found
Mono: successfully reloaded assembly
- Finished resetting the current domain, in  1.064 seconds
Domain Reload Profiling: 1588ms
	BeginReloadAssembly (180ms)
		ExecutionOrderSort (0ms)
		DisableScriptedObjects (7ms)
		BackupInstance (0ms)
		ReleaseScriptingObjects (0ms)
		CreateAndSetChildDomain (63ms)
	RebuildCommonClasses (50ms)
	RebuildNativeTypeToScriptingClass (14ms)
	initialDomainReloadingComplete (42ms)
	LoadAllAssembliesAndSetupDomain (237ms)
		LoadAssemblies (280ms)
		RebuildTransferFunctionScriptingTraits (0ms)
		AnalyzeDomain (28ms)
			TypeCache.Refresh (10ms)
				TypeCache.ScanAssembly (0ms)
			ScanForSourceGeneratedMonoScriptInfo (9ms)
			ResolveRequiredComponents (8ms)
	FinalizeReload (1064ms)
		ReleaseScriptCaches (0ms)
		RebuildScriptCaches (0ms)
		SetupLoadedEditorAssemblies (633ms)
			LogAssemblyErrors (0ms)
			InitializePlatformSupportModulesInManaged (47ms)
			SetLoadedEditorAssemblies (10ms)
			RefreshPlugins (0ms)
			BeforeProcessingInitializeOnLoad (83ms)
			ProcessInitializeOnLoadAttributes (431ms)
			ProcessInitializeOnLoadMethodAttributes (52ms)
			AfterProcessingInitializeOnLoad (10ms)
			EditorAssembliesLoaded (0ms)
		ExecutionOrderSort2 (0ms)
		AwakeInstancesAfterBackupRestoration (8ms)
Refreshing native plugins compatible for Editor in 2.02 ms, found 0 plugins.
Preloading 0 native plugins for Editor in 0.00 ms.
Unloading 3252 Unused Serialized files (Serialized files now loaded: 0)
Unloading 16 unused Assets / (29.6 KB). Loaded Objects now: 4023.
Memory consumption went from 134.5 MB to 134.4 MB.
Total: 6.829410 ms (FindLiveObjects: 0.897942 ms CreateObjectMapping: 1.255449 ms MarkObjects: 4.549716 ms  DeleteObjects: 0.123350 ms)

Prepare: number of updated asset objects reloaded= 0
AssetImportParameters requested are different than current active one (requested -> active):
  custom:container-demuxer-ogg: 62fdf1f143b41e24485cea50d1cbac27 -> 
  custom:scripting/monoscript/fileName/HandScript.cs: ab82d9b432b4ff3c2be587dcfc2ef88f -> f6d2d9607a041472806e778f6397f6ff
  custom:scripting/monoscript/fileName/GunScript.cs: 6a8d5652f919b70c5522b0348dc3dc24 -> adaec7589872e88b61019be0f1bdc549
  custom:video-decoder-ogg-theora: a1e56fd34408186e4bbccfd4996cb3dc -> 
  custom:scripting/monoscript/fileName/BulletScript.cs: 13477a3b0c98cca55096ea1dcfe934dc -> d888d721bde78eacda1c314a50a2cf74
  custom:CustomObjectIndexerAttribute: 232f87dd983dbecb2a4e21e08eb2cef8 -> 
  custom:container-demuxer-webm: 4f35f7cbe854078d1ac9338744f61a02 -> 
  custom:scripting/monoscript/fileName/ClipScript.cs: d454b9a64ca33d8936f1fee1d0b94333 -> a47e0092d1d896ccc176e69669d3233d
  custom:container-muxer-webm: aa71ff27fc2769a1b78a27578f13a17b -> 
  custom:video-decoder-webm-vp8: 9c59270c3fd7afecdb556c50c9e8de78 -> 
  custom:scripting/monoscript/fileName/MovementScript.cs: 0602eb1700489a3ab9cb01ec15ee773a -> 9a1daee93d0a505568922467e5a5e2e0
  custom:SearchIndexIgnoredProperties: e643bd26f0fe6173181afceb89e7c659 -> 
  custom:AudioImporter_EditorPlatform: 2f0ff77a95e0ac474e3e8eeba4e2f7cb -> 
  custom:video-encoder-webm-vp8: eb34c28f22e8b96e1ab97ce403110664 -> 
  custom:audio-decoder-ogg-vorbis: bf7c407c2cedff20999df2af8eb42d56 -> 
  custom:scripting/monoscript/fileName/Item.cs: c2b7fc65fe255f985743270ca947d8ec -> edfd25bbe8f561e55c7415f9c3adacfe
  custom:audio-encoder-webm-vorbis: bf7c407c2cedff20999df2af8eb42d56 -> 
  custom:scripting/precompiled-assembly-types:Assembly-CSharp: 9db95e5928842b4d1aaeb3edb2e398b8 -> 14f21d8c89919019ed129879e7927412
========================================================================
Received Prepare
Caller must complete domain reload
Begin MonoManager ReloadAssembly
- Loaded All Assemblies, in  0.510 seconds
Native extension for LinuxStandalone target not found
Native extension for WindowsStandalone target not found
Mono: successfully reloaded assembly
- Finished resetting the current domain, in  0.940 seconds
Domain Reload Profiling: 1449ms
	BeginReloadAssembly (156ms)
		ExecutionOrderSort (0ms)
		DisableScriptedObjects (7ms)
		BackupInstance (0ms)
		ReleaseScriptingObjects (0ms)
		CreateAndSetChildDomain (47ms)
	RebuildCommonClasses (48ms)
	RebuildNativeTypeToScriptingClass (12ms)
	initialDomainReloadingComplete (40ms)
	LoadAllAssembliesAndSetupDomain (252ms)
		LoadAssemblies (287ms)
		RebuildTransferFunctionScriptingTraits (0ms)
		AnalyzeDomain (31ms)
			TypeCache.Refresh (14ms)
				TypeCache.ScanAssembly (1ms)
			ScanForSourceGeneratedMonoScriptInfo (9ms)
			ResolveRequiredComponents (7ms)
	FinalizeReload (940ms)
		ReleaseScriptCaches (0ms)
		RebuildScriptCaches (0ms)
		SetupLoadedEditorAssemblies (532ms)
			LogAssemblyErrors (0ms)
			InitializePlatformSupportModulesInManaged (51ms)
			SetLoadedEditorAssemblies (6ms)
			RefreshPlugins (0ms)
			BeforeProcessingInitializeOnLoad (81ms)
			ProcessInitializeOnLoadAttributes (349ms)
			ProcessInitializeOnLoadMethodAttributes (37ms)
			AfterProcessingInitializeOnLoad (7ms)
			EditorAssembliesLoaded (0ms)
		ExecutionOrderSort2 (0ms)
		AwakeInstancesAfterBackupRestoration (6ms)
Refreshing native plugins compatible for Editor in 1.75 ms, found 0 plugins.
Preloading 0 native plugins for Editor in 0.00 ms.
Unloading 3253 Unused Serialized files (Serialized files now loaded: 0)
Unloading 14 unused Assets / (28.6 KB). Loaded Objects now: 4027.
Memory consumption went from 134.7 MB to 134.7 MB.
Total: 4.378428 ms (FindLiveObjects: 0.346403 ms CreateObjectMapping: 0.243443 ms MarkObjects: 3.733125 ms  DeleteObjects: 0.053965 ms)

Prepare: number of updated asset objects reloaded= 0
AssetImportParameters requested are different than current active one (requested -> active):
  custom:container-demuxer-ogg: 62fdf1f143b41e24485cea50d1cbac27 -> 
  custom:scripting/monoscript/fileName/HandScript.cs: ab82d9b432b4ff3c2be587dcfc2ef88f -> f6d2d9607a041472806e778f6397f6ff
  custom:scripting/monoscript/fileName/GunScript.cs: 6a8d5652f919b70c5522b0348dc3dc24 -> adaec7589872e88b61019be0f1bdc549
  custom:video-decoder-ogg-theora: a1e56fd34408186e4bbccfd4996cb3dc -> 
  custom:scripting/monoscript/fileName/BulletScript.cs: 13477a3b0c98cca55096ea1dcfe934dc -> d888d721bde78eacda1c314a50a2cf74
  custom:CustomObjectIndexerAttribute: 232f87dd983dbecb2a4e21e08eb2cef8 -> 
  custom:container-demuxer-webm: 4f35f7cbe854078d1ac9338744f61a02 -> 
  custom:scripting/monoscript/fileName/ClipScript.cs: d454b9a64ca33d8936f1fee1d0b94333 -> a47e0092d1d896ccc176e69669d3233d
  custom:container-muxer-webm: aa71ff27fc2769a1b78a27578f13a17b -> 
  custom:video-decoder-webm-vp8: 9c59270c3fd7afecdb556c50c9e8de78 -> 
  custom:scripting/monoscript/fileName/MovementScript.cs: 0602eb1700489a3ab9cb01ec15ee773a -> 9a1daee93d0a505568922467e5a5e2e0
  custom:SearchIndexIgnoredProperties: e643bd26f0fe6173181afceb89e7c659 -> 
  custom:AudioImporter_EditorPlatform: 2f0ff77a95e0ac474e3e8eeba4e2f7cb -> 
  custom:video-encoder-webm-vp8: eb34c28f22e8b96e1ab97ce403110664 -> 
  custom:audio-decoder-ogg-vorbis: bf7c407c2cedff20999df2af8eb42d56 -> 
  custom:scripting/monoscript/fileName/Item.cs: c2b7fc65fe255f985743270ca947d8ec -> edfd25bbe8f561e55c7415f9c3adacfe
  custom:audio-encoder-webm-vorbis: bf7c407c2cedff20999df2af8eb42d56 -> 
  custom:scripting/precompiled-assembly-types:Assembly-CSharp: 9db95e5928842b4d1aaeb3edb2e398b8 -> 14f21d8c89919019ed129879e7927412
========================================================================
Received Prepare
Caller must complete domain reload
Begin MonoManager ReloadAssembly
- Loaded All Assemblies, in  0.548 seconds
Native extension for LinuxStandalone target not found
Native extension for WindowsStandalone target not found
Mono: successfully reloaded assembly
- Finished resetting the current domain, in  1.066 seconds
Domain Reload Profiling: 1614ms
	BeginReloadAssembly (154ms)
		ExecutionOrderSort (0ms)
		DisableScriptedObjects (7ms)
		BackupInstance (0ms)
		ReleaseScriptingObjects (0ms)
		CreateAndSetChildDomain (50ms)
	RebuildCommonClasses (42ms)
	RebuildNativeTypeToScriptingClass (14ms)
	initialDomainReloadingComplete (38ms)
	LoadAllAssembliesAndSetupDomain (300ms)
		LoadAssemblies (325ms)
		RebuildTransferFunctionScriptingTraits (0ms)
		AnalyzeDomain (38ms)
			TypeCache.Refresh (13ms)
				TypeCache.ScanAssembly (0ms)
			ScanForSourceGeneratedMonoScriptInfo (14ms)
			ResolveRequiredComponents (10ms)
	FinalizeReload (1067ms)
		ReleaseScriptCaches (0ms)
		RebuildScriptCaches (0ms)
		SetupLoadedEditorAssemblies (600ms)
			LogAssemblyErrors (0ms)
			InitializePlatformSupportModulesInManaged (47ms)
			SetLoadedEditorAssemblies (11ms)
			RefreshPlugins (0ms)
			BeforeProcessingInitializeOnLoad (108ms)
			ProcessInitializeOnLoadAttributes (393ms)
			ProcessInitializeOnLoadMethodAttributes (32ms)
			AfterProcessingInitializeOnLoad (7ms)
			EditorAssembliesLoaded (0ms)
		ExecutionOrderSort2 (0ms)
		AwakeInstancesAfterBackupRestoration (5ms)
Refreshing native plugins compatible for Editor in 1.28 ms, found 0 plugins.
Preloading 0 native plugins for Editor in 0.00 ms.
Unloading 3253 Unused Serialized files (Serialized files now loaded: 0)
Unloading 14 unused Assets / (28.6 KB). Loaded Objects now: 4031.
Memory consumption went from 134.7 MB to 134.7 MB.
Total: 3.872690 ms (FindLiveObjects: 0.302780 ms CreateObjectMapping: 0.263529 ms MarkObjects: 3.239463 ms  DeleteObjects: 0.065381 ms)

Prepare: number of updated asset objects reloaded= 0
AssetImportParameters requested are different than current active one (requested -> active):
  custom:container-demuxer-ogg: 62fdf1f143b41e24485cea50d1cbac27 -> 
  custom:scripting/monoscript/fileName/HandScript.cs: ab82d9b432b4ff3c2be587dcfc2ef88f -> f6d2d9607a041472806e778f6397f6ff
  custom:scripting/monoscript/fileName/GunScript.cs: 6a8d5652f919b70c5522b0348dc3dc24 -> adaec7589872e88b61019be0f1bdc549
  custom:video-decoder-ogg-theora: a1e56fd34408186e4bbccfd4996cb3dc -> 
  custom:scripting/monoscript/fileName/BulletScript.cs: 13477a3b0c98cca55096ea1dcfe934dc -> d888d721bde78eacda1c314a50a2cf74
  custom:CustomObjectIndexerAttribute: 232f87dd983dbecb2a4e21e08eb2cef8 -> 
  custom:container-demuxer-webm: 4f35f7cbe854078d1ac9338744f61a02 -> 
  custom:scripting/monoscript/fileName/ClipScript.cs: d454b9a64ca33d8936f1fee1d0b94333 -> a47e0092d1d896ccc176e69669d3233d
  custom:container-muxer-webm: aa71ff27fc2769a1b78a27578f13a17b -> 
  custom:video-decoder-webm-vp8: 9c59270c3fd7afecdb556c50c9e8de78 -> 
  custom:scripting/monoscript/fileName/MovementScript.cs: 0602eb1700489a3ab9cb01ec15ee773a -> 9a1daee93d0a505568922467e5a5e2e0
  custom:SearchIndexIgnoredProperties: e643bd26f0fe6173181afceb89e7c659 -> 
  custom:AudioImporter_EditorPlatform: 2f0ff77a95e0ac474e3e8eeba4e2f7cb -> 
  custom:video-encoder-webm-vp8: eb34c28f22e8b96e1ab97ce403110664 -> 
  custom:audio-decoder-ogg-vorbis: bf7c407c2cedff20999df2af8eb42d56 -> 
  custom:scripting/monoscript/fileName/Item.cs: c2b7fc65fe255f985743270ca947d8ec -> edfd25bbe8f561e55c7415f9c3adacfe
  custom:audio-encoder-webm-vorbis: bf7c407c2cedff20999df2af8eb42d56 -> 
  custom:scripting/precompiled-assembly-types:Assembly-CSharp: 9db95e5928842b4d1aaeb3edb2e398b8 -> 14f21d8c89919019ed129879e7927412
========================================================================
Received Prepare
Caller must complete domain reload
Begin MonoManager ReloadAssembly
- Loaded All Assemblies, in  0.481 seconds
Native extension for LinuxStandalone target not found
Native extension for WindowsStandalone target not found
Mono: successfully reloaded assembly
- Finished resetting the current domain, in  1.231 seconds
Domain Reload Profiling: 1712ms
	BeginReloadAssembly (155ms)
		ExecutionOrderSort (0ms)
		DisableScriptedObjects (7ms)
		BackupInstance (0ms)
		ReleaseScriptingObjects (0ms)
		CreateAndSetChildDomain (49ms)
	RebuildCommonClasses (47ms)
	RebuildNativeTypeToScriptingClass (13ms)
	initialDomainReloadingComplete (39ms)
	LoadAllAssembliesAndSetupDomain (227ms)
		LoadAssemblies (266ms)
		RebuildTransferFunctionScriptingTraits (0ms)
		AnalyzeDomain (27ms)
			TypeCache.Refresh (9ms)
				TypeCache.ScanAssembly (0ms)
			ScanForSourceGeneratedMonoScriptInfo (9ms)
			ResolveRequiredComponents (7ms)
	FinalizeReload (1231ms)
		ReleaseScriptCaches (0ms)
		RebuildScriptCaches (0ms)
		SetupLoadedEditorAssemblies (798ms)
			LogAssemblyErrors (0ms)
			InitializePlatformSupportModulesInManaged (61ms)
			SetLoadedEditorAssemblies (9ms)
			RefreshPlugins (0ms)
			BeforeProcessingInitializeOnLoad (136ms)
			ProcessInitializeOnLoadAttributes (543ms)
			ProcessInitializeOnLoadMethodAttributes (41ms)
			AfterProcessingInitializeOnLoad (9ms)
			EditorAssembliesLoaded (0ms)
		ExecutionOrderSort2 (0ms)
		AwakeInstancesAfterBackupRestoration (8ms)
Refreshing native plugins compatible for Editor in 1.83 ms, found 0 plugins.
Preloading 0 native plugins for Editor in 0.00 ms.
Unloading 3253 Unused Serialized files (Serialized files now loaded: 0)
Unloading 14 unused Assets / (28.7 KB). Loaded Objects now: 4035.
Memory consumption went from 134.7 MB to 134.7 MB.
Total: 7.825512 ms (FindLiveObjects: 0.386399 ms CreateObjectMapping: 0.320861 ms MarkObjects: 7.009254 ms  DeleteObjects: 0.107052 ms)

Prepare: number of updated asset objects reloaded= 0
AssetImportParameters requested are different than current active one (requested -> active):
  custom:container-demuxer-ogg: 62fdf1f143b41e24485cea50d1cbac27 -> 
  custom:scripting/monoscript/fileName/HandScript.cs: ab82d9b432b4ff3c2be587dcfc2ef88f -> f6d2d9607a041472806e778f6397f6ff
  custom:scripting/monoscript/fileName/GunScript.cs: 6a8d5652f919b70c5522b0348dc3dc24 -> adaec7589872e88b61019be0f1bdc549
  custom:video-decoder-ogg-theora: a1e56fd34408186e4bbccfd4996cb3dc -> 
  custom:scripting/monoscript/fileName/BulletScript.cs: 13477a3b0c98cca55096ea1dcfe934dc -> d888d721bde78eacda1c314a50a2cf74
  custom:CustomObjectIndexerAttribute: 232f87dd983dbecb2a4e21e08eb2cef8 -> 
  custom:container-demuxer-webm: 4f35f7cbe854078d1ac9338744f61a02 -> 
  custom:scripting/monoscript/fileName/ClipScript.cs: d454b9a64ca33d8936f1fee1d0b94333 -> a47e0092d1d896ccc176e69669d3233d
  custom:container-muxer-webm: aa71ff27fc2769a1b78a27578f13a17b -> 
  custom:video-decoder-webm-vp8: 9c59270c3fd7afecdb556c50c9e8de78 -> 
  custom:scripting/monoscript/fileName/MovementScript.cs: 0602eb1700489a3ab9cb01ec15ee773a -> 9a1daee93d0a505568922467e5a5e2e0
  custom:SearchIndexIgnoredProperties: e643bd26f0fe6173181afceb89e7c659 -> 
  custom:AudioImporter_EditorPlatform: 2f0ff77a95e0ac474e3e8eeba4e2f7cb -> 
  custom:video-encoder-webm-vp8: eb34c28f22e8b96e1ab97ce403110664 -> 
  custom:audio-decoder-ogg-vorbis: bf7c407c2cedff20999df2af8eb42d56 -> 
  custom:scripting/monoscript/fileName/Item.cs: c2b7fc65fe255f985743270ca947d8ec -> edfd25bbe8f561e55c7415f9c3adacfe
  custom:audio-encoder-webm-vorbis: bf7c407c2cedff20999df2af8eb42d56 -> 
  custom:scripting/precompiled-assembly-types:Assembly-CSharp: 9db95e5928842b4d1aaeb3edb2e398b8 -> 14f21d8c89919019ed129879e7927412
========================================================================
Received Prepare
Caller must complete domain reload
Begin MonoManager ReloadAssembly
- Loaded All Assemblies, in  0.479 seconds
Native extension for LinuxStandalone target not found
Native extension for WindowsStandalone target not found
Mono: successfully reloaded assembly
- Finished resetting the current domain, in  0.885 seconds
Domain Reload Profiling: 1364ms
	BeginReloadAssembly (146ms)
		ExecutionOrderSort (0ms)
		DisableScriptedObjects (7ms)
		BackupInstance (0ms)
		ReleaseScriptingObjects (0ms)
		CreateAndSetChildDomain (46ms)
	RebuildCommonClasses (42ms)
	RebuildNativeTypeToScriptingClass (13ms)
	initialDomainReloadingComplete (36ms)
	LoadAllAssembliesAndSetupDomain (241ms)
		LoadAssemblies (277ms)
		RebuildTransferFunctionScriptingTraits (0ms)
		AnalyzeDomain (25ms)
			TypeCache.Refresh (9ms)
				TypeCache.ScanAssembly (0ms)
			ScanForSourceGeneratedMonoScriptInfo (9ms)
			ResolveRequiredComponents (6ms)
	FinalizeReload (886ms)
		ReleaseScriptCaches (0ms)
		RebuildScriptCaches (0ms)
		SetupLoadedEditorAssemblies (493ms)
			LogAssemblyErrors (0ms)
			InitializePlatformSupportModulesInManaged (46ms)
			SetLoadedEditorAssemblies (6ms)
			RefreshPlugins (0ms)
			BeforeProcessingInitializeOnLoad (80ms)
			ProcessInitializeOnLoadAttributes (327ms)
			ProcessInitializeOnLoadMethodAttributes (29ms)
			AfterProcessingInitializeOnLoad (6ms)
			EditorAssembliesLoaded (0ms)
		ExecutionOrderSort2 (0ms)
		AwakeInstancesAfterBackupRestoration (5ms)
Refreshing native plugins compatible for Editor in 1.11 ms, found 0 plugins.
Preloading 0 native plugins for Editor in 0.00 ms.
Unloading 3254 Unused Serialized files (Serialized files now loaded: 0)
Unloading 14 unused Assets / (28.5 KB). Loaded Objects now: 4040.
Memory consumption went from 134.7 MB to 134.7 MB.
Total: 3.858243 ms (FindLiveObjects: 0.308276 ms CreateObjectMapping: 0.241578 ms MarkObjects: 3.224845 ms  DeleteObjects: 0.081510 ms)

Prepare: number of updated asset objects reloaded= 0
AssetImportParameters requested are different than current active one (requested -> active):
  custom:container-demuxer-ogg: 62fdf1f143b41e24485cea50d1cbac27 -> 
  custom:scripting/monoscript/fileName/HandScript.cs: ab82d9b432b4ff3c2be587dcfc2ef88f -> f6d2d9607a041472806e778f6397f6ff
  custom:scripting/monoscript/fileName/GunScript.cs: 6a8d5652f919b70c5522b0348dc3dc24 -> adaec7589872e88b61019be0f1bdc549
  custom:video-decoder-ogg-theora: a1e56fd34408186e4bbccfd4996cb3dc -> 
  custom:scripting/monoscript/fileName/DoorScript.cs: 143c97188c85f752847111767840bcf1 -> 
  custom:scripting/monoscript/fileName/BulletScript.cs: 13477a3b0c98cca55096ea1dcfe934dc -> d888d721bde78eacda1c314a50a2cf74
  custom:CustomObjectIndexerAttribute: 232f87dd983dbecb2a4e21e08eb2cef8 -> 
  custom:container-demuxer-webm: 4f35f7cbe854078d1ac9338744f61a02 -> 
  custom:scripting/monoscript/fileName/ClipScript.cs: d454b9a64ca33d8936f1fee1d0b94333 -> a47e0092d1d896ccc176e69669d3233d
  custom:container-muxer-webm: aa71ff27fc2769a1b78a27578f13a17b -> 
  custom:video-decoder-webm-vp8: 9c59270c3fd7afecdb556c50c9e8de78 -> 
  custom:scripting/monoscript/fileName/MovementScript.cs: 0602eb1700489a3ab9cb01ec15ee773a -> 9a1daee93d0a505568922467e5a5e2e0
  custom:SearchIndexIgnoredProperties: e643bd26f0fe6173181afceb89e7c659 -> 
  custom:AudioImporter_EditorPlatform: 2f0ff77a95e0ac474e3e8eeba4e2f7cb -> 
  custom:video-encoder-webm-vp8: eb34c28f22e8b96e1ab97ce403110664 -> 
  custom:audio-decoder-ogg-vorbis: bf7c407c2cedff20999df2af8eb42d56 -> 
  custom:scripting/monoscript/fileName/Item.cs: c2b7fc65fe255f985743270ca947d8ec -> edfd25bbe8f561e55c7415f9c3adacfe
  custom:audio-encoder-webm-vorbis: bf7c407c2cedff20999df2af8eb42d56 -> 
  custom:scripting/precompiled-assembly-types:Assembly-CSharp: 538deb1fbc28ade34a57e21e88bc4968 -> 14f21d8c89919019ed129879e7927412
========================================================================
Received Prepare
Caller must complete domain reload
Begin MonoManager ReloadAssembly
- Loaded All Assemblies, in  0.473 seconds
Native extension for LinuxStandalone target not found
Native extension for WindowsStandalone target not found
Mono: successfully reloaded assembly
- Finished resetting the current domain, in  1.005 seconds
Domain Reload Profiling: 1478ms
	BeginReloadAssembly (163ms)
		ExecutionOrderSort (0ms)
		DisableScriptedObjects (7ms)
		BackupInstance (0ms)
		ReleaseScriptingObjects (0ms)
		CreateAndSetChildDomain (47ms)
	RebuildCommonClasses (42ms)
	RebuildNativeTypeToScriptingClass (13ms)
	initialDomainReloadingComplete (37ms)
	LoadAllAssembliesAndSetupDomain (218ms)
		LoadAssemblies (261ms)
		RebuildTransferFunctionScriptingTraits (0ms)
		AnalyzeDomain (25ms)
			TypeCache.Refresh (9ms)
				TypeCache.ScanAssembly (0ms)
			ScanForSourceGeneratedMonoScriptInfo (8ms)
			ResolveRequiredComponents (6ms)
	FinalizeReload (1006ms)
		ReleaseScriptCaches (0ms)
		RebuildScriptCaches (0ms)
		SetupLoadedEditorAssemblies (587ms)
			LogAssemblyErrors (0ms)
			InitializePlatformSupportModulesInManaged (45ms)
			SetLoadedEditorAssemblies (7ms)
			RefreshPlugins (0ms)
			BeforeProcessingInitializeOnLoad (79ms)
			ProcessInitializeOnLoadAttributes (407ms)
			ProcessInitializeOnLoadMethodAttributes (40ms)
			AfterProcessingInitializeOnLoad (10ms)
			EditorAssembliesLoaded (0ms)
		ExecutionOrderSort2 (0ms)
		AwakeInstancesAfterBackupRestoration (9ms)
Refreshing native plugins compatible for Editor in 1.10 ms, found 0 plugins.
Preloading 0 native plugins for Editor in 0.00 ms.
Unloading 3254 Unused Serialized files (Serialized files now loaded: 0)
Unloading 14 unused Assets / (28.6 KB). Loaded Objects now: 4044.
Memory consumption went from 134.7 MB to 134.7 MB.
Total: 5.177040 ms (FindLiveObjects: 0.314840 ms CreateObjectMapping: 0.233039 ms MarkObjects: 4.568886 ms  DeleteObjects: 0.059030 ms)

Prepare: number of updated asset objects reloaded= 0
AssetImportParameters requested are different than current active one (requested -> active):
  custom:container-demuxer-ogg: 62fdf1f143b41e24485cea50d1cbac27 -> 
  custom:scripting/monoscript/fileName/HandScript.cs: ab82d9b432b4ff3c2be587dcfc2ef88f -> f6d2d9607a041472806e778f6397f6ff
  custom:scripting/monoscript/fileName/GunScript.cs: 6a8d5652f919b70c5522b0348dc3dc24 -> adaec7589872e88b61019be0f1bdc549
  custom:video-decoder-ogg-theora: a1e56fd34408186e4bbccfd4996cb3dc -> 
  custom:scripting/monoscript/fileName/DoorScript.cs: 143c97188c85f752847111767840bcf1 -> 
  custom:scripting/monoscript/fileName/BulletScript.cs: 13477a3b0c98cca55096ea1dcfe934dc -> d888d721bde78eacda1c314a50a2cf74
  custom:CustomObjectIndexerAttribute: 232f87dd983dbecb2a4e21e08eb2cef8 -> 
  custom:container-demuxer-webm: 4f35f7cbe854078d1ac9338744f61a02 -> 
  custom:scripting/monoscript/fileName/ClipScript.cs: d454b9a64ca33d8936f1fee1d0b94333 -> a47e0092d1d896ccc176e69669d3233d
  custom:container-muxer-webm: aa71ff27fc2769a1b78a27578f13a17b -> 
  custom:video-decoder-webm-vp8: 9c59270c3fd7afecdb556c50c9e8de78 -> 
  custom:scripting/monoscript/fileName/MovementScript.cs: 0602eb1700489a3ab9cb01ec15ee773a -> 9a1daee93d0a505568922467e5a5e2e0
  custom:SearchIndexIgnoredProperties: e643bd26f0fe6173181afceb89e7c659 -> 
  custom:AudioImporter_EditorPlatform: 2f0ff77a95e0ac474e3e8eeba4e2f7cb -> 
  custom:video-encoder-webm-vp8: eb34c28f22e8b96e1ab97ce403110664 -> 
  custom:audio-decoder-ogg-vorbis: bf7c407c2cedff20999df2af8eb42d56 -> 
  custom:scripting/monoscript/fileName/Item.cs: c2b7fc65fe255f985743270ca947d8ec -> edfd25bbe8f561e55c7415f9c3adacfe
  custom:audio-encoder-webm-vorbis: bf7c407c2cedff20999df2af8eb42d56 -> 
  custom:scripting/precompiled-assembly-types:Assembly-CSharp: 538deb1fbc28ade34a57e21e88bc4968 -> 14f21d8c89919019ed129879e7927412
========================================================================
Received Prepare
Caller must complete domain reload
Begin MonoManager ReloadAssembly
- Loaded All Assemblies, in  0.485 seconds
Native extension for LinuxStandalone target not found
Native extension for WindowsStandalone target not found
Mono: successfully reloaded assembly
- Finished resetting the current domain, in  0.951 seconds
Domain Reload Profiling: 1436ms
	BeginReloadAssembly (164ms)
		ExecutionOrderSort (0ms)
		DisableScriptedObjects (7ms)
		BackupInstance (0ms)
		ReleaseScriptingObjects (0ms)
		CreateAndSetChildDomain (47ms)
	RebuildCommonClasses (41ms)
	RebuildNativeTypeToScriptingClass (15ms)
	initialDomainReloadingComplete (37ms)
	LoadAllAssembliesAndSetupDomain (228ms)
		LoadAssemblies (280ms)
		RebuildTransferFunctionScriptingTraits (0ms)
		AnalyzeDomain (25ms)
			TypeCache.Refresh (9ms)
				TypeCache.ScanAssembly (0ms)
			ScanForSourceGeneratedMonoScriptInfo (8ms)
			ResolveRequiredComponents (6ms)
	FinalizeReload (952ms)
		ReleaseScriptCaches (0ms)
		RebuildScriptCaches (0ms)
		SetupLoadedEditorAssemblies (514ms)
			LogAssemblyErrors (0ms)
			InitializePlatformSupportModulesInManaged (53ms)
			SetLoadedEditorAssemblies (10ms)
			RefreshPlugins (0ms)
			BeforeProcessingInitializeOnLoad (88ms)
			ProcessInitializeOnLoadAttributes (325ms)
			ProcessInitializeOnLoadMethodAttributes (30ms)
			AfterProcessingInitializeOnLoad (7ms)
			EditorAssembliesLoaded (0ms)
		ExecutionOrderSort2 (0ms)
		AwakeInstancesAfterBackupRestoration (5ms)
Refreshing native plugins compatible for Editor in 1.09 ms, found 0 plugins.
Preloading 0 native plugins for Editor in 0.00 ms.
Unloading 3254 Unused Serialized files (Serialized files now loaded: 0)
Unloading 14 unused Assets / (28.6 KB). Loaded Objects now: 4048.
Memory consumption went from 134.7 MB to 134.7 MB.
Total: 6.294672 ms (FindLiveObjects: 0.438295 ms CreateObjectMapping: 0.240495 ms MarkObjects: 5.528330 ms  DeleteObjects: 0.085553 ms)

Prepare: number of updated asset objects reloaded= 0
AssetImportParameters requested are different than current active one (requested -> active):
  custom:container-demuxer-ogg: 62fdf1f143b41e24485cea50d1cbac27 -> 
  custom:scripting/monoscript/fileName/HandScript.cs: ab82d9b432b4ff3c2be587dcfc2ef88f -> f6d2d9607a041472806e778f6397f6ff
  custom:scripting/monoscript/fileName/GunScript.cs: 6a8d5652f919b70c5522b0348dc3dc24 -> adaec7589872e88b61019be0f1bdc549
  custom:video-decoder-ogg-theora: a1e56fd34408186e4bbccfd4996cb3dc -> 
  custom:scripting/monoscript/fileName/DoorScript.cs: 143c97188c85f752847111767840bcf1 -> 
  custom:scripting/monoscript/fileName/BulletScript.cs: 13477a3b0c98cca55096ea1dcfe934dc -> d888d721bde78eacda1c314a50a2cf74
  custom:CustomObjectIndexerAttribute: 232f87dd983dbecb2a4e21e08eb2cef8 -> 
  custom:container-demuxer-webm: 4f35f7cbe854078d1ac9338744f61a02 -> 
  custom:scripting/monoscript/fileName/ClipScript.cs: d454b9a64ca33d8936f1fee1d0b94333 -> a47e0092d1d896ccc176e69669d3233d
  custom:container-muxer-webm: aa71ff27fc2769a1b78a27578f13a17b -> 
  custom:video-decoder-webm-vp8: 9c59270c3fd7afecdb556c50c9e8de78 -> 
  custom:scripting/monoscript/fileName/MovementScript.cs: 0602eb1700489a3ab9cb01ec15ee773a -> 9a1daee93d0a505568922467e5a5e2e0
  custom:SearchIndexIgnoredProperties: e643bd26f0fe6173181afceb89e7c659 -> 
  custom:AudioImporter_EditorPlatform: 2f0ff77a95e0ac474e3e8eeba4e2f7cb -> 
  custom:video-encoder-webm-vp8: eb34c28f22e8b96e1ab97ce403110664 -> 
  custom:audio-decoder-ogg-vorbis: bf7c407c2cedff20999df2af8eb42d56 -> 
  custom:scripting/monoscript/fileName/Item.cs: c2b7fc65fe255f985743270ca947d8ec -> edfd25bbe8f561e55c7415f9c3adacfe
  custom:audio-encoder-webm-vorbis: bf7c407c2cedff20999df2af8eb42d56 -> 
  custom:scripting/precompiled-assembly-types:Assembly-CSharp: 538deb1fbc28ade34a57e21e88bc4968 -> 14f21d8c89919019ed129879e7927412
========================================================================
Received Prepare
Caller must complete domain reload
Begin MonoManager ReloadAssembly
- Loaded All Assemblies, in  0.487 seconds
Native extension for LinuxStandalone target not found
Native extension for WindowsStandalone target not found
Mono: successfully reloaded assembly
- Finished resetting the current domain, in  0.984 seconds
Domain Reload Profiling: 1470ms
	BeginReloadAssembly (156ms)
		ExecutionOrderSort (0ms)
		DisableScriptedObjects (7ms)
		BackupInstance (0ms)
		ReleaseScriptingObjects (0ms)
		CreateAndSetChildDomain (51ms)
	RebuildCommonClasses (42ms)
	RebuildNativeTypeToScriptingClass (13ms)
	initialDomainReloadingComplete (38ms)
	LoadAllAssembliesAndSetupDomain (237ms)
		LoadAssemblies (276ms)
		RebuildTransferFunctionScriptingTraits (0ms)
		AnalyzeDomain (25ms)
			TypeCache.Refresh (9ms)
				TypeCache.ScanAssembly (0ms)
			ScanForSourceGeneratedMonoScriptInfo (9ms)
			ResolveRequiredComponents (7ms)
	FinalizeReload (984ms)
		ReleaseScriptCaches (0ms)
		RebuildScriptCaches (0ms)
		SetupLoadedEditorAssemblies (551ms)
			LogAssemblyErrors (0ms)
			InitializePlatformSupportModulesInManaged (46ms)
			SetLoadedEditorAssemblies (6ms)
			RefreshPlugins (0ms)
			BeforeProcessingInitializeOnLoad (77ms)
			ProcessInitializeOnLoadAttributes (382ms)
			ProcessInitializeOnLoadMethodAttributes (32ms)
			AfterProcessingInitializeOnLoad (7ms)
			EditorAssembliesLoaded (0ms)
		ExecutionOrderSort2 (0ms)
		AwakeInstancesAfterBackupRestoration (6ms)
Refreshing native plugins compatible for Editor in 1.63 ms, found 0 plugins.
Preloading 0 native plugins for Editor in 0.00 ms.
Unloading 3254 Unused Serialized files (Serialized files now loaded: 0)
Unloading 14 unused Assets / (28.6 KB). Loaded Objects now: 4052.
Memory consumption went from 134.7 MB to 134.7 MB.
Total: 4.317750 ms (FindLiveObjects: 0.329872 ms CreateObjectMapping: 0.231428 ms MarkObjects: 3.683278 ms  DeleteObjects: 0.071516 ms)

Prepare: number of updated asset objects reloaded= 0
AssetImportParameters requested are different than current active one (requested -> active):
  custom:container-demuxer-ogg: 62fdf1f143b41e24485cea50d1cbac27 -> 
  custom:scripting/monoscript/fileName/HandScript.cs: ab82d9b432b4ff3c2be587dcfc2ef88f -> f6d2d9607a041472806e778f6397f6ff
  custom:scripting/monoscript/fileName/GunScript.cs: 6a8d5652f919b70c5522b0348dc3dc24 -> adaec7589872e88b61019be0f1bdc549
  custom:video-decoder-ogg-theora: a1e56fd34408186e4bbccfd4996cb3dc -> 
  custom:scripting/monoscript/fileName/DoorScript.cs: 6b64305be1d8e8f7400dbe3b416e4f91 -> 
  custom:scripting/monoscript/fileName/BulletScript.cs: 13477a3b0c98cca55096ea1dcfe934dc -> d888d721bde78eacda1c314a50a2cf74
  custom:CustomObjectIndexerAttribute: 232f87dd983dbecb2a4e21e08eb2cef8 -> 
  custom:container-demuxer-webm: 4f35f7cbe854078d1ac9338744f61a02 -> 
  custom:scripting/monoscript/fileName/ClipScript.cs: d454b9a64ca33d8936f1fee1d0b94333 -> a47e0092d1d896ccc176e69669d3233d
  custom:container-muxer-webm: aa71ff27fc2769a1b78a27578f13a17b -> 
  custom:video-decoder-webm-vp8: 9c59270c3fd7afecdb556c50c9e8de78 -> 
  custom:scripting/monoscript/fileName/MovementScript.cs: 0602eb1700489a3ab9cb01ec15ee773a -> 9a1daee93d0a505568922467e5a5e2e0
  custom:SearchIndexIgnoredProperties: e643bd26f0fe6173181afceb89e7c659 -> 
  custom:AudioImporter_EditorPlatform: 2f0ff77a95e0ac474e3e8eeba4e2f7cb -> 
  custom:video-encoder-webm-vp8: eb34c28f22e8b96e1ab97ce403110664 -> 
  custom:audio-decoder-ogg-vorbis: bf7c407c2cedff20999df2af8eb42d56 -> 
  custom:scripting/monoscript/fileName/Item.cs: c2b7fc65fe255f985743270ca947d8ec -> edfd25bbe8f561e55c7415f9c3adacfe
  custom:audio-encoder-webm-vorbis: bf7c407c2cedff20999df2af8eb42d56 -> 
  custom:scripting/precompiled-assembly-types:Assembly-CSharp: 41f1ee419d251e6e11edcae3f7ceedd4 -> 14f21d8c89919019ed129879e7927412
========================================================================
Received Prepare
Caller must complete domain reload
Begin MonoManager ReloadAssembly
- Loaded All Assemblies, in  0.499 seconds
Native extension for LinuxStandalone target not found
Native extension for WindowsStandalone target not found
Mono: successfully reloaded assembly
- Finished resetting the current domain, in  0.962 seconds
Domain Reload Profiling: 1461ms
	BeginReloadAssembly (154ms)
		ExecutionOrderSort (0ms)
		DisableScriptedObjects (6ms)
		BackupInstance (0ms)
		ReleaseScriptingObjects (0ms)
		CreateAndSetChildDomain (52ms)
	RebuildCommonClasses (41ms)
	RebuildNativeTypeToScriptingClass (13ms)
	initialDomainReloadingComplete (37ms)
	LoadAllAssembliesAndSetupDomain (253ms)
		LoadAssemblies (279ms)
		RebuildTransferFunctionScriptingTraits (0ms)
		AnalyzeDomain (37ms)
			TypeCache.Refresh (11ms)
				TypeCache.ScanAssembly (0ms)
			ScanForSourceGeneratedMonoScriptInfo (13ms)
			ResolveRequiredComponents (10ms)
	FinalizeReload (963ms)
		ReleaseScriptCaches (0ms)
		RebuildScriptCaches (0ms)
		SetupLoadedEditorAssemblies (529ms)
			LogAssemblyErrors (0ms)
			InitializePlatformSupportModulesInManaged (46ms)
			SetLoadedEditorAssemblies (6ms)
			RefreshPlugins (0ms)
			BeforeProcessingInitializeOnLoad (98ms)
			ProcessInitializeOnLoadAttributes (341ms)
			ProcessInitializeOnLoadMethodAttributes (31ms)
			AfterProcessingInitializeOnLoad (7ms)
			EditorAssembliesLoaded (0ms)
		ExecutionOrderSort2 (0ms)
		AwakeInstancesAfterBackupRestoration (6ms)
Refreshing native plugins compatible for Editor in 1.09 ms, found 0 plugins.
Preloading 0 native plugins for Editor in 0.00 ms.
Unloading 3254 Unused Serialized files (Serialized files now loaded: 0)
Unloading 14 unused Assets / (28.6 KB). Loaded Objects now: 4056.
Memory consumption went from 134.7 MB to 134.7 MB.
Total: 4.047542 ms (FindLiveObjects: 0.348316 ms CreateObjectMapping: 0.264572 ms MarkObjects: 3.365311 ms  DeleteObjects: 0.067930 ms)

Prepare: number of updated asset objects reloaded= 0
AssetImportParameters requested are different than current active one (requested -> active):
  custom:container-demuxer-ogg: 62fdf1f143b41e24485cea50d1cbac27 -> 
  custom:scripting/monoscript/fileName/HandScript.cs: ab82d9b432b4ff3c2be587dcfc2ef88f -> f6d2d9607a041472806e778f6397f6ff
  custom:scripting/monoscript/fileName/GunScript.cs: 6a8d5652f919b70c5522b0348dc3dc24 -> adaec7589872e88b61019be0f1bdc549
  custom:video-decoder-ogg-theora: a1e56fd34408186e4bbccfd4996cb3dc -> 
  custom:scripting/monoscript/fileName/DoorScript.cs: 6b64305be1d8e8f7400dbe3b416e4f91 -> 
  custom:scripting/monoscript/fileName/BulletScript.cs: 13477a3b0c98cca55096ea1dcfe934dc -> d888d721bde78eacda1c314a50a2cf74
  custom:CustomObjectIndexerAttribute: 232f87dd983dbecb2a4e21e08eb2cef8 -> 
  custom:container-demuxer-webm: 4f35f7cbe854078d1ac9338744f61a02 -> 
  custom:scripting/monoscript/fileName/ClipScript.cs: d454b9a64ca33d8936f1fee1d0b94333 -> a47e0092d1d896ccc176e69669d3233d
  custom:container-muxer-webm: aa71ff27fc2769a1b78a27578f13a17b -> 
  custom:video-decoder-webm-vp8: 9c59270c3fd7afecdb556c50c9e8de78 -> 
  custom:scripting/monoscript/fileName/MovementScript.cs: 0602eb1700489a3ab9cb01ec15ee773a -> 9a1daee93d0a505568922467e5a5e2e0
  custom:SearchIndexIgnoredProperties: e643bd26f0fe6173181afceb89e7c659 -> 
  custom:AudioImporter_EditorPlatform: 2f0ff77a95e0ac474e3e8eeba4e2f7cb -> 
  custom:video-encoder-webm-vp8: eb34c28f22e8b96e1ab97ce403110664 -> 
  custom:audio-decoder-ogg-vorbis: bf7c407c2cedff20999df2af8eb42d56 -> 
  custom:scripting/monoscript/fileName/Item.cs: c2b7fc65fe255f985743270ca947d8ec -> edfd25bbe8f561e55c7415f9c3adacfe
  custom:audio-encoder-webm-vorbis: bf7c407c2cedff20999df2af8eb42d56 -> 
  custom:scripting/precompiled-assembly-types:Assembly-CSharp: 41f1ee419d251e6e11edcae3f7ceedd4 -> 14f21d8c89919019ed129879e7927412
========================================================================
Received Prepare
Caller must complete domain reload
Begin MonoManager ReloadAssembly
- Loaded All Assemblies, in  0.501 seconds
Native extension for LinuxStandalone target not found
Native extension for WindowsStandalone target not found
Mono: successfully reloaded assembly
- Finished resetting the current domain, in  1.066 seconds
Domain Reload Profiling: 1566ms
	BeginReloadAssembly (152ms)
		ExecutionOrderSort (0ms)
		DisableScriptedObjects (7ms)
		BackupInstance (0ms)
		ReleaseScriptingObjects (0ms)
		CreateAndSetChildDomain (48ms)
	RebuildCommonClasses (41ms)
	RebuildNativeTypeToScriptingClass (13ms)
	initialDomainReloadingComplete (38ms)
	LoadAllAssembliesAndSetupDomain (256ms)
		LoadAssemblies (285ms)
		RebuildTransferFunctionScriptingTraits (0ms)
		AnalyzeDomain (35ms)
			TypeCache.Refresh (11ms)
				TypeCache.ScanAssembly (0ms)
			ScanForSourceGeneratedMonoScriptInfo (13ms)
			ResolveRequiredComponents (9ms)
	FinalizeReload (1066ms)
		ReleaseScriptCaches (0ms)
		RebuildScriptCaches (0ms)
		SetupLoadedEditorAssemblies (543ms)
			LogAssemblyErrors (0ms)
			InitializePlatformSupportModulesInManaged (59ms)
			SetLoadedEditorAssemblies (8ms)
			RefreshPlugins (0ms)
			BeforeProcessingInitializeOnLoad (92ms)
			ProcessInitializeOnLoadAttributes (348ms)
			ProcessInitializeOnLoadMethodAttributes (29ms)
			AfterProcessingInitializeOnLoad (7ms)
			EditorAssembliesLoaded (0ms)
		ExecutionOrderSort2 (0ms)
		AwakeInstancesAfterBackupRestoration (5ms)
Refreshing native plugins compatible for Editor in 1.09 ms, found 0 plugins.
Preloading 0 native plugins for Editor in 0.00 ms.
Unloading 3254 Unused Serialized files (Serialized files now loaded: 0)
Unloading 14 unused Assets / (28.7 KB). Loaded Objects now: 4060.
Memory consumption went from 134.7 MB to 134.7 MB.
Total: 6.853417 ms (FindLiveObjects: 0.363842 ms CreateObjectMapping: 0.297829 ms MarkObjects: 6.119684 ms  DeleteObjects: 0.070444 ms)

Prepare: number of updated asset objects reloaded= 0
AssetImportParameters requested are different than current active one (requested -> active):
  custom:container-demuxer-ogg: 62fdf1f143b41e24485cea50d1cbac27 -> 
  custom:scripting/monoscript/fileName/HandScript.cs: ab82d9b432b4ff3c2be587dcfc2ef88f -> f6d2d9607a041472806e778f6397f6ff
  custom:scripting/monoscript/fileName/GunScript.cs: 6a8d5652f919b70c5522b0348dc3dc24 -> adaec7589872e88b61019be0f1bdc549
  custom:video-decoder-ogg-theora: a1e56fd34408186e4bbccfd4996cb3dc -> 
  custom:scripting/monoscript/fileName/DoorScript.cs: 6b64305be1d8e8f7400dbe3b416e4f91 -> 
  custom:scripting/monoscript/fileName/BulletScript.cs: 13477a3b0c98cca55096ea1dcfe934dc -> d888d721bde78eacda1c314a50a2cf74
  custom:CustomObjectIndexerAttribute: 232f87dd983dbecb2a4e21e08eb2cef8 -> 
  custom:container-demuxer-webm: 4f35f7cbe854078d1ac9338744f61a02 -> 
  custom:scripting/monoscript/fileName/ClipScript.cs: d454b9a64ca33d8936f1fee1d0b94333 -> a47e0092d1d896ccc176e69669d3233d
  custom:container-muxer-webm: aa71ff27fc2769a1b78a27578f13a17b -> 
  custom:video-decoder-webm-vp8: 9c59270c3fd7afecdb556c50c9e8de78 -> 
  custom:scripting/monoscript/fileName/MovementScript.cs: 0602eb1700489a3ab9cb01ec15ee773a -> 9a1daee93d0a505568922467e5a5e2e0
  custom:SearchIndexIgnoredProperties: e643bd26f0fe6173181afceb89e7c659 -> 
  custom:AudioImporter_EditorPlatform: 2f0ff77a95e0ac474e3e8eeba4e2f7cb -> 
  custom:video-encoder-webm-vp8: eb34c28f22e8b96e1ab97ce403110664 -> 
  custom:audio-decoder-ogg-vorbis: bf7c407c2cedff20999df2af8eb42d56 -> 
  custom:scripting/monoscript/fileName/Item.cs: c2b7fc65fe255f985743270ca947d8ec -> edfd25bbe8f561e55c7415f9c3adacfe
  custom:audio-encoder-webm-vorbis: bf7c407c2cedff20999df2af8eb42d56 -> 
  custom:scripting/precompiled-assembly-types:Assembly-CSharp: 41f1ee419d251e6e11edcae3f7ceedd4 -> 14f21d8c89919019ed129879e7927412
========================================================================
Received Prepare
Caller must complete domain reload
Begin MonoManager ReloadAssembly
- Loaded All Assemblies, in  0.503 seconds
Native extension for LinuxStandalone target not found
Native extension for WindowsStandalone target not found
Mono: successfully reloaded assembly
- Finished resetting the current domain, in  0.879 seconds
Domain Reload Profiling: 1381ms
	BeginReloadAssembly (160ms)
		ExecutionOrderSort (0ms)
		DisableScriptedObjects (7ms)
		BackupInstance (0ms)
		ReleaseScriptingObjects (0ms)
		CreateAndSetChildDomain (57ms)
	RebuildCommonClasses (43ms)
	RebuildNativeTypeToScriptingClass (12ms)
	initialDomainReloadingComplete (37ms)
	LoadAllAssembliesAndSetupDomain (250ms)
		LoadAssemblies (288ms)
		RebuildTransferFunctionScriptingTraits (0ms)
		AnalyzeDomain (25ms)
			TypeCache.Refresh (9ms)
				TypeCache.ScanAssembly (0ms)
			ScanForSourceGeneratedMonoScriptInfo (9ms)
			ResolveRequiredComponents (7ms)
	FinalizeReload (879ms)
		ReleaseScriptCaches (0ms)
		RebuildScriptCaches (0ms)
		SetupLoadedEditorAssemblies (492ms)
			LogAssemblyErrors (0ms)
			InitializePlatformSupportModulesInManaged (47ms)
			SetLoadedEditorAssemblies (6ms)
			RefreshPlugins (0ms)
			BeforeProcessingInitializeOnLoad (79ms)
			ProcessInitializeOnLoadAttributes (324ms)
			ProcessInitializeOnLoadMethodAttributes (30ms)
			AfterProcessingInitializeOnLoad (7ms)
			EditorAssembliesLoaded (0ms)
		ExecutionOrderSort2 (0ms)
		AwakeInstancesAfterBackupRestoration (6ms)
Refreshing native plugins compatible for Editor in 1.32 ms, found 0 plugins.
Preloading 0 native plugins for Editor in 0.00 ms.
Unloading 3254 Unused Serialized files (Serialized files now loaded: 0)
Unloading 14 unused Assets / (28.7 KB). Loaded Objects now: 4064.
Memory consumption went from 134.7 MB to 134.7 MB.
Total: 4.736289 ms (FindLiveObjects: 0.411458 ms CreateObjectMapping: 0.270110 ms MarkObjects: 3.985049 ms  DeleteObjects: 0.067988 ms)

Prepare: number of updated asset objects reloaded= 0
AssetImportParameters requested are different than current active one (requested -> active):
  custom:container-demuxer-ogg: 62fdf1f143b41e24485cea50d1cbac27 -> 
  custom:scripting/monoscript/fileName/HandScript.cs: ab82d9b432b4ff3c2be587dcfc2ef88f -> f6d2d9607a041472806e778f6397f6ff
  custom:scripting/monoscript/fileName/GunScript.cs: 6a8d5652f919b70c5522b0348dc3dc24 -> adaec7589872e88b61019be0f1bdc549
  custom:video-decoder-ogg-theora: a1e56fd34408186e4bbccfd4996cb3dc -> 
  custom:scripting/monoscript/fileName/DoorScript.cs: 6b64305be1d8e8f7400dbe3b416e4f91 -> 
  custom:scripting/monoscript/fileName/BulletScript.cs: 13477a3b0c98cca55096ea1dcfe934dc -> d888d721bde78eacda1c314a50a2cf74
  custom:CustomObjectIndexerAttribute: 232f87dd983dbecb2a4e21e08eb2cef8 -> 
  custom:container-demuxer-webm: 4f35f7cbe854078d1ac9338744f61a02 -> 
  custom:scripting/monoscript/fileName/ClipScript.cs: d454b9a64ca33d8936f1fee1d0b94333 -> a47e0092d1d896ccc176e69669d3233d
  custom:container-muxer-webm: aa71ff27fc2769a1b78a27578f13a17b -> 
  custom:video-decoder-webm-vp8: 9c59270c3fd7afecdb556c50c9e8de78 -> 
  custom:scripting/monoscript/fileName/MovementScript.cs: 0602eb1700489a3ab9cb01ec15ee773a -> 9a1daee93d0a505568922467e5a5e2e0
  custom:SearchIndexIgnoredProperties: e643bd26f0fe6173181afceb89e7c659 -> 
  custom:AudioImporter_EditorPlatform: 2f0ff77a95e0ac474e3e8eeba4e2f7cb -> 
  custom:video-encoder-webm-vp8: eb34c28f22e8b96e1ab97ce403110664 -> 
  custom:audio-decoder-ogg-vorbis: bf7c407c2cedff20999df2af8eb42d56 -> 
  custom:scripting/monoscript/fileName/Item.cs: c2b7fc65fe255f985743270ca947d8ec -> edfd25bbe8f561e55c7415f9c3adacfe
  custom:audio-encoder-webm-vorbis: bf7c407c2cedff20999df2af8eb42d56 -> 
  custom:scripting/precompiled-assembly-types:Assembly-CSharp: 41f1ee419d251e6e11edcae3f7ceedd4 -> 14f21d8c89919019ed129879e7927412
========================================================================
Received Prepare
Caller must complete domain reload
Begin MonoManager ReloadAssembly
- Loaded All Assemblies, in  0.499 seconds
Native extension for LinuxStandalone target not found
Native extension for WindowsStandalone target not found
Mono: successfully reloaded assembly
- Finished resetting the current domain, in  0.891 seconds
Domain Reload Profiling: 1389ms
	BeginReloadAssembly (152ms)
		ExecutionOrderSort (0ms)
		DisableScriptedObjects (6ms)
		BackupInstance (0ms)
		ReleaseScriptingObjects (0ms)
		CreateAndSetChildDomain (47ms)
	RebuildCommonClasses (41ms)
	RebuildNativeTypeToScriptingClass (12ms)
	initialDomainReloadingComplete (37ms)
	LoadAllAssembliesAndSetupDomain (255ms)
		LoadAssemblies (297ms)
		RebuildTransferFunctionScriptingTraits (0ms)
		AnalyzeDomain (25ms)
			TypeCache.Refresh (9ms)
				TypeCache.ScanAssembly (0ms)
			ScanForSourceGeneratedMonoScriptInfo (9ms)
			ResolveRequiredComponents (6ms)
	FinalizeReload (891ms)
		ReleaseScriptCaches (0ms)
		RebuildScriptCaches (0ms)
		SetupLoadedEditorAssemblies (499ms)
			LogAssemblyErrors (0ms)
			InitializePlatformSupportModulesInManaged (49ms)
			SetLoadedEditorAssemblies (6ms)
			RefreshPlugins (0ms)
			BeforeProcessingInitializeOnLoad (76ms)
			ProcessInitializeOnLoadAttributes (325ms)
			ProcessInitializeOnLoadMethodAttributes (36ms)
			AfterProcessingInitializeOnLoad (7ms)
			EditorAssembliesLoaded (0ms)
		ExecutionOrderSort2 (0ms)
		AwakeInstancesAfterBackupRestoration (6ms)
Refreshing native plugins compatible for Editor in 1.10 ms, found 0 plugins.
Preloading 0 native plugins for Editor in 0.00 ms.
Unloading 3254 Unused Serialized files (Serialized files now loaded: 0)
Unloading 14 unused Assets / (28.6 KB). Loaded Objects now: 4068.
Memory consumption went from 134.7 MB to 134.7 MB.
Total: 4.999711 ms (FindLiveObjects: 0.414123 ms CreateObjectMapping: 0.317170 ms MarkObjects: 4.204283 ms  DeleteObjects: 0.062601 ms)

Prepare: number of updated asset objects reloaded= 0
AssetImportParameters requested are different than current active one (requested -> active):
  custom:container-demuxer-ogg: 62fdf1f143b41e24485cea50d1cbac27 -> 
  custom:scripting/monoscript/fileName/HandScript.cs: ab82d9b432b4ff3c2be587dcfc2ef88f -> f6d2d9607a041472806e778f6397f6ff
  custom:scripting/monoscript/fileName/GunScript.cs: 6a8d5652f919b70c5522b0348dc3dc24 -> adaec7589872e88b61019be0f1bdc549
  custom:video-decoder-ogg-theora: a1e56fd34408186e4bbccfd4996cb3dc -> 
  custom:scripting/monoscript/fileName/DoorScript.cs: 6b64305be1d8e8f7400dbe3b416e4f91 -> 
  custom:scripting/monoscript/fileName/BulletScript.cs: 13477a3b0c98cca55096ea1dcfe934dc -> d888d721bde78eacda1c314a50a2cf74
  custom:CustomObjectIndexerAttribute: 232f87dd983dbecb2a4e21e08eb2cef8 -> 
  custom:container-demuxer-webm: 4f35f7cbe854078d1ac9338744f61a02 -> 
  custom:scripting/monoscript/fileName/ClipScript.cs: d454b9a64ca33d8936f1fee1d0b94333 -> a47e0092d1d896ccc176e69669d3233d
  custom:container-muxer-webm: aa71ff27fc2769a1b78a27578f13a17b -> 
  custom:video-decoder-webm-vp8: 9c59270c3fd7afecdb556c50c9e8de78 -> 
  custom:scripting/monoscript/fileName/MovementScript.cs: 0602eb1700489a3ab9cb01ec15ee773a -> 9a1daee93d0a505568922467e5a5e2e0
  custom:SearchIndexIgnoredProperties: e643bd26f0fe6173181afceb89e7c659 -> 
  custom:AudioImporter_EditorPlatform: 2f0ff77a95e0ac474e3e8eeba4e2f7cb -> 
  custom:video-encoder-webm-vp8: eb34c28f22e8b96e1ab97ce403110664 -> 
  custom:audio-decoder-ogg-vorbis: bf7c407c2cedff20999df2af8eb42d56 -> 
  custom:scripting/monoscript/fileName/Item.cs: c2b7fc65fe255f985743270ca947d8ec -> edfd25bbe8f561e55c7415f9c3adacfe
  custom:audio-encoder-webm-vorbis: bf7c407c2cedff20999df2af8eb42d56 -> 
  custom:scripting/precompiled-assembly-types:Assembly-CSharp: 41f1ee419d251e6e11edcae3f7ceedd4 -> 14f21d8c89919019ed129879e7927412
========================================================================
Received Prepare
Caller must complete domain reload
Begin MonoManager ReloadAssembly
- Loaded All Assemblies, in  0.474 seconds
Native extension for LinuxStandalone target not found
Native extension for WindowsStandalone target not found
Mono: successfully reloaded assembly
- Finished resetting the current domain, in  0.880 seconds
Domain Reload Profiling: 1353ms
	BeginReloadAssembly (155ms)
		ExecutionOrderSort (0ms)
		DisableScriptedObjects (6ms)
		BackupInstance (0ms)
		ReleaseScriptingObjects (0ms)
		CreateAndSetChildDomain (51ms)
	RebuildCommonClasses (41ms)
	RebuildNativeTypeToScriptingClass (12ms)
	initialDomainReloadingComplete (37ms)
	LoadAllAssembliesAndSetupDomain (229ms)
		LoadAssemblies (267ms)
		RebuildTransferFunctionScriptingTraits (0ms)
		AnalyzeDomain (26ms)
			TypeCache.Refresh (9ms)
				TypeCache.ScanAssembly (0ms)
			ScanForSourceGeneratedMonoScriptInfo (9ms)
			ResolveRequiredComponents (7ms)
	FinalizeReload (881ms)
		ReleaseScriptCaches (0ms)
		RebuildScriptCaches (0ms)
		SetupLoadedEditorAssemblies (496ms)
			LogAssemblyErrors (0ms)
			InitializePlatformSupportModulesInManaged (46ms)
			SetLoadedEditorAssemblies (13ms)
			RefreshPlugins (0ms)
			BeforeProcessingInitializeOnLoad (79ms)
			ProcessInitializeOnLoadAttributes (321ms)
			ProcessInitializeOnLoadMethodAttributes (30ms)
			AfterProcessingInitializeOnLoad (7ms)
			EditorAssembliesLoaded (0ms)
		ExecutionOrderSort2 (0ms)
		AwakeInstancesAfterBackupRestoration (6ms)
Refreshing native plugins compatible for Editor in 1.74 ms, found 0 plugins.
Preloading 0 native plugins for Editor in 0.00 ms.
Unloading 3254 Unused Serialized files (Serialized files now loaded: 0)
Unloading 14 unused Assets / (28.6 KB). Loaded Objects now: 4072.
Memory consumption went from 134.7 MB to 134.7 MB.
Total: 10.317140 ms (FindLiveObjects: 0.357718 ms CreateObjectMapping: 0.239065 ms MarkObjects: 9.641739 ms  DeleteObjects: 0.077185 ms)

Prepare: number of updated asset objects reloaded= 0
AssetImportParameters requested are different than current active one (requested -> active):
  custom:container-demuxer-ogg: 62fdf1f143b41e24485cea50d1cbac27 -> 
  custom:scripting/monoscript/fileName/HandScript.cs: ab82d9b432b4ff3c2be587dcfc2ef88f -> f6d2d9607a041472806e778f6397f6ff
  custom:scripting/monoscript/fileName/GunScript.cs: 6a8d5652f919b70c5522b0348dc3dc24 -> adaec7589872e88b61019be0f1bdc549
  custom:video-decoder-ogg-theora: a1e56fd34408186e4bbccfd4996cb3dc -> 
  custom:scripting/monoscript/fileName/DoorScript.cs: 6b64305be1d8e8f7400dbe3b416e4f91 -> 
  custom:scripting/monoscript/fileName/BulletScript.cs: 13477a3b0c98cca55096ea1dcfe934dc -> d888d721bde78eacda1c314a50a2cf74
  custom:CustomObjectIndexerAttribute: 232f87dd983dbecb2a4e21e08eb2cef8 -> 
  custom:container-demuxer-webm: 4f35f7cbe854078d1ac9338744f61a02 -> 
  custom:scripting/monoscript/fileName/ClipScript.cs: d454b9a64ca33d8936f1fee1d0b94333 -> a47e0092d1d896ccc176e69669d3233d
  custom:container-muxer-webm: aa71ff27fc2769a1b78a27578f13a17b -> 
  custom:video-decoder-webm-vp8: 9c59270c3fd7afecdb556c50c9e8de78 -> 
  custom:scripting/monoscript/fileName/MovementScript.cs: 0602eb1700489a3ab9cb01ec15ee773a -> 9a1daee93d0a505568922467e5a5e2e0
  custom:SearchIndexIgnoredProperties: e643bd26f0fe6173181afceb89e7c659 -> 
  custom:AudioImporter_EditorPlatform: 2f0ff77a95e0ac474e3e8eeba4e2f7cb -> 
  custom:video-encoder-webm-vp8: eb34c28f22e8b96e1ab97ce403110664 -> 
  custom:audio-decoder-ogg-vorbis: bf7c407c2cedff20999df2af8eb42d56 -> 
  custom:scripting/monoscript/fileName/Item.cs: c2b7fc65fe255f985743270ca947d8ec -> edfd25bbe8f561e55c7415f9c3adacfe
  custom:audio-encoder-webm-vorbis: bf7c407c2cedff20999df2af8eb42d56 -> 
  custom:scripting/precompiled-assembly-types:Assembly-CSharp: 41f1ee419d251e6e11edcae3f7ceedd4 -> 14f21d8c89919019ed129879e7927412
========================================================================
Received Prepare
Caller must complete domain reload
Begin MonoManager ReloadAssembly
- Loaded All Assemblies, in  0.534 seconds
Native extension for LinuxStandalone target not found
Native extension for WindowsStandalone target not found
Mono: successfully reloaded assembly
- Finished resetting the current domain, in  0.975 seconds
Domain Reload Profiling: 1508ms
	BeginReloadAssembly (151ms)
		ExecutionOrderSort (0ms)
		DisableScriptedObjects (6ms)
		BackupInstance (0ms)
		ReleaseScriptingObjects (0ms)
		CreateAndSetChildDomain (48ms)
	RebuildCommonClasses (41ms)
	RebuildNativeTypeToScriptingClass (13ms)
	initialDomainReloadingComplete (36ms)
	LoadAllAssembliesAndSetupDomain (292ms)
		LoadAssemblies (320ms)
		RebuildTransferFunctionScriptingTraits (0ms)
		AnalyzeDomain (36ms)
			TypeCache.Refresh (11ms)
				TypeCache.ScanAssembly (0ms)
			ScanForSourceGeneratedMonoScriptInfo (13ms)
			ResolveRequiredComponents (10ms)
	FinalizeReload (975ms)
		ReleaseScriptCaches (0ms)
		RebuildScriptCaches (0ms)
		SetupLoadedEditorAssemblies (526ms)
			LogAssemblyErrors (0ms)
			InitializePlatformSupportModulesInManaged (47ms)
			SetLoadedEditorAssemblies (6ms)
			RefreshPlugins (0ms)
			BeforeProcessingInitializeOnLoad (77ms)
			ProcessInitializeOnLoadAttributes (358ms)
			ProcessInitializeOnLoadMethodAttributes (31ms)
			AfterProcessingInitializeOnLoad (7ms)
			EditorAssembliesLoaded (0ms)
		ExecutionOrderSort2 (0ms)
		AwakeInstancesAfterBackupRestoration (6ms)
Refreshing native plugins compatible for Editor in 1.79 ms, found 0 plugins.
Preloading 0 native plugins for Editor in 0.00 ms.
Unloading 3254 Unused Serialized files (Serialized files now loaded: 0)
Unloading 14 unused Assets / (28.7 KB). Loaded Objects now: 4076.
Memory consumption went from 134.7 MB to 134.7 MB.
Total: 4.512493 ms (FindLiveObjects: 0.367477 ms CreateObjectMapping: 0.259055 ms MarkObjects: 3.830272 ms  DeleteObjects: 0.053926 ms)

Prepare: number of updated asset objects reloaded= 0
AssetImportParameters requested are different than current active one (requested -> active):
  custom:container-demuxer-ogg: 62fdf1f143b41e24485cea50d1cbac27 -> 
  custom:scripting/monoscript/fileName/HandScript.cs: ab82d9b432b4ff3c2be587dcfc2ef88f -> f6d2d9607a041472806e778f6397f6ff
  custom:scripting/monoscript/fileName/GunScript.cs: 6a8d5652f919b70c5522b0348dc3dc24 -> adaec7589872e88b61019be0f1bdc549
  custom:video-decoder-ogg-theora: a1e56fd34408186e4bbccfd4996cb3dc -> 
  custom:scripting/monoscript/fileName/DoorScript.cs: 6b64305be1d8e8f7400dbe3b416e4f91 -> 
  custom:scripting/monoscript/fileName/BulletScript.cs: 13477a3b0c98cca55096ea1dcfe934dc -> d888d721bde78eacda1c314a50a2cf74
  custom:CustomObjectIndexerAttribute: 232f87dd983dbecb2a4e21e08eb2cef8 -> 
  custom:container-demuxer-webm: 4f35f7cbe854078d1ac9338744f61a02 -> 
  custom:scripting/monoscript/fileName/ClipScript.cs: d454b9a64ca33d8936f1fee1d0b94333 -> a47e0092d1d896ccc176e69669d3233d
  custom:container-muxer-webm: aa71ff27fc2769a1b78a27578f13a17b -> 
  custom:video-decoder-webm-vp8: 9c59270c3fd7afecdb556c50c9e8de78 -> 
  custom:scripting/monoscript/fileName/MovementScript.cs: 0602eb1700489a3ab9cb01ec15ee773a -> 9a1daee93d0a505568922467e5a5e2e0
  custom:SearchIndexIgnoredProperties: e643bd26f0fe6173181afceb89e7c659 -> 
  custom:AudioImporter_EditorPlatform: 2f0ff77a95e0ac474e3e8eeba4e2f7cb -> 
  custom:video-encoder-webm-vp8: eb34c28f22e8b96e1ab97ce403110664 -> 
  custom:audio-decoder-ogg-vorbis: bf7c407c2cedff20999df2af8eb42d56 -> 
  custom:scripting/monoscript/fileName/Item.cs: c2b7fc65fe255f985743270ca947d8ec -> edfd25bbe8f561e55c7415f9c3adacfe
  custom:audio-encoder-webm-vorbis: bf7c407c2cedff20999df2af8eb42d56 -> 
  custom:scripting/precompiled-assembly-types:Assembly-CSharp: 41f1ee419d251e6e11edcae3f7ceedd4 -> 14f21d8c89919019ed129879e7927412
========================================================================
Received Prepare
Caller must complete domain reload
Begin MonoManager ReloadAssembly
- Loaded All Assemblies, in  0.463 seconds
Native extension for LinuxStandalone target not found
Native extension for WindowsStandalone target not found
Mono: successfully reloaded assembly
- Finished resetting the current domain, in  0.893 seconds
Domain Reload Profiling: 1356ms
	BeginReloadAssembly (153ms)
		ExecutionOrderSort (0ms)
		DisableScriptedObjects (6ms)
		BackupInstance (0ms)
		ReleaseScriptingObjects (0ms)
		CreateAndSetChildDomain (50ms)
	RebuildCommonClasses (41ms)
	RebuildNativeTypeToScriptingClass (15ms)
	initialDomainReloadingComplete (37ms)
	LoadAllAssembliesAndSetupDomain (217ms)
		LoadAssemblies (256ms)
		RebuildTransferFunctionScriptingTraits (0ms)
		AnalyzeDomain (26ms)
			TypeCache.Refresh (9ms)
				TypeCache.ScanAssembly (0ms)
			ScanForSourceGeneratedMonoScriptInfo (9ms)
			ResolveRequiredComponents (7ms)
	FinalizeReload (894ms)
		ReleaseScriptCaches (0ms)
		RebuildScriptCaches (0ms)
		SetupLoadedEditorAssemblies (503ms)
			LogAssemblyErrors (0ms)
			InitializePlatformSupportModulesInManaged (44ms)
			SetLoadedEditorAssemblies (6ms)
			RefreshPlugins (0ms)
			BeforeProcessingInitializeOnLoad (78ms)
			ProcessInitializeOnLoadAttributes (331ms)
			ProcessInitializeOnLoadMethodAttributes (36ms)
			AfterProcessingInitializeOnLoad (7ms)
			EditorAssembliesLoaded (0ms)
		ExecutionOrderSort2 (0ms)
		AwakeInstancesAfterBackupRestoration (6ms)
Refreshing native plugins compatible for Editor in 1.10 ms, found 0 plugins.
Preloading 0 native plugins for Editor in 0.00 ms.
Unloading 3254 Unused Serialized files (Serialized files now loaded: 0)
Unloading 14 unused Assets / (28.6 KB). Loaded Objects now: 4080.
Memory consumption went from 134.7 MB to 134.7 MB.
Total: 6.586425 ms (FindLiveObjects: 0.404820 ms CreateObjectMapping: 0.280525 ms MarkObjects: 5.837292 ms  DeleteObjects: 0.062074 ms)

Prepare: number of updated asset objects reloaded= 0
AssetImportParameters requested are different than current active one (requested -> active):
  custom:container-demuxer-ogg: 62fdf1f143b41e24485cea50d1cbac27 -> 
  custom:scripting/monoscript/fileName/HandScript.cs: ab82d9b432b4ff3c2be587dcfc2ef88f -> f6d2d9607a041472806e778f6397f6ff
  custom:scripting/monoscript/fileName/GunScript.cs: 6a8d5652f919b70c5522b0348dc3dc24 -> adaec7589872e88b61019be0f1bdc549
  custom:video-decoder-ogg-theora: a1e56fd34408186e4bbccfd4996cb3dc -> 
  custom:scripting/monoscript/fileName/DoorScript.cs: 6b64305be1d8e8f7400dbe3b416e4f91 -> 
  custom:scripting/monoscript/fileName/BulletScript.cs: 13477a3b0c98cca55096ea1dcfe934dc -> d888d721bde78eacda1c314a50a2cf74
  custom:CustomObjectIndexerAttribute: 232f87dd983dbecb2a4e21e08eb2cef8 -> 
  custom:container-demuxer-webm: 4f35f7cbe854078d1ac9338744f61a02 -> 
  custom:scripting/monoscript/fileName/ClipScript.cs: d454b9a64ca33d8936f1fee1d0b94333 -> a47e0092d1d896ccc176e69669d3233d
  custom:container-muxer-webm: aa71ff27fc2769a1b78a27578f13a17b -> 
  custom:video-decoder-webm-vp8: 9c59270c3fd7afecdb556c50c9e8de78 -> 
  custom:scripting/monoscript/fileName/MovementScript.cs: 0602eb1700489a3ab9cb01ec15ee773a -> 9a1daee93d0a505568922467e5a5e2e0
  custom:SearchIndexIgnoredProperties: e643bd26f0fe6173181afceb89e7c659 -> 
  custom:AudioImporter_EditorPlatform: 2f0ff77a95e0ac474e3e8eeba4e2f7cb -> 
  custom:video-encoder-webm-vp8: eb34c28f22e8b96e1ab97ce403110664 -> 
  custom:audio-decoder-ogg-vorbis: bf7c407c2cedff20999df2af8eb42d56 -> 
  custom:scripting/monoscript/fileName/Item.cs: c2b7fc65fe255f985743270ca947d8ec -> edfd25bbe8f561e55c7415f9c3adacfe
  custom:audio-encoder-webm-vorbis: bf7c407c2cedff20999df2af8eb42d56 -> 
  custom:scripting/precompiled-assembly-types:Assembly-CSharp: 41f1ee419d251e6e11edcae3f7ceedd4 -> 14f21d8c89919019ed129879e7927412
========================================================================
Received Prepare
Caller must complete domain reload
Begin MonoManager ReloadAssembly
- Loaded All Assemblies, in  0.485 seconds
Native extension for LinuxStandalone target not found
Native extension for WindowsStandalone target not found
Mono: successfully reloaded assembly
- Finished resetting the current domain, in  1.072 seconds
Domain Reload Profiling: 1557ms
	BeginReloadAssembly (153ms)
		ExecutionOrderSort (0ms)
		DisableScriptedObjects (7ms)
		BackupInstance (0ms)
		ReleaseScriptingObjects (0ms)
		CreateAndSetChildDomain (48ms)
	RebuildCommonClasses (41ms)
	RebuildNativeTypeToScriptingClass (13ms)
	initialDomainReloadingComplete (37ms)
	LoadAllAssembliesAndSetupDomain (239ms)
		LoadAssemblies (276ms)
		RebuildTransferFunctionScriptingTraits (0ms)
		AnalyzeDomain (28ms)
			TypeCache.Refresh (11ms)
				TypeCache.ScanAssembly (0ms)
			ScanForSourceGeneratedMonoScriptInfo (9ms)
			ResolveRequiredComponents (6ms)
	FinalizeReload (1073ms)
		ReleaseScriptCaches (0ms)
		RebuildScriptCaches (0ms)
		SetupLoadedEditorAssemblies (640ms)
			LogAssemblyErrors (0ms)
			InitializePlatformSupportModulesInManaged (54ms)
			SetLoadedEditorAssemblies (11ms)
			RefreshPlugins (0ms)
			BeforeProcessingInitializeOnLoad (108ms)
			ProcessInitializeOnLoadAttributes (419ms)
			ProcessInitializeOnLoadMethodAttributes (40ms)
			AfterProcessingInitializeOnLoad (8ms)
			EditorAssembliesLoaded (0ms)
		ExecutionOrderSort2 (0ms)
		AwakeInstancesAfterBackupRestoration (7ms)
Refreshing native plugins compatible for Editor in 1.13 ms, found 0 plugins.
Preloading 0 native plugins for Editor in 0.00 ms.
Unloading 3254 Unused Serialized files (Serialized files now loaded: 0)
Unloading 14 unused Assets / (28.6 KB). Loaded Objects now: 4084.
Memory consumption went from 134.7 MB to 134.7 MB.
Total: 4.225773 ms (FindLiveObjects: 0.396436 ms CreateObjectMapping: 0.234468 ms MarkObjects: 3.522837 ms  DeleteObjects: 0.070675 ms)

Prepare: number of updated asset objects reloaded= 0
AssetImportParameters requested are different than current active one (requested -> active):
  custom:container-demuxer-ogg: 62fdf1f143b41e24485cea50d1cbac27 -> 
  custom:scripting/monoscript/fileName/HandScript.cs: ab82d9b432b4ff3c2be587dcfc2ef88f -> f6d2d9607a041472806e778f6397f6ff
  custom:scripting/monoscript/fileName/GunScript.cs: 6a8d5652f919b70c5522b0348dc3dc24 -> adaec7589872e88b61019be0f1bdc549
  custom:video-decoder-ogg-theora: a1e56fd34408186e4bbccfd4996cb3dc -> 
  custom:scripting/monoscript/fileName/DoorScript.cs: 6b64305be1d8e8f7400dbe3b416e4f91 -> 
  custom:scripting/monoscript/fileName/BulletScript.cs: 13477a3b0c98cca55096ea1dcfe934dc -> d888d721bde78eacda1c314a50a2cf74
  custom:CustomObjectIndexerAttribute: 232f87dd983dbecb2a4e21e08eb2cef8 -> 
  custom:container-demuxer-webm: 4f35f7cbe854078d1ac9338744f61a02 -> 
  custom:scripting/monoscript/fileName/ClipScript.cs: d454b9a64ca33d8936f1fee1d0b94333 -> a47e0092d1d896ccc176e69669d3233d
  custom:container-muxer-webm: aa71ff27fc2769a1b78a27578f13a17b -> 
  custom:video-decoder-webm-vp8: 9c59270c3fd7afecdb556c50c9e8de78 -> 
  custom:scripting/monoscript/fileName/MovementScript.cs: 0602eb1700489a3ab9cb01ec15ee773a -> 9a1daee93d0a505568922467e5a5e2e0
  custom:SearchIndexIgnoredProperties: e643bd26f0fe6173181afceb89e7c659 -> 
  custom:AudioImporter_EditorPlatform: 2f0ff77a95e0ac474e3e8eeba4e2f7cb -> 
  custom:video-encoder-webm-vp8: eb34c28f22e8b96e1ab97ce403110664 -> 
  custom:audio-decoder-ogg-vorbis: bf7c407c2cedff20999df2af8eb42d56 -> 
  custom:scripting/monoscript/fileName/Item.cs: c2b7fc65fe255f985743270ca947d8ec -> edfd25bbe8f561e55c7415f9c3adacfe
  custom:audio-encoder-webm-vorbis: bf7c407c2cedff20999df2af8eb42d56 -> 
  custom:scripting/precompiled-assembly-types:Assembly-CSharp: 41f1ee419d251e6e11edcae3f7ceedd4 -> 14f21d8c89919019ed129879e7927412
========================================================================
Received Import Request.
  Time since last request: 7423.758529 seconds.
  path: Assets/Prefabs/Pistol Bullet.prefab
  artifactKey: Guid(a9f156c86a1e2a74eb53a610486c3040) Importer(815301076,1909f56bfc062723c751e8b465ee728b)
Start importing Assets/Prefabs/Pistol Bullet.prefab using Guid(a9f156c86a1e2a74eb53a610486c3040) Importer(815301076,1909f56bfc062723c751e8b465ee728b) [PhysX] Initialized MultithreadedTaskDispatcher with 8 workers.
[PhysX] Initialized MultithreadedTaskDispatcher with 8 workers.
 -> (artifact id: '11b68a467820824edfe05c3d026a70fc') in 0.101077 seconds
Number of updated asset objects reloaded before import = 0
Number of asset objects unloaded after import = 13
========================================================================
Received Prepare
Caller must complete domain reload
Begin MonoManager ReloadAssembly
- Loaded All Assemblies, in  0.499 seconds
Native extension for LinuxStandalone target not found
Native extension for WindowsStandalone target not found
Mono: successfully reloaded assembly
- Finished resetting the current domain, in  1.018 seconds
Domain Reload Profiling: 1517ms
	BeginReloadAssembly (168ms)
		ExecutionOrderSort (0ms)
		DisableScriptedObjects (7ms)
		BackupInstance (0ms)
		ReleaseScriptingObjects (0ms)
		CreateAndSetChildDomain (58ms)
	RebuildCommonClasses (46ms)
	RebuildNativeTypeToScriptingClass (13ms)
	initialDomainReloadingComplete (39ms)
	LoadAllAssembliesAndSetupDomain (232ms)
		LoadAssemblies (273ms)
		RebuildTransferFunctionScriptingTraits (0ms)
		AnalyzeDomain (28ms)
			TypeCache.Refresh (11ms)
				TypeCache.ScanAssembly (0ms)
			ScanForSourceGeneratedMonoScriptInfo (9ms)
			ResolveRequiredComponents (7ms)
	FinalizeReload (1019ms)
		ReleaseScriptCaches (0ms)
		RebuildScriptCaches (0ms)
		SetupLoadedEditorAssemblies (600ms)
			LogAssemblyErrors (0ms)
			InitializePlatformSupportModulesInManaged (47ms)
			SetLoadedEditorAssemblies (6ms)
			RefreshPlugins (0ms)
			BeforeProcessingInitializeOnLoad (79ms)
			ProcessInitializeOnLoadAttributes (415ms)
			ProcessInitializeOnLoadMethodAttributes (44ms)
			AfterProcessingInitializeOnLoad (9ms)
			EditorAssembliesLoaded (0ms)
		ExecutionOrderSort2 (0ms)
		AwakeInstancesAfterBackupRestoration (9ms)
Refreshing native plugins compatible for Editor in 1.29 ms, found 0 plugins.
Preloading 0 native plugins for Editor in 0.00 ms.
Unloading 3253 Unused Serialized files (Serialized files now loaded: 0)
Unloading 14 unused Assets / (28.6 KB). Loaded Objects now: 4088.
Memory consumption went from 134.5 MB to 134.5 MB.
Total: 5.311228 ms (FindLiveObjects: 0.315182 ms CreateObjectMapping: 0.295128 ms MarkObjects: 4.631852 ms  DeleteObjects: 0.067441 ms)

Prepare: number of updated asset objects reloaded= 0
AssetImportParameters requested are different than current active one (requested -> active):
  custom:container-demuxer-ogg: 62fdf1f143b41e24485cea50d1cbac27 -> 
  custom:scripting/monoscript/fileName/HandScript.cs: ab82d9b432b4ff3c2be587dcfc2ef88f -> f6d2d9607a041472806e778f6397f6ff
  custom:scripting/monoscript/fileName/GunScript.cs: 6a8d5652f919b70c5522b0348dc3dc24 -> adaec7589872e88b61019be0f1bdc549
  custom:video-decoder-ogg-theora: a1e56fd34408186e4bbccfd4996cb3dc -> 
  custom:scripting/monoscript/fileName/DoorScript.cs: 6b64305be1d8e8f7400dbe3b416e4f91 -> 
  custom:scripting/monoscript/fileName/BulletScript.cs: 13477a3b0c98cca55096ea1dcfe934dc -> d888d721bde78eacda1c314a50a2cf74
  custom:CustomObjectIndexerAttribute: 232f87dd983dbecb2a4e21e08eb2cef8 -> 
  custom:container-demuxer-webm: 4f35f7cbe854078d1ac9338744f61a02 -> 
  custom:scripting/monoscript/fileName/ClipScript.cs: d454b9a64ca33d8936f1fee1d0b94333 -> a47e0092d1d896ccc176e69669d3233d
  custom:container-muxer-webm: aa71ff27fc2769a1b78a27578f13a17b -> 
  custom:video-decoder-webm-vp8: 9c59270c3fd7afecdb556c50c9e8de78 -> 
  custom:scripting/monoscript/fileName/MovementScript.cs: 0602eb1700489a3ab9cb01ec15ee773a -> 9a1daee93d0a505568922467e5a5e2e0
  custom:SearchIndexIgnoredProperties: e643bd26f0fe6173181afceb89e7c659 -> 
  custom:AudioImporter_EditorPlatform: 2f0ff77a95e0ac474e3e8eeba4e2f7cb -> 
  custom:video-encoder-webm-vp8: eb34c28f22e8b96e1ab97ce403110664 -> 
  custom:audio-decoder-ogg-vorbis: bf7c407c2cedff20999df2af8eb42d56 -> 
  custom:scripting/monoscript/fileName/Item.cs: c2b7fc65fe255f985743270ca947d8ec -> edfd25bbe8f561e55c7415f9c3adacfe
  custom:audio-encoder-webm-vorbis: bf7c407c2cedff20999df2af8eb42d56 -> 
  custom:scripting/precompiled-assembly-types:Assembly-CSharp: 41f1ee419d251e6e11edcae3f7ceedd4 -> 14f21d8c89919019ed129879e7927412
========================================================================
Received Prepare
Caller must complete domain reload
Begin MonoManager ReloadAssembly
- Loaded All Assemblies, in  0.491 seconds
Native extension for LinuxStandalone target not found
Native extension for WindowsStandalone target not found
Mono: successfully reloaded assembly
- Finished resetting the current domain, in  0.941 seconds
Domain Reload Profiling: 1431ms
	BeginReloadAssembly (164ms)
		ExecutionOrderSort (0ms)
		DisableScriptedObjects (7ms)
		BackupInstance (0ms)
		ReleaseScriptingObjects (0ms)
		CreateAndSetChildDomain (53ms)
	RebuildCommonClasses (45ms)
	RebuildNativeTypeToScriptingClass (15ms)
	initialDomainReloadingComplete (40ms)
	LoadAllAssembliesAndSetupDomain (226ms)
		LoadAssemblies (270ms)
		RebuildTransferFunctionScriptingTraits (0ms)
		AnalyzeDomain (25ms)
			TypeCache.Refresh (9ms)
				TypeCache.ScanAssembly (0ms)
			ScanForSourceGeneratedMonoScriptInfo (9ms)
			ResolveRequiredComponents (6ms)
	FinalizeReload (941ms)
		ReleaseScriptCaches (0ms)
		RebuildScriptCaches (0ms)
		SetupLoadedEditorAssemblies (548ms)
			LogAssemblyErrors (0ms)
			InitializePlatformSupportModulesInManaged (49ms)
			SetLoadedEditorAssemblies (9ms)
			RefreshPlugins (0ms)
			BeforeProcessingInitializeOnLoad (87ms)
			ProcessInitializeOnLoadAttributes (357ms)
			ProcessInitializeOnLoadMethodAttributes (39ms)
			AfterProcessingInitializeOnLoad (7ms)
			EditorAssembliesLoaded (0ms)
		ExecutionOrderSort2 (0ms)
		AwakeInstancesAfterBackupRestoration (6ms)
Refreshing native plugins compatible for Editor in 1.35 ms, found 0 plugins.
Preloading 0 native plugins for Editor in 0.00 ms.
Unloading 3254 Unused Serialized files (Serialized files now loaded: 0)
Unloading 14 unused Assets / (28.6 KB). Loaded Objects now: 4092.
Memory consumption went from 134.8 MB to 134.7 MB.
Total: 4.069887 ms (FindLiveObjects: 0.337362 ms CreateObjectMapping: 0.239840 ms MarkObjects: 3.435229 ms  DeleteObjects: 0.055930 ms)

Prepare: number of updated asset objects reloaded= 0
AssetImportParameters requested are different than current active one (requested -> active):
  custom:container-demuxer-ogg: 62fdf1f143b41e24485cea50d1cbac27 -> 
  custom:scripting/monoscript/fileName/HandScript.cs: ab82d9b432b4ff3c2be587dcfc2ef88f -> f6d2d9607a041472806e778f6397f6ff
  custom:scripting/monoscript/fileName/GunScript.cs: 6a8d5652f919b70c5522b0348dc3dc24 -> adaec7589872e88b61019be0f1bdc549
  custom:video-decoder-ogg-theora: a1e56fd34408186e4bbccfd4996cb3dc -> 
  custom:scripting/monoscript/fileName/DoorScript.cs: 6b64305be1d8e8f7400dbe3b416e4f91 -> 
  custom:scripting/monoscript/fileName/BulletScript.cs: 13477a3b0c98cca55096ea1dcfe934dc -> d888d721bde78eacda1c314a50a2cf74
  custom:CustomObjectIndexerAttribute: 232f87dd983dbecb2a4e21e08eb2cef8 -> 
  custom:container-demuxer-webm: 4f35f7cbe854078d1ac9338744f61a02 -> 
  custom:scripting/monoscript/fileName/ClipScript.cs: d454b9a64ca33d8936f1fee1d0b94333 -> a47e0092d1d896ccc176e69669d3233d
  custom:container-muxer-webm: aa71ff27fc2769a1b78a27578f13a17b -> 
  custom:video-decoder-webm-vp8: 9c59270c3fd7afecdb556c50c9e8de78 -> 
  custom:scripting/monoscript/fileName/MovementScript.cs: 0602eb1700489a3ab9cb01ec15ee773a -> 9a1daee93d0a505568922467e5a5e2e0
  custom:SearchIndexIgnoredProperties: e643bd26f0fe6173181afceb89e7c659 -> 
  custom:AudioImporter_EditorPlatform: 2f0ff77a95e0ac474e3e8eeba4e2f7cb -> 
  custom:video-encoder-webm-vp8: eb34c28f22e8b96e1ab97ce403110664 -> 
  custom:audio-decoder-ogg-vorbis: bf7c407c2cedff20999df2af8eb42d56 -> 
  custom:scripting/monoscript/fileName/Item.cs: c2b7fc65fe255f985743270ca947d8ec -> edfd25bbe8f561e55c7415f9c3adacfe
  custom:audio-encoder-webm-vorbis: bf7c407c2cedff20999df2af8eb42d56 -> 
  custom:scripting/precompiled-assembly-types:Assembly-CSharp: 41f1ee419d251e6e11edcae3f7ceedd4 -> 14f21d8c89919019ed129879e7927412
========================================================================
Received Prepare
Caller must complete domain reload
Begin MonoManager ReloadAssembly
- Loaded All Assemblies, in  0.476 seconds
Native extension for LinuxStandalone target not found
Native extension for WindowsStandalone target not found
Mono: successfully reloaded assembly
- Finished resetting the current domain, in  0.916 seconds
Domain Reload Profiling: 1391ms
	BeginReloadAssembly (154ms)
		ExecutionOrderSort (0ms)
		DisableScriptedObjects (7ms)
		BackupInstance (0ms)
		ReleaseScriptingObjects (0ms)
		CreateAndSetChildDomain (47ms)
	RebuildCommonClasses (43ms)
	RebuildNativeTypeToScriptingClass (13ms)
	initialDomainReloadingComplete (38ms)
	LoadAllAssembliesAndSetupDomain (227ms)
		LoadAssemblies (269ms)
		RebuildTransferFunctionScriptingTraits (0ms)
		AnalyzeDomain (25ms)
			TypeCache.Refresh (9ms)
				TypeCache.ScanAssembly (0ms)
			ScanForSourceGeneratedMonoScriptInfo (8ms)
			ResolveRequiredComponents (6ms)
	FinalizeReload (916ms)
		ReleaseScriptCaches (0ms)
		RebuildScriptCaches (0ms)
		SetupLoadedEditorAssemblies (525ms)
			LogAssemblyErrors (0ms)
			InitializePlatformSupportModulesInManaged (46ms)
			SetLoadedEditorAssemblies (7ms)
			RefreshPlugins (0ms)
			BeforeProcessingInitializeOnLoad (84ms)
			ProcessInitializeOnLoadAttributes (343ms)
			ProcessInitializeOnLoadMethodAttributes (35ms)
			AfterProcessingInitializeOnLoad (9ms)
			EditorAssembliesLoaded (0ms)
		ExecutionOrderSort2 (0ms)
		AwakeInstancesAfterBackupRestoration (6ms)
Refreshing native plugins compatible for Editor in 2.16 ms, found 0 plugins.
Preloading 0 native plugins for Editor in 0.00 ms.
Unloading 3254 Unused Serialized files (Serialized files now loaded: 0)
Unloading 14 unused Assets / (28.7 KB). Loaded Objects now: 4096.
Memory consumption went from 134.8 MB to 134.7 MB.
Total: 5.435244 ms (FindLiveObjects: 0.387323 ms CreateObjectMapping: 0.293807 ms MarkObjects: 4.565465 ms  DeleteObjects: 0.186353 ms)

Prepare: number of updated asset objects reloaded= 0
AssetImportParameters requested are different than current active one (requested -> active):
  custom:container-demuxer-ogg: 62fdf1f143b41e24485cea50d1cbac27 -> 
  custom:scripting/monoscript/fileName/HandScript.cs: ab82d9b432b4ff3c2be587dcfc2ef88f -> f6d2d9607a041472806e778f6397f6ff
  custom:scripting/monoscript/fileName/GunScript.cs: 6a8d5652f919b70c5522b0348dc3dc24 -> adaec7589872e88b61019be0f1bdc549
  custom:video-decoder-ogg-theora: a1e56fd34408186e4bbccfd4996cb3dc -> 
  custom:scripting/monoscript/fileName/DoorScript.cs: 6b64305be1d8e8f7400dbe3b416e4f91 -> 
  custom:scripting/monoscript/fileName/BulletScript.cs: 13477a3b0c98cca55096ea1dcfe934dc -> d888d721bde78eacda1c314a50a2cf74
  custom:CustomObjectIndexerAttribute: 232f87dd983dbecb2a4e21e08eb2cef8 -> 
  custom:container-demuxer-webm: 4f35f7cbe854078d1ac9338744f61a02 -> 
  custom:scripting/monoscript/fileName/ClipScript.cs: d454b9a64ca33d8936f1fee1d0b94333 -> a47e0092d1d896ccc176e69669d3233d
  custom:container-muxer-webm: aa71ff27fc2769a1b78a27578f13a17b -> 
  custom:video-decoder-webm-vp8: 9c59270c3fd7afecdb556c50c9e8de78 -> 
  custom:scripting/monoscript/fileName/MovementScript.cs: 0602eb1700489a3ab9cb01ec15ee773a -> 9a1daee93d0a505568922467e5a5e2e0
  custom:SearchIndexIgnoredProperties: e643bd26f0fe6173181afceb89e7c659 -> 
  custom:AudioImporter_EditorPlatform: 2f0ff77a95e0ac474e3e8eeba4e2f7cb -> 
  custom:video-encoder-webm-vp8: eb34c28f22e8b96e1ab97ce403110664 -> 
  custom:audio-decoder-ogg-vorbis: bf7c407c2cedff20999df2af8eb42d56 -> 
  custom:scripting/monoscript/fileName/Item.cs: c2b7fc65fe255f985743270ca947d8ec -> edfd25bbe8f561e55c7415f9c3adacfe
  custom:audio-encoder-webm-vorbis: bf7c407c2cedff20999df2af8eb42d56 -> 
  custom:scripting/precompiled-assembly-types:Assembly-CSharp: 41f1ee419d251e6e11edcae3f7ceedd4 -> 14f21d8c89919019ed129879e7927412
========================================================================
Received Prepare
Caller must complete domain reload
Begin MonoManager ReloadAssembly
- Loaded All Assemblies, in  0.548 seconds
Native extension for LinuxStandalone target not found
Native extension for WindowsStandalone target not found
Mono: successfully reloaded assembly
- Finished resetting the current domain, in  1.076 seconds
Domain Reload Profiling: 1623ms
	BeginReloadAssembly (180ms)
		ExecutionOrderSort (0ms)
		DisableScriptedObjects (8ms)
		BackupInstance (0ms)
		ReleaseScriptingObjects (0ms)
		CreateAndSetChildDomain (62ms)
	RebuildCommonClasses (49ms)
	RebuildNativeTypeToScriptingClass (14ms)
	initialDomainReloadingComplete (44ms)
	LoadAllAssembliesAndSetupDomain (259ms)
		LoadAssemblies (304ms)
		RebuildTransferFunctionScriptingTraits (0ms)
		AnalyzeDomain (30ms)
			TypeCache.Refresh (11ms)
				TypeCache.ScanAssembly (0ms)
			ScanForSourceGeneratedMonoScriptInfo (10ms)
			ResolveRequiredComponents (8ms)
	FinalizeReload (1076ms)
		ReleaseScriptCaches (0ms)
		RebuildScriptCaches (0ms)
		SetupLoadedEditorAssemblies (633ms)
			LogAssemblyErrors (0ms)
			InitializePlatformSupportModulesInManaged (52ms)
			SetLoadedEditorAssemblies (7ms)
			RefreshPlugins (0ms)
			BeforeProcessingInitializeOnLoad (89ms)
			ProcessInitializeOnLoadAttributes (434ms)
			ProcessInitializeOnLoadMethodAttributes (43ms)
			AfterProcessingInitializeOnLoad (7ms)
			EditorAssembliesLoaded (0ms)
		ExecutionOrderSort2 (0ms)
		AwakeInstancesAfterBackupRestoration (7ms)
Refreshing native plugins compatible for Editor in 3.59 ms, found 0 plugins.
Preloading 0 native plugins for Editor in 0.00 ms.
Unloading 3254 Unused Serialized files (Serialized files now loaded: 0)
Unloading 14 unused Assets / (28.6 KB). Loaded Objects now: 4100.
Memory consumption went from 134.8 MB to 134.7 MB.
Total: 8.900821 ms (FindLiveObjects: 0.761973 ms CreateObjectMapping: 0.946672 ms MarkObjects: 7.122830 ms  DeleteObjects: 0.067089 ms)

Prepare: number of updated asset objects reloaded= 0
AssetImportParameters requested are different than current active one (requested -> active):
  custom:container-demuxer-ogg: 62fdf1f143b41e24485cea50d1cbac27 -> 
  custom:scripting/monoscript/fileName/HandScript.cs: ab82d9b432b4ff3c2be587dcfc2ef88f -> f6d2d9607a041472806e778f6397f6ff
  custom:scripting/monoscript/fileName/GunScript.cs: 6a8d5652f919b70c5522b0348dc3dc24 -> adaec7589872e88b61019be0f1bdc549
  custom:video-decoder-ogg-theora: a1e56fd34408186e4bbccfd4996cb3dc -> 
  custom:scripting/monoscript/fileName/DoorScript.cs: 6b64305be1d8e8f7400dbe3b416e4f91 -> 
  custom:scripting/monoscript/fileName/BulletScript.cs: 13477a3b0c98cca55096ea1dcfe934dc -> d888d721bde78eacda1c314a50a2cf74
  custom:CustomObjectIndexerAttribute: 232f87dd983dbecb2a4e21e08eb2cef8 -> 
  custom:container-demuxer-webm: 4f35f7cbe854078d1ac9338744f61a02 -> 
  custom:scripting/monoscript/fileName/ClipScript.cs: d454b9a64ca33d8936f1fee1d0b94333 -> a47e0092d1d896ccc176e69669d3233d
  custom:container-muxer-webm: aa71ff27fc2769a1b78a27578f13a17b -> 
  custom:video-decoder-webm-vp8: 9c59270c3fd7afecdb556c50c9e8de78 -> 
  custom:scripting/monoscript/fileName/MovementScript.cs: 0602eb1700489a3ab9cb01ec15ee773a -> 9a1daee93d0a505568922467e5a5e2e0
  custom:SearchIndexIgnoredProperties: e643bd26f0fe6173181afceb89e7c659 -> 
  custom:AudioImporter_EditorPlatform: 2f0ff77a95e0ac474e3e8eeba4e2f7cb -> 
  custom:video-encoder-webm-vp8: eb34c28f22e8b96e1ab97ce403110664 -> 
  custom:audio-decoder-ogg-vorbis: bf7c407c2cedff20999df2af8eb42d56 -> 
  custom:scripting/monoscript/fileName/Item.cs: c2b7fc65fe255f985743270ca947d8ec -> edfd25bbe8f561e55c7415f9c3adacfe
  custom:audio-encoder-webm-vorbis: bf7c407c2cedff20999df2af8eb42d56 -> 
  custom:scripting/precompiled-assembly-types:Assembly-CSharp: 41f1ee419d251e6e11edcae3f7ceedd4 -> 14f21d8c89919019ed129879e7927412
========================================================================
Received Prepare
Caller must complete domain reload
Begin MonoManager ReloadAssembly
- Loaded All Assemblies, in  0.492 seconds
Native extension for LinuxStandalone target not found
Native extension for WindowsStandalone target not found
Mono: successfully reloaded assembly
- Finished resetting the current domain, in  0.949 seconds
Domain Reload Profiling: 1440ms
	BeginReloadAssembly (166ms)
		ExecutionOrderSort (0ms)
		DisableScriptedObjects (7ms)
		BackupInstance (0ms)
		ReleaseScriptingObjects (0ms)
		CreateAndSetChildDomain (52ms)
	RebuildCommonClasses (46ms)
	RebuildNativeTypeToScriptingClass (14ms)
	initialDomainReloadingComplete (38ms)
	LoadAllAssembliesAndSetupDomain (227ms)
		LoadAssemblies (273ms)
		RebuildTransferFunctionScriptingTraits (0ms)
		AnalyzeDomain (27ms)
			TypeCache.Refresh (9ms)
				TypeCache.ScanAssembly (0ms)
			ScanForSourceGeneratedMonoScriptInfo (9ms)
			ResolveRequiredComponents (6ms)
	FinalizeReload (949ms)
		ReleaseScriptCaches (0ms)
		RebuildScriptCaches (0ms)
		SetupLoadedEditorAssemblies (540ms)
			LogAssemblyErrors (0ms)
			InitializePlatformSupportModulesInManaged (53ms)
			SetLoadedEditorAssemblies (7ms)
			RefreshPlugins (0ms)
			BeforeProcessingInitializeOnLoad (82ms)
			ProcessInitializeOnLoadAttributes (354ms)
			ProcessInitializeOnLoadMethodAttributes (36ms)
			AfterProcessingInitializeOnLoad (7ms)
			EditorAssembliesLoaded (0ms)
		ExecutionOrderSort2 (0ms)
		AwakeInstancesAfterBackupRestoration (5ms)
Refreshing native plugins compatible for Editor in 1.16 ms, found 0 plugins.
Preloading 0 native plugins for Editor in 0.00 ms.
Unloading 3254 Unused Serialized files (Serialized files now loaded: 0)
Unloading 14 unused Assets / (28.6 KB). Loaded Objects now: 4104.
Memory consumption went from 134.8 MB to 134.7 MB.
Total: 8.873800 ms (FindLiveObjects: 1.092163 ms CreateObjectMapping: 0.709686 ms MarkObjects: 6.985437 ms  DeleteObjects: 0.082406 ms)

Prepare: number of updated asset objects reloaded= 0
AssetImportParameters requested are different than current active one (requested -> active):
  custom:container-demuxer-ogg: 62fdf1f143b41e24485cea50d1cbac27 -> 
  custom:scripting/monoscript/fileName/HandScript.cs: ab82d9b432b4ff3c2be587dcfc2ef88f -> f6d2d9607a041472806e778f6397f6ff
  custom:scripting/monoscript/fileName/GunScript.cs: 6a8d5652f919b70c5522b0348dc3dc24 -> adaec7589872e88b61019be0f1bdc549
  custom:video-decoder-ogg-theora: a1e56fd34408186e4bbccfd4996cb3dc -> 
  custom:scripting/monoscript/fileName/DoorScript.cs: 6b64305be1d8e8f7400dbe3b416e4f91 -> 
  custom:scripting/monoscript/fileName/BulletScript.cs: 13477a3b0c98cca55096ea1dcfe934dc -> d888d721bde78eacda1c314a50a2cf74
  custom:CustomObjectIndexerAttribute: 232f87dd983dbecb2a4e21e08eb2cef8 -> 
  custom:container-demuxer-webm: 4f35f7cbe854078d1ac9338744f61a02 -> 
  custom:scripting/monoscript/fileName/ClipScript.cs: d454b9a64ca33d8936f1fee1d0b94333 -> a47e0092d1d896ccc176e69669d3233d
  custom:container-muxer-webm: aa71ff27fc2769a1b78a27578f13a17b -> 
  custom:video-decoder-webm-vp8: 9c59270c3fd7afecdb556c50c9e8de78 -> 
  custom:scripting/monoscript/fileName/MovementScript.cs: 0602eb1700489a3ab9cb01ec15ee773a -> 9a1daee93d0a505568922467e5a5e2e0
  custom:SearchIndexIgnoredProperties: e643bd26f0fe6173181afceb89e7c659 -> 
  custom:AudioImporter_EditorPlatform: 2f0ff77a95e0ac474e3e8eeba4e2f7cb -> 
  custom:video-encoder-webm-vp8: eb34c28f22e8b96e1ab97ce403110664 -> 
  custom:audio-decoder-ogg-vorbis: bf7c407c2cedff20999df2af8eb42d56 -> 
  custom:scripting/monoscript/fileName/Item.cs: c2b7fc65fe255f985743270ca947d8ec -> edfd25bbe8f561e55c7415f9c3adacfe
  custom:audio-encoder-webm-vorbis: bf7c407c2cedff20999df2af8eb42d56 -> 
  custom:scripting/precompiled-assembly-types:Assembly-CSharp: 41f1ee419d251e6e11edcae3f7ceedd4 -> 14f21d8c89919019ed129879e7927412
========================================================================
Received Prepare
Caller must complete domain reload
Begin MonoManager ReloadAssembly
- Loaded All Assemblies, in  0.490 seconds
Native extension for LinuxStandalone target not found
Native extension for WindowsStandalone target not found
Mono: successfully reloaded assembly
- Finished resetting the current domain, in  0.967 seconds
Domain Reload Profiling: 1457ms
	BeginReloadAssembly (161ms)
		ExecutionOrderSort (0ms)
		DisableScriptedObjects (7ms)
		BackupInstance (0ms)
		ReleaseScriptingObjects (0ms)
		CreateAndSetChildDomain (52ms)
	RebuildCommonClasses (46ms)
	RebuildNativeTypeToScriptingClass (12ms)
	initialDomainReloadingComplete (39ms)
	LoadAllAssembliesAndSetupDomain (231ms)
		LoadAssemblies (272ms)
		RebuildTransferFunctionScriptingTraits (0ms)
		AnalyzeDomain (27ms)
			TypeCache.Refresh (9ms)
				TypeCache.ScanAssembly (0ms)
			ScanForSourceGeneratedMonoScriptInfo (9ms)
			ResolveRequiredComponents (8ms)
	FinalizeReload (968ms)
		ReleaseScriptCaches (0ms)
		RebuildScriptCaches (0ms)
		SetupLoadedEditorAssemblies (545ms)
			LogAssemblyErrors (0ms)
			InitializePlatformSupportModulesInManaged (47ms)
			SetLoadedEditorAssemblies (6ms)
			RefreshPlugins (0ms)
			BeforeProcessingInitializeOnLoad (91ms)
			ProcessInitializeOnLoadAttributes (360ms)
			ProcessInitializeOnLoadMethodAttributes (32ms)
			AfterProcessingInitializeOnLoad (8ms)
			EditorAssembliesLoaded (0ms)
		ExecutionOrderSort2 (0ms)
		AwakeInstancesAfterBackupRestoration (9ms)
Refreshing native plugins compatible for Editor in 2.16 ms, found 0 plugins.
Preloading 0 native plugins for Editor in 0.00 ms.
Unloading 3254 Unused Serialized files (Serialized files now loaded: 0)
Unloading 14 unused Assets / (28.7 KB). Loaded Objects now: 4108.
Memory consumption went from 134.8 MB to 134.7 MB.
Total: 5.272558 ms (FindLiveObjects: 0.480247 ms CreateObjectMapping: 0.495040 ms MarkObjects: 4.224186 ms  DeleteObjects: 0.071193 ms)

Prepare: number of updated asset objects reloaded= 0
AssetImportParameters requested are different than current active one (requested -> active):
  custom:container-demuxer-ogg: 62fdf1f143b41e24485cea50d1cbac27 -> 
  custom:scripting/monoscript/fileName/HandScript.cs: ab82d9b432b4ff3c2be587dcfc2ef88f -> f6d2d9607a041472806e778f6397f6ff
  custom:scripting/monoscript/fileName/GunScript.cs: 6a8d5652f919b70c5522b0348dc3dc24 -> adaec7589872e88b61019be0f1bdc549
  custom:video-decoder-ogg-theora: a1e56fd34408186e4bbccfd4996cb3dc -> 
  custom:scripting/monoscript/fileName/DoorScript.cs: 6b64305be1d8e8f7400dbe3b416e4f91 -> 
  custom:scripting/monoscript/fileName/BulletScript.cs: 13477a3b0c98cca55096ea1dcfe934dc -> d888d721bde78eacda1c314a50a2cf74
  custom:CustomObjectIndexerAttribute: 232f87dd983dbecb2a4e21e08eb2cef8 -> 
  custom:container-demuxer-webm: 4f35f7cbe854078d1ac9338744f61a02 -> 
  custom:scripting/monoscript/fileName/ClipScript.cs: d454b9a64ca33d8936f1fee1d0b94333 -> a47e0092d1d896ccc176e69669d3233d
  custom:container-muxer-webm: aa71ff27fc2769a1b78a27578f13a17b -> 
  custom:video-decoder-webm-vp8: 9c59270c3fd7afecdb556c50c9e8de78 -> 
  custom:scripting/monoscript/fileName/MovementScript.cs: 0602eb1700489a3ab9cb01ec15ee773a -> 9a1daee93d0a505568922467e5a5e2e0
  custom:SearchIndexIgnoredProperties: e643bd26f0fe6173181afceb89e7c659 -> 
  custom:AudioImporter_EditorPlatform: 2f0ff77a95e0ac474e3e8eeba4e2f7cb -> 
  custom:video-encoder-webm-vp8: eb34c28f22e8b96e1ab97ce403110664 -> 
  custom:audio-decoder-ogg-vorbis: bf7c407c2cedff20999df2af8eb42d56 -> 
  custom:scripting/monoscript/fileName/Item.cs: c2b7fc65fe255f985743270ca947d8ec -> edfd25bbe8f561e55c7415f9c3adacfe
  custom:audio-encoder-webm-vorbis: bf7c407c2cedff20999df2af8eb42d56 -> 
  custom:scripting/precompiled-assembly-types:Assembly-CSharp: 41f1ee419d251e6e11edcae3f7ceedd4 -> 14f21d8c89919019ed129879e7927412
========================================================================
Received Prepare
Caller must complete domain reload
Begin MonoManager ReloadAssembly
- Loaded All Assemblies, in  0.597 seconds
Native extension for LinuxStandalone target not found
Native extension for WindowsStandalone target not found
Mono: successfully reloaded assembly
- Finished resetting the current domain, in  1.250 seconds
Domain Reload Profiling: 1847ms
	BeginReloadAssembly (208ms)
		ExecutionOrderSort (0ms)
		DisableScriptedObjects (10ms)
		BackupInstance (0ms)
		ReleaseScriptingObjects (0ms)
		CreateAndSetChildDomain (61ms)
	RebuildCommonClasses (51ms)
	RebuildNativeTypeToScriptingClass (14ms)
	initialDomainReloadingComplete (39ms)
	LoadAllAssembliesAndSetupDomain (283ms)
		LoadAssemblies (336ms)
		RebuildTransferFunctionScriptingTraits (0ms)
		AnalyzeDomain (39ms)
			TypeCache.Refresh (12ms)
				TypeCache.ScanAssembly (0ms)
			ScanForSourceGeneratedMonoScriptInfo (14ms)
			ResolveRequiredComponents (11ms)
	FinalizeReload (1251ms)
		ReleaseScriptCaches (0ms)
		RebuildScriptCaches (0ms)
		SetupLoadedEditorAssemblies (674ms)
			LogAssemblyErrors (0ms)
			InitializePlatformSupportModulesInManaged (52ms)
			SetLoadedEditorAssemblies (7ms)
			RefreshPlugins (0ms)
			BeforeProcessingInitializeOnLoad (92ms)
			ProcessInitializeOnLoadAttributes (468ms)
			ProcessInitializeOnLoadMethodAttributes (47ms)
			AfterProcessingInitializeOnLoad (8ms)
			EditorAssembliesLoaded (0ms)
		ExecutionOrderSort2 (0ms)
		AwakeInstancesAfterBackupRestoration (6ms)
Refreshing native plugins compatible for Editor in 1.40 ms, found 0 plugins.
Preloading 0 native plugins for Editor in 0.00 ms.
Unloading 3254 Unused Serialized files (Serialized files now loaded: 0)
Unloading 14 unused Assets / (28.7 KB). Loaded Objects now: 4112.
Memory consumption went from 134.8 MB to 134.7 MB.
Total: 5.342110 ms (FindLiveObjects: 0.418456 ms CreateObjectMapping: 1.339723 ms MarkObjects: 3.527527 ms  DeleteObjects: 0.054785 ms)

Prepare: number of updated asset objects reloaded= 0
AssetImportParameters requested are different than current active one (requested -> active):
  custom:container-demuxer-ogg: 62fdf1f143b41e24485cea50d1cbac27 -> 
  custom:scripting/monoscript/fileName/HandScript.cs: ab82d9b432b4ff3c2be587dcfc2ef88f -> f6d2d9607a041472806e778f6397f6ff
  custom:scripting/monoscript/fileName/GunScript.cs: 6a8d5652f919b70c5522b0348dc3dc24 -> adaec7589872e88b61019be0f1bdc549
  custom:video-decoder-ogg-theora: a1e56fd34408186e4bbccfd4996cb3dc -> 
  custom:scripting/monoscript/fileName/DoorScript.cs: 6b64305be1d8e8f7400dbe3b416e4f91 -> 
  custom:scripting/monoscript/fileName/BulletScript.cs: 13477a3b0c98cca55096ea1dcfe934dc -> d888d721bde78eacda1c314a50a2cf74
  custom:CustomObjectIndexerAttribute: 232f87dd983dbecb2a4e21e08eb2cef8 -> 
  custom:container-demuxer-webm: 4f35f7cbe854078d1ac9338744f61a02 -> 
  custom:scripting/monoscript/fileName/ClipScript.cs: d454b9a64ca33d8936f1fee1d0b94333 -> a47e0092d1d896ccc176e69669d3233d
  custom:container-muxer-webm: aa71ff27fc2769a1b78a27578f13a17b -> 
  custom:video-decoder-webm-vp8: 9c59270c3fd7afecdb556c50c9e8de78 -> 
  custom:scripting/monoscript/fileName/MovementScript.cs: 0602eb1700489a3ab9cb01ec15ee773a -> 9a1daee93d0a505568922467e5a5e2e0
  custom:SearchIndexIgnoredProperties: e643bd26f0fe6173181afceb89e7c659 -> 
  custom:AudioImporter_EditorPlatform: 2f0ff77a95e0ac474e3e8eeba4e2f7cb -> 
  custom:video-encoder-webm-vp8: eb34c28f22e8b96e1ab97ce403110664 -> 
  custom:audio-decoder-ogg-vorbis: bf7c407c2cedff20999df2af8eb42d56 -> 
  custom:scripting/monoscript/fileName/Item.cs: c2b7fc65fe255f985743270ca947d8ec -> edfd25bbe8f561e55c7415f9c3adacfe
  custom:audio-encoder-webm-vorbis: bf7c407c2cedff20999df2af8eb42d56 -> 
  custom:scripting/precompiled-assembly-types:Assembly-CSharp: 41f1ee419d251e6e11edcae3f7ceedd4 -> 14f21d8c89919019ed129879e7927412
========================================================================
Received Prepare
Caller must complete domain reload
Begin MonoManager ReloadAssembly
- Loaded All Assemblies, in  0.467 seconds
Native extension for LinuxStandalone target not found
Native extension for WindowsStandalone target not found
Mono: successfully reloaded assembly
- Finished resetting the current domain, in  0.894 seconds
Domain Reload Profiling: 1360ms
	BeginReloadAssembly (157ms)
		ExecutionOrderSort (0ms)
		DisableScriptedObjects (7ms)
		BackupInstance (0ms)
		ReleaseScriptingObjects (0ms)
		CreateAndSetChildDomain (49ms)
	RebuildCommonClasses (44ms)
	RebuildNativeTypeToScriptingClass (13ms)
	initialDomainReloadingComplete (37ms)
	LoadAllAssembliesAndSetupDomain (215ms)
		LoadAssemblies (258ms)
		RebuildTransferFunctionScriptingTraits (0ms)
		AnalyzeDomain (25ms)
			TypeCache.Refresh (9ms)
				TypeCache.ScanAssembly (0ms)
			ScanForSourceGeneratedMonoScriptInfo (9ms)
			ResolveRequiredComponents (6ms)
	FinalizeReload (894ms)
		ReleaseScriptCaches (0ms)
		RebuildScriptCaches (0ms)
		SetupLoadedEditorAssemblies (502ms)
			LogAssemblyErrors (0ms)
			InitializePlatformSupportModulesInManaged (45ms)
			SetLoadedEditorAssemblies (6ms)
			RefreshPlugins (0ms)
			BeforeProcessingInitializeOnLoad (81ms)
			ProcessInitializeOnLoadAttributes (332ms)
			ProcessInitializeOnLoadMethodAttributes (31ms)
			AfterProcessingInitializeOnLoad (7ms)
			EditorAssembliesLoaded (0ms)
		ExecutionOrderSort2 (0ms)
		AwakeInstancesAfterBackupRestoration (6ms)
Refreshing native plugins compatible for Editor in 1.21 ms, found 0 plugins.
Preloading 0 native plugins for Editor in 0.00 ms.
Unloading 3254 Unused Serialized files (Serialized files now loaded: 0)
Unloading 14 unused Assets / (28.6 KB). Loaded Objects now: 4116.
Memory consumption went from 134.8 MB to 134.7 MB.
Total: 6.109939 ms (FindLiveObjects: 0.309705 ms CreateObjectMapping: 0.214263 ms MarkObjects: 5.512050 ms  DeleteObjects: 0.072440 ms)

Prepare: number of updated asset objects reloaded= 0
AssetImportParameters requested are different than current active one (requested -> active):
  custom:container-demuxer-ogg: 62fdf1f143b41e24485cea50d1cbac27 -> 
  custom:scripting/monoscript/fileName/HandScript.cs: ab82d9b432b4ff3c2be587dcfc2ef88f -> f6d2d9607a041472806e778f6397f6ff
  custom:scripting/monoscript/fileName/GunScript.cs: 6a8d5652f919b70c5522b0348dc3dc24 -> adaec7589872e88b61019be0f1bdc549
  custom:video-decoder-ogg-theora: a1e56fd34408186e4bbccfd4996cb3dc -> 
  custom:scripting/monoscript/fileName/DoorScript.cs: 6b64305be1d8e8f7400dbe3b416e4f91 -> 
  custom:scripting/monoscript/fileName/BulletScript.cs: 13477a3b0c98cca55096ea1dcfe934dc -> d888d721bde78eacda1c314a50a2cf74
  custom:CustomObjectIndexerAttribute: 232f87dd983dbecb2a4e21e08eb2cef8 -> 
  custom:container-demuxer-webm: 4f35f7cbe854078d1ac9338744f61a02 -> 
  custom:scripting/monoscript/fileName/ClipScript.cs: d454b9a64ca33d8936f1fee1d0b94333 -> a47e0092d1d896ccc176e69669d3233d
  custom:container-muxer-webm: aa71ff27fc2769a1b78a27578f13a17b -> 
  custom:video-decoder-webm-vp8: 9c59270c3fd7afecdb556c50c9e8de78 -> 
  custom:scripting/monoscript/fileName/MovementScript.cs: 0602eb1700489a3ab9cb01ec15ee773a -> 9a1daee93d0a505568922467e5a5e2e0
  custom:SearchIndexIgnoredProperties: e643bd26f0fe6173181afceb89e7c659 -> 
  custom:AudioImporter_EditorPlatform: 2f0ff77a95e0ac474e3e8eeba4e2f7cb -> 
  custom:video-encoder-webm-vp8: eb34c28f22e8b96e1ab97ce403110664 -> 
  custom:audio-decoder-ogg-vorbis: bf7c407c2cedff20999df2af8eb42d56 -> 
  custom:scripting/monoscript/fileName/Item.cs: c2b7fc65fe255f985743270ca947d8ec -> edfd25bbe8f561e55c7415f9c3adacfe
  custom:audio-encoder-webm-vorbis: bf7c407c2cedff20999df2af8eb42d56 -> 
  custom:scripting/precompiled-assembly-types:Assembly-CSharp: 41f1ee419d251e6e11edcae3f7ceedd4 -> 14f21d8c89919019ed129879e7927412
========================================================================
Received Prepare
Caller must complete domain reload
Begin MonoManager ReloadAssembly
- Loaded All Assemblies, in  0.486 seconds
Native extension for LinuxStandalone target not found
Native extension for WindowsStandalone target not found
Mono: successfully reloaded assembly
- Finished resetting the current domain, in  0.902 seconds
Domain Reload Profiling: 1387ms
	BeginReloadAssembly (166ms)
		ExecutionOrderSort (0ms)
		DisableScriptedObjects (10ms)
		BackupInstance (0ms)
		ReleaseScriptingObjects (0ms)
		CreateAndSetChildDomain (55ms)
	RebuildCommonClasses (46ms)
	RebuildNativeTypeToScriptingClass (13ms)
	initialDomainReloadingComplete (39ms)
	LoadAllAssembliesAndSetupDomain (221ms)
		LoadAssemblies (262ms)
		RebuildTransferFunctionScriptingTraits (0ms)
		AnalyzeDomain (26ms)
			TypeCache.Refresh (9ms)
				TypeCache.ScanAssembly (0ms)
			ScanForSourceGeneratedMonoScriptInfo (9ms)
			ResolveRequiredComponents (6ms)
	FinalizeReload (902ms)
		ReleaseScriptCaches (0ms)
		RebuildScriptCaches (0ms)
		SetupLoadedEditorAssemblies (506ms)
			LogAssemblyErrors (0ms)
			InitializePlatformSupportModulesInManaged (48ms)
			SetLoadedEditorAssemblies (6ms)
			RefreshPlugins (0ms)
			BeforeProcessingInitializeOnLoad (77ms)
			ProcessInitializeOnLoadAttributes (338ms)
			ProcessInitializeOnLoadMethodAttributes (31ms)
			AfterProcessingInitializeOnLoad (7ms)
			EditorAssembliesLoaded (0ms)
		ExecutionOrderSort2 (0ms)
		AwakeInstancesAfterBackupRestoration (6ms)
Refreshing native plugins compatible for Editor in 1.07 ms, found 0 plugins.
Preloading 0 native plugins for Editor in 0.00 ms.
Unloading 3254 Unused Serialized files (Serialized files now loaded: 0)
Unloading 14 unused Assets / (28.7 KB). Loaded Objects now: 4120.
Memory consumption went from 134.8 MB to 134.7 MB.
Total: 4.359413 ms (FindLiveObjects: 0.396502 ms CreateObjectMapping: 0.332302 ms MarkObjects: 3.569140 ms  DeleteObjects: 0.059662 ms)

Prepare: number of updated asset objects reloaded= 0
AssetImportParameters requested are different than current active one (requested -> active):
  custom:container-demuxer-ogg: 62fdf1f143b41e24485cea50d1cbac27 -> 
  custom:scripting/monoscript/fileName/HandScript.cs: ab82d9b432b4ff3c2be587dcfc2ef88f -> f6d2d9607a041472806e778f6397f6ff
  custom:scripting/monoscript/fileName/GunScript.cs: 6a8d5652f919b70c5522b0348dc3dc24 -> adaec7589872e88b61019be0f1bdc549
  custom:video-decoder-ogg-theora: a1e56fd34408186e4bbccfd4996cb3dc -> 
  custom:scripting/monoscript/fileName/DoorScript.cs: 6b64305be1d8e8f7400dbe3b416e4f91 -> 
  custom:scripting/monoscript/fileName/BulletScript.cs: 13477a3b0c98cca55096ea1dcfe934dc -> d888d721bde78eacda1c314a50a2cf74
  custom:CustomObjectIndexerAttribute: 232f87dd983dbecb2a4e21e08eb2cef8 -> 
  custom:container-demuxer-webm: 4f35f7cbe854078d1ac9338744f61a02 -> 
  custom:scripting/monoscript/fileName/ClipScript.cs: d454b9a64ca33d8936f1fee1d0b94333 -> a47e0092d1d896ccc176e69669d3233d
  custom:container-muxer-webm: aa71ff27fc2769a1b78a27578f13a17b -> 
  custom:video-decoder-webm-vp8: 9c59270c3fd7afecdb556c50c9e8de78 -> 
  custom:scripting/monoscript/fileName/MovementScript.cs: 0602eb1700489a3ab9cb01ec15ee773a -> 9a1daee93d0a505568922467e5a5e2e0
  custom:SearchIndexIgnoredProperties: e643bd26f0fe6173181afceb89e7c659 -> 
  custom:AudioImporter_EditorPlatform: 2f0ff77a95e0ac474e3e8eeba4e2f7cb -> 
  custom:video-encoder-webm-vp8: eb34c28f22e8b96e1ab97ce403110664 -> 
  custom:audio-decoder-ogg-vorbis: bf7c407c2cedff20999df2af8eb42d56 -> 
  custom:scripting/monoscript/fileName/Item.cs: c2b7fc65fe255f985743270ca947d8ec -> edfd25bbe8f561e55c7415f9c3adacfe
  custom:audio-encoder-webm-vorbis: bf7c407c2cedff20999df2af8eb42d56 -> 
  custom:scripting/precompiled-assembly-types:Assembly-CSharp: 41f1ee419d251e6e11edcae3f7ceedd4 -> 14f21d8c89919019ed129879e7927412
========================================================================
Received Import Request.
  Time since last request: 703.329925 seconds.
  path: Assets/Prefabs/Penetrator Clip.prefab
  artifactKey: Guid(f65e2478a3478cf6f89b6468f7b7bd7b) Importer(815301076,1909f56bfc062723c751e8b465ee728b)
Start importing Assets/Prefabs/Penetrator Clip.prefab using Guid(f65e2478a3478cf6f89b6468f7b7bd7b) Importer(815301076,1909f56bfc062723c751e8b465ee728b) [PhysX] Initialized MultithreadedTaskDispatcher with 8 workers.
[PhysX] Initialized MultithreadedTaskDispatcher with 8 workers.
 -> (artifact id: 'ccb80b5d343e2d34bd319f6813af1bcf') in 0.097748 seconds
Number of updated asset objects reloaded before import = 0
Number of asset objects unloaded after import = 47
========================================================================
Received Prepare
Caller must complete domain reload
Begin MonoManager ReloadAssembly
- Loaded All Assemblies, in  0.473 seconds
Native extension for LinuxStandalone target not found
Native extension for WindowsStandalone target not found
Mono: successfully reloaded assembly
- Finished resetting the current domain, in  0.960 seconds
Domain Reload Profiling: 1433ms
	BeginReloadAssembly (157ms)
		ExecutionOrderSort (0ms)
		DisableScriptedObjects (6ms)
		BackupInstance (0ms)
		ReleaseScriptingObjects (0ms)
		CreateAndSetChildDomain (54ms)
	RebuildCommonClasses (45ms)
	RebuildNativeTypeToScriptingClass (13ms)
	initialDomainReloadingComplete (37ms)
	LoadAllAssembliesAndSetupDomain (220ms)
		LoadAssemblies (259ms)
		RebuildTransferFunctionScriptingTraits (0ms)
		AnalyzeDomain (25ms)
			TypeCache.Refresh (9ms)
				TypeCache.ScanAssembly (0ms)
			ScanForSourceGeneratedMonoScriptInfo (9ms)
			ResolveRequiredComponents (6ms)
	FinalizeReload (960ms)
		ReleaseScriptCaches (0ms)
		RebuildScriptCaches (0ms)
		SetupLoadedEditorAssemblies (568ms)
			LogAssemblyErrors (0ms)
			InitializePlatformSupportModulesInManaged (49ms)
			SetLoadedEditorAssemblies (6ms)
			RefreshPlugins (0ms)
			BeforeProcessingInitializeOnLoad (82ms)
			ProcessInitializeOnLoadAttributes (387ms)
			ProcessInitializeOnLoadMethodAttributes (36ms)
			AfterProcessingInitializeOnLoad (7ms)
			EditorAssembliesLoaded (0ms)
		ExecutionOrderSort2 (0ms)
		AwakeInstancesAfterBackupRestoration (6ms)
Refreshing native plugins compatible for Editor in 1.12 ms, found 0 plugins.
Preloading 0 native plugins for Editor in 0.00 ms.
Unloading 3253 Unused Serialized files (Serialized files now loaded: 0)
Unloading 14 unused Assets / (28.6 KB). Loaded Objects now: 4124.
Memory consumption went from 134.5 MB to 134.5 MB.
Total: 5.286458 ms (FindLiveObjects: 0.292589 ms CreateObjectMapping: 0.241635 ms MarkObjects: 4.681453 ms  DeleteObjects: 0.068835 ms)

Prepare: number of updated asset objects reloaded= 0
AssetImportParameters requested are different than current active one (requested -> active):
  custom:container-demuxer-ogg: 62fdf1f143b41e24485cea50d1cbac27 -> 
  custom:scripting/monoscript/fileName/HandScript.cs: ab82d9b432b4ff3c2be587dcfc2ef88f -> f6d2d9607a041472806e778f6397f6ff
  custom:scripting/monoscript/fileName/GunScript.cs: 6a8d5652f919b70c5522b0348dc3dc24 -> adaec7589872e88b61019be0f1bdc549
  custom:video-decoder-ogg-theora: a1e56fd34408186e4bbccfd4996cb3dc -> 
  custom:scripting/monoscript/fileName/DoorScript.cs: 6b64305be1d8e8f7400dbe3b416e4f91 -> 
  custom:scripting/monoscript/fileName/BulletScript.cs: 13477a3b0c98cca55096ea1dcfe934dc -> d888d721bde78eacda1c314a50a2cf74
  custom:CustomObjectIndexerAttribute: 232f87dd983dbecb2a4e21e08eb2cef8 -> 
  custom:container-demuxer-webm: 4f35f7cbe854078d1ac9338744f61a02 -> 
  custom:scripting/monoscript/fileName/ClipScript.cs: d454b9a64ca33d8936f1fee1d0b94333 -> a47e0092d1d896ccc176e69669d3233d
  custom:container-muxer-webm: aa71ff27fc2769a1b78a27578f13a17b -> 
  custom:video-decoder-webm-vp8: 9c59270c3fd7afecdb556c50c9e8de78 -> 
  custom:scripting/monoscript/fileName/MovementScript.cs: 0602eb1700489a3ab9cb01ec15ee773a -> 9a1daee93d0a505568922467e5a5e2e0
  custom:SearchIndexIgnoredProperties: e643bd26f0fe6173181afceb89e7c659 -> 
  custom:AudioImporter_EditorPlatform: 2f0ff77a95e0ac474e3e8eeba4e2f7cb -> 
  custom:video-encoder-webm-vp8: eb34c28f22e8b96e1ab97ce403110664 -> 
  custom:audio-decoder-ogg-vorbis: bf7c407c2cedff20999df2af8eb42d56 -> 
  custom:scripting/monoscript/fileName/Item.cs: c2b7fc65fe255f985743270ca947d8ec -> edfd25bbe8f561e55c7415f9c3adacfe
  custom:audio-encoder-webm-vorbis: bf7c407c2cedff20999df2af8eb42d56 -> 
  custom:scripting/precompiled-assembly-types:Assembly-CSharp: 41f1ee419d251e6e11edcae3f7ceedd4 -> 14f21d8c89919019ed129879e7927412
========================================================================
Received Prepare
Caller must complete domain reload
Begin MonoManager ReloadAssembly
- Loaded All Assemblies, in  0.573 seconds
Native extension for LinuxStandalone target not found
Native extension for WindowsStandalone target not found
Mono: successfully reloaded assembly
- Finished resetting the current domain, in  1.057 seconds
Domain Reload Profiling: 1629ms
	BeginReloadAssembly (168ms)
		ExecutionOrderSort (0ms)
		DisableScriptedObjects (7ms)
		BackupInstance (0ms)
		ReleaseScriptingObjects (0ms)
		CreateAndSetChildDomain (55ms)
	RebuildCommonClasses (44ms)
	RebuildNativeTypeToScriptingClass (12ms)
	initialDomainReloadingComplete (40ms)
	LoadAllAssembliesAndSetupDomain (307ms)
		LoadAssemblies (334ms)
		RebuildTransferFunctionScriptingTraits (0ms)
		AnalyzeDomain (43ms)
			TypeCache.Refresh (12ms)
				TypeCache.ScanAssembly (0ms)
			ScanForSourceGeneratedMonoScriptInfo (17ms)
			ResolveRequiredComponents (12ms)
	FinalizeReload (1057ms)
		ReleaseScriptCaches (0ms)
		RebuildScriptCaches (0ms)
		SetupLoadedEditorAssemblies (560ms)
			LogAssemblyErrors (0ms)
			InitializePlatformSupportModulesInManaged (61ms)
			SetLoadedEditorAssemblies (8ms)
			RefreshPlugins (0ms)
			BeforeProcessingInitializeOnLoad (99ms)
			ProcessInitializeOnLoadAttributes (352ms)
			ProcessInitializeOnLoadMethodAttributes (33ms)
			AfterProcessingInitializeOnLoad (8ms)
			EditorAssembliesLoaded (0ms)
		ExecutionOrderSort2 (0ms)
		AwakeInstancesAfterBackupRestoration (6ms)
Refreshing native plugins compatible for Editor in 1.14 ms, found 0 plugins.
Preloading 0 native plugins for Editor in 0.00 ms.
Unloading 3254 Unused Serialized files (Serialized files now loaded: 0)
Unloading 14 unused Assets / (28.6 KB). Loaded Objects now: 4128.
Memory consumption went from 134.8 MB to 134.7 MB.
Total: 6.578214 ms (FindLiveObjects: 0.389035 ms CreateObjectMapping: 0.331470 ms MarkObjects: 5.781613 ms  DeleteObjects: 0.074257 ms)

Prepare: number of updated asset objects reloaded= 0
AssetImportParameters requested are different than current active one (requested -> active):
  custom:container-demuxer-ogg: 62fdf1f143b41e24485cea50d1cbac27 -> 
  custom:scripting/monoscript/fileName/HandScript.cs: ab82d9b432b4ff3c2be587dcfc2ef88f -> f6d2d9607a041472806e778f6397f6ff
  custom:scripting/monoscript/fileName/GunScript.cs: 6a8d5652f919b70c5522b0348dc3dc24 -> adaec7589872e88b61019be0f1bdc549
  custom:video-decoder-ogg-theora: a1e56fd34408186e4bbccfd4996cb3dc -> 
  custom:scripting/monoscript/fileName/DoorScript.cs: 6b64305be1d8e8f7400dbe3b416e4f91 -> 
  custom:scripting/monoscript/fileName/BulletScript.cs: 13477a3b0c98cca55096ea1dcfe934dc -> d888d721bde78eacda1c314a50a2cf74
  custom:CustomObjectIndexerAttribute: 232f87dd983dbecb2a4e21e08eb2cef8 -> 
  custom:container-demuxer-webm: 4f35f7cbe854078d1ac9338744f61a02 -> 
  custom:scripting/monoscript/fileName/ClipScript.cs: d454b9a64ca33d8936f1fee1d0b94333 -> a47e0092d1d896ccc176e69669d3233d
  custom:container-muxer-webm: aa71ff27fc2769a1b78a27578f13a17b -> 
  custom:video-decoder-webm-vp8: 9c59270c3fd7afecdb556c50c9e8de78 -> 
  custom:scripting/monoscript/fileName/MovementScript.cs: 0602eb1700489a3ab9cb01ec15ee773a -> 9a1daee93d0a505568922467e5a5e2e0
  custom:SearchIndexIgnoredProperties: e643bd26f0fe6173181afceb89e7c659 -> 
  custom:AudioImporter_EditorPlatform: 2f0ff77a95e0ac474e3e8eeba4e2f7cb -> 
  custom:video-encoder-webm-vp8: eb34c28f22e8b96e1ab97ce403110664 -> 
  custom:audio-decoder-ogg-vorbis: bf7c407c2cedff20999df2af8eb42d56 -> 
  custom:scripting/monoscript/fileName/Item.cs: c2b7fc65fe255f985743270ca947d8ec -> edfd25bbe8f561e55c7415f9c3adacfe
  custom:audio-encoder-webm-vorbis: bf7c407c2cedff20999df2af8eb42d56 -> 
  custom:scripting/precompiled-assembly-types:Assembly-CSharp: 41f1ee419d251e6e11edcae3f7ceedd4 -> 14f21d8c89919019ed129879e7927412
========================================================================
Received Prepare
Caller must complete domain reload
Begin MonoManager ReloadAssembly
- Loaded All Assemblies, in  0.504 seconds
Native extension for LinuxStandalone target not found
Native extension for WindowsStandalone target not found
Mono: successfully reloaded assembly
- Finished resetting the current domain, in  1.171 seconds
Domain Reload Profiling: 1675ms
	BeginReloadAssembly (168ms)
		ExecutionOrderSort (0ms)
		DisableScriptedObjects (9ms)
		BackupInstance (0ms)
		ReleaseScriptingObjects (0ms)
		CreateAndSetChildDomain (55ms)
	RebuildCommonClasses (50ms)
	RebuildNativeTypeToScriptingClass (13ms)
	initialDomainReloadingComplete (38ms)
	LoadAllAssembliesAndSetupDomain (235ms)
		LoadAssemblies (271ms)
		RebuildTransferFunctionScriptingTraits (0ms)
		AnalyzeDomain (31ms)
			TypeCache.Refresh (13ms)
				TypeCache.ScanAssembly (1ms)
			ScanForSourceGeneratedMonoScriptInfo (10ms)
			ResolveRequiredComponents (6ms)
	FinalizeReload (1172ms)
		ReleaseScriptCaches (0ms)
		RebuildScriptCaches (0ms)
		SetupLoadedEditorAssemblies (712ms)
			LogAssemblyErrors (0ms)
			InitializePlatformSupportModulesInManaged (69ms)
			SetLoadedEditorAssemblies (6ms)
			RefreshPlugins (0ms)
			BeforeProcessingInitializeOnLoad (108ms)
			ProcessInitializeOnLoadAttributes (480ms)
			ProcessInitializeOnLoadMethodAttributes (40ms)
			AfterProcessingInitializeOnLoad (8ms)
			EditorAssembliesLoaded (0ms)
		ExecutionOrderSort2 (0ms)
		AwakeInstancesAfterBackupRestoration (9ms)
Refreshing native plugins compatible for Editor in 1.09 ms, found 0 plugins.
Preloading 0 native plugins for Editor in 0.00 ms.
Unloading 3254 Unused Serialized files (Serialized files now loaded: 0)
Unloading 14 unused Assets / (28.6 KB). Loaded Objects now: 4132.
Memory consumption went from 134.8 MB to 134.8 MB.
Total: 4.361955 ms (FindLiveObjects: 0.385911 ms CreateObjectMapping: 0.216137 ms MarkObjects: 3.685896 ms  DeleteObjects: 0.072257 ms)

Prepare: number of updated asset objects reloaded= 0
AssetImportParameters requested are different than current active one (requested -> active):
  custom:container-demuxer-ogg: 62fdf1f143b41e24485cea50d1cbac27 -> 
  custom:scripting/monoscript/fileName/HandScript.cs: ab82d9b432b4ff3c2be587dcfc2ef88f -> f6d2d9607a041472806e778f6397f6ff
  custom:scripting/monoscript/fileName/GunScript.cs: 6a8d5652f919b70c5522b0348dc3dc24 -> adaec7589872e88b61019be0f1bdc549
  custom:video-decoder-ogg-theora: a1e56fd34408186e4bbccfd4996cb3dc -> 
  custom:scripting/monoscript/fileName/DoorScript.cs: 6b64305be1d8e8f7400dbe3b416e4f91 -> 
  custom:scripting/monoscript/fileName/BulletScript.cs: 13477a3b0c98cca55096ea1dcfe934dc -> d888d721bde78eacda1c314a50a2cf74
  custom:CustomObjectIndexerAttribute: 232f87dd983dbecb2a4e21e08eb2cef8 -> 
  custom:container-demuxer-webm: 4f35f7cbe854078d1ac9338744f61a02 -> 
  custom:scripting/monoscript/fileName/ClipScript.cs: d454b9a64ca33d8936f1fee1d0b94333 -> a47e0092d1d896ccc176e69669d3233d
  custom:container-muxer-webm: aa71ff27fc2769a1b78a27578f13a17b -> 
  custom:video-decoder-webm-vp8: 9c59270c3fd7afecdb556c50c9e8de78 -> 
  custom:scripting/monoscript/fileName/MovementScript.cs: 0602eb1700489a3ab9cb01ec15ee773a -> 9a1daee93d0a505568922467e5a5e2e0
  custom:SearchIndexIgnoredProperties: e643bd26f0fe6173181afceb89e7c659 -> 
  custom:AudioImporter_EditorPlatform: 2f0ff77a95e0ac474e3e8eeba4e2f7cb -> 
  custom:video-encoder-webm-vp8: eb34c28f22e8b96e1ab97ce403110664 -> 
  custom:audio-decoder-ogg-vorbis: bf7c407c2cedff20999df2af8eb42d56 -> 
  custom:scripting/monoscript/fileName/Item.cs: c2b7fc65fe255f985743270ca947d8ec -> edfd25bbe8f561e55c7415f9c3adacfe
  custom:audio-encoder-webm-vorbis: bf7c407c2cedff20999df2af8eb42d56 -> 
  custom:scripting/precompiled-assembly-types:Assembly-CSharp: 41f1ee419d251e6e11edcae3f7ceedd4 -> 14f21d8c89919019ed129879e7927412
========================================================================
Received Prepare
Caller must complete domain reload
Begin MonoManager ReloadAssembly
- Loaded All Assemblies, in  0.518 seconds
Native extension for LinuxStandalone target not found
Native extension for WindowsStandalone target not found
Mono: successfully reloaded assembly
- Finished resetting the current domain, in  1.041 seconds
Domain Reload Profiling: 1560ms
	BeginReloadAssembly (168ms)
		ExecutionOrderSort (0ms)
		DisableScriptedObjects (6ms)
		BackupInstance (0ms)
		ReleaseScriptingObjects (0ms)
		CreateAndSetChildDomain (57ms)
	RebuildCommonClasses (54ms)
	RebuildNativeTypeToScriptingClass (14ms)
	initialDomainReloadingComplete (40ms)
	LoadAllAssembliesAndSetupDomain (242ms)
		LoadAssemblies (280ms)
		RebuildTransferFunctionScriptingTraits (0ms)
		AnalyzeDomain (32ms)
			TypeCache.Refresh (12ms)
				TypeCache.ScanAssembly (0ms)
			ScanForSourceGeneratedMonoScriptInfo (11ms)
			ResolveRequiredComponents (8ms)
	FinalizeReload (1042ms)
		ReleaseScriptCaches (0ms)
		RebuildScriptCaches (0ms)
		SetupLoadedEditorAssemblies (578ms)
			LogAssemblyErrors (0ms)
			InitializePlatformSupportModulesInManaged (50ms)
			SetLoadedEditorAssemblies (9ms)
			RefreshPlugins (0ms)
			BeforeProcessingInitializeOnLoad (97ms)
			ProcessInitializeOnLoadAttributes (383ms)
			ProcessInitializeOnLoadMethodAttributes (32ms)
			AfterProcessingInitializeOnLoad (7ms)
			EditorAssembliesLoaded (0ms)
		ExecutionOrderSort2 (0ms)
		AwakeInstancesAfterBackupRestoration (7ms)
Refreshing native plugins compatible for Editor in 1.11 ms, found 0 plugins.
Preloading 0 native plugins for Editor in 0.00 ms.
Unloading 3254 Unused Serialized files (Serialized files now loaded: 0)
Unloading 14 unused Assets / (28.6 KB). Loaded Objects now: 4136.
Memory consumption went from 134.8 MB to 134.8 MB.
Total: 3.820406 ms (FindLiveObjects: 0.307701 ms CreateObjectMapping: 0.228673 ms MarkObjects: 3.225547 ms  DeleteObjects: 0.057197 ms)

Prepare: number of updated asset objects reloaded= 0
AssetImportParameters requested are different than current active one (requested -> active):
  custom:container-demuxer-ogg: 62fdf1f143b41e24485cea50d1cbac27 -> 
  custom:scripting/monoscript/fileName/HandScript.cs: ab82d9b432b4ff3c2be587dcfc2ef88f -> f6d2d9607a041472806e778f6397f6ff
  custom:scripting/monoscript/fileName/GunScript.cs: 6a8d5652f919b70c5522b0348dc3dc24 -> adaec7589872e88b61019be0f1bdc549
  custom:video-decoder-ogg-theora: a1e56fd34408186e4bbccfd4996cb3dc -> 
  custom:scripting/monoscript/fileName/DoorScript.cs: 6b64305be1d8e8f7400dbe3b416e4f91 -> 
  custom:scripting/monoscript/fileName/BulletScript.cs: 13477a3b0c98cca55096ea1dcfe934dc -> d888d721bde78eacda1c314a50a2cf74
  custom:CustomObjectIndexerAttribute: 232f87dd983dbecb2a4e21e08eb2cef8 -> 
  custom:container-demuxer-webm: 4f35f7cbe854078d1ac9338744f61a02 -> 
  custom:scripting/monoscript/fileName/ClipScript.cs: d454b9a64ca33d8936f1fee1d0b94333 -> a47e0092d1d896ccc176e69669d3233d
  custom:container-muxer-webm: aa71ff27fc2769a1b78a27578f13a17b -> 
  custom:video-decoder-webm-vp8: 9c59270c3fd7afecdb556c50c9e8de78 -> 
  custom:scripting/monoscript/fileName/MovementScript.cs: 0602eb1700489a3ab9cb01ec15ee773a -> 9a1daee93d0a505568922467e5a5e2e0
  custom:SearchIndexIgnoredProperties: e643bd26f0fe6173181afceb89e7c659 -> 
  custom:AudioImporter_EditorPlatform: 2f0ff77a95e0ac474e3e8eeba4e2f7cb -> 
  custom:video-encoder-webm-vp8: eb34c28f22e8b96e1ab97ce403110664 -> 
  custom:audio-decoder-ogg-vorbis: bf7c407c2cedff20999df2af8eb42d56 -> 
  custom:scripting/monoscript/fileName/Item.cs: c2b7fc65fe255f985743270ca947d8ec -> edfd25bbe8f561e55c7415f9c3adacfe
  custom:audio-encoder-webm-vorbis: bf7c407c2cedff20999df2af8eb42d56 -> 
  custom:scripting/precompiled-assembly-types:Assembly-CSharp: 41f1ee419d251e6e11edcae3f7ceedd4 -> 14f21d8c89919019ed129879e7927412
========================================================================
Received Prepare
Caller must complete domain reload
Begin MonoManager ReloadAssembly
- Loaded All Assemblies, in  0.495 seconds
Native extension for LinuxStandalone target not found
Native extension for WindowsStandalone target not found
Mono: successfully reloaded assembly
- Finished resetting the current domain, in  1.117 seconds
Domain Reload Profiling: 1612ms
	BeginReloadAssembly (158ms)
		ExecutionOrderSort (0ms)
		DisableScriptedObjects (7ms)
		BackupInstance (0ms)
		ReleaseScriptingObjects (0ms)
		CreateAndSetChildDomain (51ms)
	RebuildCommonClasses (51ms)
	RebuildNativeTypeToScriptingClass (13ms)
	initialDomainReloadingComplete (40ms)
	LoadAllAssembliesAndSetupDomain (231ms)
		LoadAssemblies (272ms)
		RebuildTransferFunctionScriptingTraits (0ms)
		AnalyzeDomain (26ms)
			TypeCache.Refresh (9ms)
				TypeCache.ScanAssembly (0ms)
			ScanForSourceGeneratedMonoScriptInfo (10ms)
			ResolveRequiredComponents (6ms)
	FinalizeReload (1118ms)
		ReleaseScriptCaches (0ms)
		RebuildScriptCaches (0ms)
		SetupLoadedEditorAssemblies (692ms)
			LogAssemblyErrors (0ms)
			InitializePlatformSupportModulesInManaged (54ms)
			SetLoadedEditorAssemblies (8ms)
			RefreshPlugins (0ms)
			BeforeProcessingInitializeOnLoad (99ms)
			ProcessInitializeOnLoadAttributes (476ms)
			ProcessInitializeOnLoadMethodAttributes (47ms)
			AfterProcessingInitializeOnLoad (7ms)
			EditorAssembliesLoaded (0ms)
		ExecutionOrderSort2 (0ms)
		AwakeInstancesAfterBackupRestoration (8ms)
Refreshing native plugins compatible for Editor in 1.34 ms, found 0 plugins.
Preloading 0 native plugins for Editor in 0.00 ms.
Unloading 3254 Unused Serialized files (Serialized files now loaded: 0)
Unloading 14 unused Assets / (28.6 KB). Loaded Objects now: 4140.
Memory consumption went from 134.8 MB to 134.8 MB.
Total: 4.438453 ms (FindLiveObjects: 0.394329 ms CreateObjectMapping: 0.267548 ms MarkObjects: 3.720950 ms  DeleteObjects: 0.054194 ms)

Prepare: number of updated asset objects reloaded= 0
AssetImportParameters requested are different than current active one (requested -> active):
  custom:container-demuxer-ogg: 62fdf1f143b41e24485cea50d1cbac27 -> 
  custom:scripting/monoscript/fileName/HandScript.cs: ab82d9b432b4ff3c2be587dcfc2ef88f -> f6d2d9607a041472806e778f6397f6ff
  custom:scripting/monoscript/fileName/GunScript.cs: 6a8d5652f919b70c5522b0348dc3dc24 -> adaec7589872e88b61019be0f1bdc549
  custom:video-decoder-ogg-theora: a1e56fd34408186e4bbccfd4996cb3dc -> 
  custom:scripting/monoscript/fileName/DoorScript.cs: 6b64305be1d8e8f7400dbe3b416e4f91 -> 
  custom:scripting/monoscript/fileName/BulletScript.cs: 13477a3b0c98cca55096ea1dcfe934dc -> d888d721bde78eacda1c314a50a2cf74
  custom:CustomObjectIndexerAttribute: 232f87dd983dbecb2a4e21e08eb2cef8 -> 
  custom:container-demuxer-webm: 4f35f7cbe854078d1ac9338744f61a02 -> 
  custom:scripting/monoscript/fileName/ClipScript.cs: d454b9a64ca33d8936f1fee1d0b94333 -> a47e0092d1d896ccc176e69669d3233d
  custom:container-muxer-webm: aa71ff27fc2769a1b78a27578f13a17b -> 
  custom:video-decoder-webm-vp8: 9c59270c3fd7afecdb556c50c9e8de78 -> 
  custom:scripting/monoscript/fileName/MovementScript.cs: 0602eb1700489a3ab9cb01ec15ee773a -> 9a1daee93d0a505568922467e5a5e2e0
  custom:SearchIndexIgnoredProperties: e643bd26f0fe6173181afceb89e7c659 -> 
  custom:AudioImporter_EditorPlatform: 2f0ff77a95e0ac474e3e8eeba4e2f7cb -> 
  custom:video-encoder-webm-vp8: eb34c28f22e8b96e1ab97ce403110664 -> 
  custom:audio-decoder-ogg-vorbis: bf7c407c2cedff20999df2af8eb42d56 -> 
  custom:scripting/monoscript/fileName/Item.cs: c2b7fc65fe255f985743270ca947d8ec -> edfd25bbe8f561e55c7415f9c3adacfe
  custom:audio-encoder-webm-vorbis: bf7c407c2cedff20999df2af8eb42d56 -> 
  custom:scripting/precompiled-assembly-types:Assembly-CSharp: 41f1ee419d251e6e11edcae3f7ceedd4 -> 14f21d8c89919019ed129879e7927412
========================================================================
Received Prepare
Caller must complete domain reload
Begin MonoManager ReloadAssembly
- Loaded All Assemblies, in  0.474 seconds
Native extension for LinuxStandalone target not found
Native extension for WindowsStandalone target not found
Mono: successfully reloaded assembly
- Finished resetting the current domain, in  0.935 seconds
Domain Reload Profiling: 1408ms
	BeginReloadAssembly (156ms)
		ExecutionOrderSort (0ms)
		DisableScriptedObjects (6ms)
		BackupInstance (0ms)
		ReleaseScriptingObjects (0ms)
		CreateAndSetChildDomain (50ms)
	RebuildCommonClasses (48ms)
	RebuildNativeTypeToScriptingClass (12ms)
	initialDomainReloadingComplete (38ms)
	LoadAllAssembliesAndSetupDomain (218ms)
		LoadAssemblies (259ms)
		RebuildTransferFunctionScriptingTraits (0ms)
		AnalyzeDomain (26ms)
			TypeCache.Refresh (9ms)
				TypeCache.ScanAssembly (0ms)
			ScanForSourceGeneratedMonoScriptInfo (9ms)
			ResolveRequiredComponents (6ms)
	FinalizeReload (935ms)
		ReleaseScriptCaches (0ms)
		RebuildScriptCaches (0ms)
		SetupLoadedEditorAssemblies (535ms)
			LogAssemblyErrors (0ms)
			InitializePlatformSupportModulesInManaged (46ms)
			SetLoadedEditorAssemblies (6ms)
			RefreshPlugins (0ms)
			BeforeProcessingInitializeOnLoad (79ms)
			ProcessInitializeOnLoadAttributes (353ms)
			ProcessInitializeOnLoadMethodAttributes (41ms)
			AfterProcessingInitializeOnLoad (8ms)
			EditorAssembliesLoaded (0ms)
		ExecutionOrderSort2 (0ms)
		AwakeInstancesAfterBackupRestoration (8ms)
Refreshing native plugins compatible for Editor in 1.72 ms, found 0 plugins.
Preloading 0 native plugins for Editor in 0.00 ms.
Unloading 3254 Unused Serialized files (Serialized files now loaded: 0)
Unloading 14 unused Assets / (28.6 KB). Loaded Objects now: 4144.
Memory consumption went from 134.8 MB to 134.8 MB.
Total: 6.118850 ms (FindLiveObjects: 0.407649 ms CreateObjectMapping: 0.288574 ms MarkObjects: 5.352919 ms  DeleteObjects: 0.067916 ms)

Prepare: number of updated asset objects reloaded= 0
AssetImportParameters requested are different than current active one (requested -> active):
  custom:container-demuxer-ogg: 62fdf1f143b41e24485cea50d1cbac27 -> 
  custom:scripting/monoscript/fileName/HandScript.cs: ab82d9b432b4ff3c2be587dcfc2ef88f -> f6d2d9607a041472806e778f6397f6ff
  custom:scripting/monoscript/fileName/GunScript.cs: 6a8d5652f919b70c5522b0348dc3dc24 -> adaec7589872e88b61019be0f1bdc549
  custom:video-decoder-ogg-theora: a1e56fd34408186e4bbccfd4996cb3dc -> 
  custom:scripting/monoscript/fileName/DoorScript.cs: 6b64305be1d8e8f7400dbe3b416e4f91 -> 
  custom:scripting/monoscript/fileName/BulletScript.cs: 13477a3b0c98cca55096ea1dcfe934dc -> d888d721bde78eacda1c314a50a2cf74
  custom:CustomObjectIndexerAttribute: 232f87dd983dbecb2a4e21e08eb2cef8 -> 
  custom:container-demuxer-webm: 4f35f7cbe854078d1ac9338744f61a02 -> 
  custom:scripting/monoscript/fileName/ClipScript.cs: d454b9a64ca33d8936f1fee1d0b94333 -> a47e0092d1d896ccc176e69669d3233d
  custom:container-muxer-webm: aa71ff27fc2769a1b78a27578f13a17b -> 
  custom:video-decoder-webm-vp8: 9c59270c3fd7afecdb556c50c9e8de78 -> 
  custom:scripting/monoscript/fileName/MovementScript.cs: 0602eb1700489a3ab9cb01ec15ee773a -> 9a1daee93d0a505568922467e5a5e2e0
  custom:SearchIndexIgnoredProperties: e643bd26f0fe6173181afceb89e7c659 -> 
  custom:AudioImporter_EditorPlatform: 2f0ff77a95e0ac474e3e8eeba4e2f7cb -> 
  custom:video-encoder-webm-vp8: eb34c28f22e8b96e1ab97ce403110664 -> 
  custom:audio-decoder-ogg-vorbis: bf7c407c2cedff20999df2af8eb42d56 -> 
  custom:scripting/monoscript/fileName/Item.cs: c2b7fc65fe255f985743270ca947d8ec -> edfd25bbe8f561e55c7415f9c3adacfe
  custom:audio-encoder-webm-vorbis: bf7c407c2cedff20999df2af8eb42d56 -> 
  custom:scripting/precompiled-assembly-types:Assembly-CSharp: 41f1ee419d251e6e11edcae3f7ceedd4 -> 14f21d8c89919019ed129879e7927412
========================================================================
Received Prepare
Caller must complete domain reload
Begin MonoManager ReloadAssembly
- Loaded All Assemblies, in  0.497 seconds
Native extension for LinuxStandalone target not found
Native extension for WindowsStandalone target not found
Mono: successfully reloaded assembly
- Finished resetting the current domain, in  0.990 seconds
Domain Reload Profiling: 1487ms
	BeginReloadAssembly (162ms)
		ExecutionOrderSort (0ms)
		DisableScriptedObjects (7ms)
		BackupInstance (0ms)
		ReleaseScriptingObjects (0ms)
		CreateAndSetChildDomain (52ms)
	RebuildCommonClasses (51ms)
	RebuildNativeTypeToScriptingClass (13ms)
	initialDomainReloadingComplete (40ms)
	LoadAllAssembliesAndSetupDomain (230ms)
		LoadAssemblies (271ms)
		RebuildTransferFunctionScriptingTraits (0ms)
		AnalyzeDomain (27ms)
			TypeCache.Refresh (10ms)
				TypeCache.ScanAssembly (0ms)
			ScanForSourceGeneratedMonoScriptInfo (9ms)
			ResolveRequiredComponents (7ms)
	FinalizeReload (990ms)
		ReleaseScriptCaches (0ms)
		RebuildScriptCaches (0ms)
		SetupLoadedEditorAssemblies (573ms)
			LogAssemblyErrors (0ms)
			InitializePlatformSupportModulesInManaged (53ms)
			SetLoadedEditorAssemblies (7ms)
			RefreshPlugins (0ms)
			BeforeProcessingInitializeOnLoad (81ms)
			ProcessInitializeOnLoadAttributes (385ms)
			ProcessInitializeOnLoadMethodAttributes (38ms)
			AfterProcessingInitializeOnLoad (8ms)
			EditorAssembliesLoaded (0ms)
		ExecutionOrderSort2 (0ms)
		AwakeInstancesAfterBackupRestoration (6ms)
Refreshing native plugins compatible for Editor in 1.20 ms, found 0 plugins.
Preloading 0 native plugins for Editor in 0.00 ms.
Unloading 3254 Unused Serialized files (Serialized files now loaded: 0)
Unloading 14 unused Assets / (28.6 KB). Loaded Objects now: 4148.
Memory consumption went from 134.8 MB to 134.8 MB.
Total: 8.613492 ms (FindLiveObjects: 0.378840 ms CreateObjectMapping: 0.267650 ms MarkObjects: 7.891908 ms  DeleteObjects: 0.073469 ms)

Prepare: number of updated asset objects reloaded= 0
AssetImportParameters requested are different than current active one (requested -> active):
  custom:container-demuxer-ogg: 62fdf1f143b41e24485cea50d1cbac27 -> 
  custom:scripting/monoscript/fileName/HandScript.cs: ab82d9b432b4ff3c2be587dcfc2ef88f -> f6d2d9607a041472806e778f6397f6ff
  custom:scripting/monoscript/fileName/GunScript.cs: 6a8d5652f919b70c5522b0348dc3dc24 -> adaec7589872e88b61019be0f1bdc549
  custom:video-decoder-ogg-theora: a1e56fd34408186e4bbccfd4996cb3dc -> 
  custom:scripting/monoscript/fileName/DoorScript.cs: 6b64305be1d8e8f7400dbe3b416e4f91 -> 
  custom:scripting/monoscript/fileName/BulletScript.cs: 13477a3b0c98cca55096ea1dcfe934dc -> d888d721bde78eacda1c314a50a2cf74
  custom:CustomObjectIndexerAttribute: 232f87dd983dbecb2a4e21e08eb2cef8 -> 
  custom:container-demuxer-webm: 4f35f7cbe854078d1ac9338744f61a02 -> 
  custom:scripting/monoscript/fileName/ClipScript.cs: d454b9a64ca33d8936f1fee1d0b94333 -> a47e0092d1d896ccc176e69669d3233d
  custom:container-muxer-webm: aa71ff27fc2769a1b78a27578f13a17b -> 
  custom:video-decoder-webm-vp8: 9c59270c3fd7afecdb556c50c9e8de78 -> 
  custom:scripting/monoscript/fileName/MovementScript.cs: 0602eb1700489a3ab9cb01ec15ee773a -> 9a1daee93d0a505568922467e5a5e2e0
  custom:SearchIndexIgnoredProperties: e643bd26f0fe6173181afceb89e7c659 -> 
  custom:AudioImporter_EditorPlatform: 2f0ff77a95e0ac474e3e8eeba4e2f7cb -> 
  custom:video-encoder-webm-vp8: eb34c28f22e8b96e1ab97ce403110664 -> 
  custom:audio-decoder-ogg-vorbis: bf7c407c2cedff20999df2af8eb42d56 -> 
  custom:scripting/monoscript/fileName/Item.cs: c2b7fc65fe255f985743270ca947d8ec -> edfd25bbe8f561e55c7415f9c3adacfe
  custom:audio-encoder-webm-vorbis: bf7c407c2cedff20999df2af8eb42d56 -> 
  custom:scripting/precompiled-assembly-types:Assembly-CSharp: 41f1ee419d251e6e11edcae3f7ceedd4 -> 14f21d8c89919019ed129879e7927412
========================================================================
Received Prepare
Caller must complete domain reload
Begin MonoManager ReloadAssembly
- Loaded All Assemblies, in  0.515 seconds
Native extension for LinuxStandalone target not found
Native extension for WindowsStandalone target not found
Mono: successfully reloaded assembly
- Finished resetting the current domain, in  1.176 seconds
Domain Reload Profiling: 1691ms
	BeginReloadAssembly (179ms)
		ExecutionOrderSort (0ms)
		DisableScriptedObjects (8ms)
		BackupInstance (0ms)
		ReleaseScriptingObjects (0ms)
		CreateAndSetChildDomain (62ms)
	RebuildCommonClasses (52ms)
	RebuildNativeTypeToScriptingClass (14ms)
	initialDomainReloadingComplete (40ms)
	LoadAllAssembliesAndSetupDomain (230ms)
		LoadAssemblies (271ms)
		RebuildTransferFunctionScriptingTraits (0ms)
		AnalyzeDomain (30ms)
			TypeCache.Refresh (10ms)
				TypeCache.ScanAssembly (0ms)
			ScanForSourceGeneratedMonoScriptInfo (10ms)
			ResolveRequiredComponents (9ms)
	FinalizeReload (1177ms)
		ReleaseScriptCaches (0ms)
		RebuildScriptCaches (0ms)
		SetupLoadedEditorAssemblies (723ms)
			LogAssemblyErrors (0ms)
			InitializePlatformSupportModulesInManaged (70ms)
			SetLoadedEditorAssemblies (9ms)
			RefreshPlugins (0ms)
			BeforeProcessingInitializeOnLoad (128ms)
			ProcessInitializeOnLoadAttributes (468ms)
			ProcessInitializeOnLoadMethodAttributes (37ms)
			AfterProcessingInitializeOnLoad (11ms)
			EditorAssembliesLoaded (0ms)
		ExecutionOrderSort2 (0ms)
		AwakeInstancesAfterBackupRestoration (9ms)
Refreshing native plugins compatible for Editor in 1.46 ms, found 0 plugins.
Preloading 0 native plugins for Editor in 0.00 ms.
Unloading 3254 Unused Serialized files (Serialized files now loaded: 0)
Unloading 14 unused Assets / (28.6 KB). Loaded Objects now: 4152.
Memory consumption went from 134.8 MB to 134.8 MB.
Total: 6.333993 ms (FindLiveObjects: 0.362909 ms CreateObjectMapping: 0.335610 ms MarkObjects: 5.541674 ms  DeleteObjects: 0.092094 ms)

Prepare: number of updated asset objects reloaded= 0
AssetImportParameters requested are different than current active one (requested -> active):
  custom:container-demuxer-ogg: 62fdf1f143b41e24485cea50d1cbac27 -> 
  custom:scripting/monoscript/fileName/HandScript.cs: ab82d9b432b4ff3c2be587dcfc2ef88f -> f6d2d9607a041472806e778f6397f6ff
  custom:scripting/monoscript/fileName/GunScript.cs: 6a8d5652f919b70c5522b0348dc3dc24 -> adaec7589872e88b61019be0f1bdc549
  custom:video-decoder-ogg-theora: a1e56fd34408186e4bbccfd4996cb3dc -> 
  custom:scripting/monoscript/fileName/DoorScript.cs: 6b64305be1d8e8f7400dbe3b416e4f91 -> 
  custom:scripting/monoscript/fileName/BulletScript.cs: 13477a3b0c98cca55096ea1dcfe934dc -> d888d721bde78eacda1c314a50a2cf74
  custom:CustomObjectIndexerAttribute: 232f87dd983dbecb2a4e21e08eb2cef8 -> 
  custom:container-demuxer-webm: 4f35f7cbe854078d1ac9338744f61a02 -> 
  custom:scripting/monoscript/fileName/ClipScript.cs: d454b9a64ca33d8936f1fee1d0b94333 -> a47e0092d1d896ccc176e69669d3233d
  custom:container-muxer-webm: aa71ff27fc2769a1b78a27578f13a17b -> 
  custom:video-decoder-webm-vp8: 9c59270c3fd7afecdb556c50c9e8de78 -> 
  custom:scripting/monoscript/fileName/MovementScript.cs: 0602eb1700489a3ab9cb01ec15ee773a -> 9a1daee93d0a505568922467e5a5e2e0
  custom:SearchIndexIgnoredProperties: e643bd26f0fe6173181afceb89e7c659 -> 
  custom:AudioImporter_EditorPlatform: 2f0ff77a95e0ac474e3e8eeba4e2f7cb -> 
  custom:video-encoder-webm-vp8: eb34c28f22e8b96e1ab97ce403110664 -> 
  custom:audio-decoder-ogg-vorbis: bf7c407c2cedff20999df2af8eb42d56 -> 
  custom:scripting/monoscript/fileName/Item.cs: c2b7fc65fe255f985743270ca947d8ec -> edfd25bbe8f561e55c7415f9c3adacfe
  custom:audio-encoder-webm-vorbis: bf7c407c2cedff20999df2af8eb42d56 -> 
  custom:scripting/precompiled-assembly-types:Assembly-CSharp: 41f1ee419d251e6e11edcae3f7ceedd4 -> 14f21d8c89919019ed129879e7927412
========================================================================
Received Prepare
Caller must complete domain reload
Begin MonoManager ReloadAssembly
- Loaded All Assemblies, in  0.527 seconds
Native extension for LinuxStandalone target not found
Native extension for WindowsStandalone target not found
Mono: successfully reloaded assembly
- Finished resetting the current domain, in  1.002 seconds
Domain Reload Profiling: 1529ms
	BeginReloadAssembly (184ms)
		ExecutionOrderSort (0ms)
		DisableScriptedObjects (10ms)
		BackupInstance (0ms)
		ReleaseScriptingObjects (0ms)
		CreateAndSetChildDomain (55ms)
	RebuildCommonClasses (48ms)
	RebuildNativeTypeToScriptingClass (13ms)
	initialDomainReloadingComplete (39ms)
	LoadAllAssembliesAndSetupDomain (243ms)
		LoadAssemblies (291ms)
		RebuildTransferFunctionScriptingTraits (0ms)
		AnalyzeDomain (26ms)
			TypeCache.Refresh (9ms)
				TypeCache.ScanAssembly (0ms)
			ScanForSourceGeneratedMonoScriptInfo (9ms)
			ResolveRequiredComponents (7ms)
	FinalizeReload (1002ms)
		ReleaseScriptCaches (0ms)
		RebuildScriptCaches (0ms)
		SetupLoadedEditorAssemblies (575ms)
			LogAssemblyErrors (0ms)
			InitializePlatformSupportModulesInManaged (49ms)
			SetLoadedEditorAssemblies (7ms)
			RefreshPlugins (0ms)
			BeforeProcessingInitializeOnLoad (93ms)
			ProcessInitializeOnLoadAttributes (374ms)
			ProcessInitializeOnLoadMethodAttributes (43ms)
			AfterProcessingInitializeOnLoad (9ms)
			EditorAssembliesLoaded (0ms)
		ExecutionOrderSort2 (0ms)
		AwakeInstancesAfterBackupRestoration (7ms)
Refreshing native plugins compatible for Editor in 1.25 ms, found 0 plugins.
Preloading 0 native plugins for Editor in 0.00 ms.
Unloading 3254 Unused Serialized files (Serialized files now loaded: 0)
Unloading 14 unused Assets / (28.6 KB). Loaded Objects now: 4156.
Memory consumption went from 134.8 MB to 134.8 MB.
Total: 5.336487 ms (FindLiveObjects: 0.405422 ms CreateObjectMapping: 0.257770 ms MarkObjects: 4.540905 ms  DeleteObjects: 0.129794 ms)

Prepare: number of updated asset objects reloaded= 0
AssetImportParameters requested are different than current active one (requested -> active):
  custom:container-demuxer-ogg: 62fdf1f143b41e24485cea50d1cbac27 -> 
  custom:scripting/monoscript/fileName/HandScript.cs: ab82d9b432b4ff3c2be587dcfc2ef88f -> f6d2d9607a041472806e778f6397f6ff
  custom:scripting/monoscript/fileName/GunScript.cs: 6a8d5652f919b70c5522b0348dc3dc24 -> adaec7589872e88b61019be0f1bdc549
  custom:video-decoder-ogg-theora: a1e56fd34408186e4bbccfd4996cb3dc -> 
  custom:scripting/monoscript/fileName/DoorScript.cs: 6b64305be1d8e8f7400dbe3b416e4f91 -> 
  custom:scripting/monoscript/fileName/BulletScript.cs: 13477a3b0c98cca55096ea1dcfe934dc -> d888d721bde78eacda1c314a50a2cf74
  custom:CustomObjectIndexerAttribute: 232f87dd983dbecb2a4e21e08eb2cef8 -> 
  custom:container-demuxer-webm: 4f35f7cbe854078d1ac9338744f61a02 -> 
  custom:scripting/monoscript/fileName/ClipScript.cs: d454b9a64ca33d8936f1fee1d0b94333 -> a47e0092d1d896ccc176e69669d3233d
  custom:container-muxer-webm: aa71ff27fc2769a1b78a27578f13a17b -> 
  custom:video-decoder-webm-vp8: 9c59270c3fd7afecdb556c50c9e8de78 -> 
  custom:scripting/monoscript/fileName/MovementScript.cs: 0602eb1700489a3ab9cb01ec15ee773a -> 9a1daee93d0a505568922467e5a5e2e0
  custom:SearchIndexIgnoredProperties: e643bd26f0fe6173181afceb89e7c659 -> 
  custom:AudioImporter_EditorPlatform: 2f0ff77a95e0ac474e3e8eeba4e2f7cb -> 
  custom:video-encoder-webm-vp8: eb34c28f22e8b96e1ab97ce403110664 -> 
  custom:audio-decoder-ogg-vorbis: bf7c407c2cedff20999df2af8eb42d56 -> 
  custom:scripting/monoscript/fileName/Item.cs: c2b7fc65fe255f985743270ca947d8ec -> edfd25bbe8f561e55c7415f9c3adacfe
  custom:audio-encoder-webm-vorbis: bf7c407c2cedff20999df2af8eb42d56 -> 
  custom:scripting/precompiled-assembly-types:Assembly-CSharp: 41f1ee419d251e6e11edcae3f7ceedd4 -> 14f21d8c89919019ed129879e7927412
========================================================================
Received Prepare
Caller must complete domain reload
Begin MonoManager ReloadAssembly
- Loaded All Assemblies, in  0.496 seconds
Native extension for LinuxStandalone target not found
Native extension for WindowsStandalone target not found
Mono: successfully reloaded assembly
- Finished resetting the current domain, in  1.042 seconds
Domain Reload Profiling: 1538ms
	BeginReloadAssembly (160ms)
		ExecutionOrderSort (0ms)
		DisableScriptedObjects (6ms)
		BackupInstance (0ms)
		ReleaseScriptingObjects (0ms)
		CreateAndSetChildDomain (53ms)
	RebuildCommonClasses (52ms)
	RebuildNativeTypeToScriptingClass (13ms)
	initialDomainReloadingComplete (39ms)
	LoadAllAssembliesAndSetupDomain (231ms)
		LoadAssemblies (269ms)
		RebuildTransferFunctionScriptingTraits (0ms)
		AnalyzeDomain (29ms)
			TypeCache.Refresh (9ms)
				TypeCache.ScanAssembly (0ms)
			ScanForSourceGeneratedMonoScriptInfo (11ms)
			ResolveRequiredComponents (7ms)
	FinalizeReload (1042ms)
		ReleaseScriptCaches (0ms)
		RebuildScriptCaches (0ms)
		SetupLoadedEditorAssemblies (604ms)
			LogAssemblyErrors (0ms)
			InitializePlatformSupportModulesInManaged (64ms)
			SetLoadedEditorAssemblies (8ms)
			RefreshPlugins (0ms)
			BeforeProcessingInitializeOnLoad (106ms)
			ProcessInitializeOnLoadAttributes (381ms)
			ProcessInitializeOnLoadMethodAttributes (36ms)
			AfterProcessingInitializeOnLoad (8ms)
			EditorAssembliesLoaded (0ms)
		ExecutionOrderSort2 (0ms)
		AwakeInstancesAfterBackupRestoration (6ms)
Refreshing native plugins compatible for Editor in 1.12 ms, found 0 plugins.
Preloading 0 native plugins for Editor in 0.00 ms.
Unloading 3254 Unused Serialized files (Serialized files now loaded: 0)
Unloading 14 unused Assets / (28.7 KB). Loaded Objects now: 4160.
Memory consumption went from 134.8 MB to 134.8 MB.
Total: 3.732075 ms (FindLiveObjects: 0.297518 ms CreateObjectMapping: 0.252241 ms MarkObjects: 3.129039 ms  DeleteObjects: 0.051859 ms)

Prepare: number of updated asset objects reloaded= 0
AssetImportParameters requested are different than current active one (requested -> active):
  custom:container-demuxer-ogg: 62fdf1f143b41e24485cea50d1cbac27 -> 
  custom:scripting/monoscript/fileName/HandScript.cs: ab82d9b432b4ff3c2be587dcfc2ef88f -> f6d2d9607a041472806e778f6397f6ff
  custom:scripting/monoscript/fileName/GunScript.cs: 6a8d5652f919b70c5522b0348dc3dc24 -> adaec7589872e88b61019be0f1bdc549
  custom:video-decoder-ogg-theora: a1e56fd34408186e4bbccfd4996cb3dc -> 
  custom:scripting/monoscript/fileName/DoorScript.cs: 6b64305be1d8e8f7400dbe3b416e4f91 -> 
  custom:scripting/monoscript/fileName/BulletScript.cs: 13477a3b0c98cca55096ea1dcfe934dc -> d888d721bde78eacda1c314a50a2cf74
  custom:CustomObjectIndexerAttribute: 232f87dd983dbecb2a4e21e08eb2cef8 -> 
  custom:container-demuxer-webm: 4f35f7cbe854078d1ac9338744f61a02 -> 
  custom:scripting/monoscript/fileName/ClipScript.cs: d454b9a64ca33d8936f1fee1d0b94333 -> a47e0092d1d896ccc176e69669d3233d
  custom:container-muxer-webm: aa71ff27fc2769a1b78a27578f13a17b -> 
  custom:video-decoder-webm-vp8: 9c59270c3fd7afecdb556c50c9e8de78 -> 
  custom:scripting/monoscript/fileName/MovementScript.cs: 0602eb1700489a3ab9cb01ec15ee773a -> 9a1daee93d0a505568922467e5a5e2e0
  custom:SearchIndexIgnoredProperties: e643bd26f0fe6173181afceb89e7c659 -> 
  custom:AudioImporter_EditorPlatform: 2f0ff77a95e0ac474e3e8eeba4e2f7cb -> 
  custom:video-encoder-webm-vp8: eb34c28f22e8b96e1ab97ce403110664 -> 
  custom:audio-decoder-ogg-vorbis: bf7c407c2cedff20999df2af8eb42d56 -> 
  custom:scripting/monoscript/fileName/Item.cs: c2b7fc65fe255f985743270ca947d8ec -> edfd25bbe8f561e55c7415f9c3adacfe
  custom:audio-encoder-webm-vorbis: bf7c407c2cedff20999df2af8eb42d56 -> 
  custom:scripting/precompiled-assembly-types:Assembly-CSharp: 41f1ee419d251e6e11edcae3f7ceedd4 -> 14f21d8c89919019ed129879e7927412
========================================================================
Received Import Request.
  Time since last request: 1326.435479 seconds.
  path: Assets/Prefabs/Penetrator.prefab
  artifactKey: Guid(f9ea8778b63c653a8b2221995b3aaa5d) Importer(815301076,1909f56bfc062723c751e8b465ee728b)
Start importing Assets/Prefabs/Penetrator.prefab using Guid(f9ea8778b63c653a8b2221995b3aaa5d) Importer(815301076,1909f56bfc062723c751e8b465ee728b) [PhysX] Initialized MultithreadedTaskDispatcher with 8 workers.
[PhysX] Initialized MultithreadedTaskDispatcher with 8 workers.
 -> (artifact id: '950e5bc8a29565416ef2f99aba9db0ec') in 0.103490 seconds
Number of updated asset objects reloaded before import = 0
Number of asset objects unloaded after import = 46
========================================================================
Received Import Request.
  Time since last request: 0.000042 seconds.
  path: Assets/Prefabs/Penetrator Clip.prefab
  artifactKey: Guid(f65e2478a3478cf6f89b6468f7b7bd7b) Importer(815301076,1909f56bfc062723c751e8b465ee728b)
Start importing Assets/Prefabs/Penetrator Clip.prefab using Guid(f65e2478a3478cf6f89b6468f7b7bd7b) Importer(815301076,1909f56bfc062723c751e8b465ee728b) [PhysX] Initialized MultithreadedTaskDispatcher with 8 workers.
[PhysX] Initialized MultithreadedTaskDispatcher with 8 workers.
 -> (artifact id: '04553314005fc13485674baeacbe0b95') in 0.009978 seconds
Number of updated asset objects reloaded before import = 0
Number of asset objects unloaded after import = 48
========================================================================
Received Prepare
Caller must complete domain reload
Begin MonoManager ReloadAssembly
- Loaded All Assemblies, in  0.554 seconds
Native extension for LinuxStandalone target not found
Native extension for WindowsStandalone target not found
Mono: successfully reloaded assembly
- Finished resetting the current domain, in  0.998 seconds
Domain Reload Profiling: 1552ms
	BeginReloadAssembly (161ms)
		ExecutionOrderSort (0ms)
		DisableScriptedObjects (6ms)
		BackupInstance (0ms)
		ReleaseScriptingObjects (0ms)
		CreateAndSetChildDomain (53ms)
	RebuildCommonClasses (51ms)
	RebuildNativeTypeToScriptingClass (14ms)
	initialDomainReloadingComplete (40ms)
	LoadAllAssembliesAndSetupDomain (286ms)
		LoadAssemblies (313ms)
		RebuildTransferFunctionScriptingTraits (0ms)
		AnalyzeDomain (41ms)
			TypeCache.Refresh (13ms)
				TypeCache.ScanAssembly (0ms)
			ScanForSourceGeneratedMonoScriptInfo (15ms)
			ResolveRequiredComponents (11ms)
	FinalizeReload (999ms)
		ReleaseScriptCaches (0ms)
		RebuildScriptCaches (0ms)
		SetupLoadedEditorAssemblies (550ms)
			LogAssemblyErrors (0ms)
			InitializePlatformSupportModulesInManaged (53ms)
			SetLoadedEditorAssemblies (8ms)
			RefreshPlugins (0ms)
			BeforeProcessingInitializeOnLoad (84ms)
			ProcessInitializeOnLoadAttributes (350ms)
			ProcessInitializeOnLoadMethodAttributes (48ms)
			AfterProcessingInitializeOnLoad (7ms)
			EditorAssembliesLoaded (0ms)
		ExecutionOrderSort2 (0ms)
		AwakeInstancesAfterBackupRestoration (7ms)
Refreshing native plugins compatible for Editor in 1.10 ms, found 0 plugins.
Preloading 0 native plugins for Editor in 0.00 ms.
Unloading 3253 Unused Serialized files (Serialized files now loaded: 0)
Unloading 16 unused Assets / (29.7 KB). Loaded Objects now: 4164.
Memory consumption went from 134.6 MB to 134.5 MB.
Total: 5.801467 ms (FindLiveObjects: 0.374939 ms CreateObjectMapping: 0.246473 ms MarkObjects: 5.072453 ms  DeleteObjects: 0.093654 ms)

Prepare: number of updated asset objects reloaded= 0
AssetImportParameters requested are different than current active one (requested -> active):
  custom:container-demuxer-ogg: 62fdf1f143b41e24485cea50d1cbac27 -> 
  custom:scripting/monoscript/fileName/HandScript.cs: ab82d9b432b4ff3c2be587dcfc2ef88f -> f6d2d9607a041472806e778f6397f6ff
  custom:scripting/monoscript/fileName/GunScript.cs: 6a8d5652f919b70c5522b0348dc3dc24 -> adaec7589872e88b61019be0f1bdc549
  custom:video-decoder-ogg-theora: a1e56fd34408186e4bbccfd4996cb3dc -> 
  custom:scripting/monoscript/fileName/DoorScript.cs: 6b64305be1d8e8f7400dbe3b416e4f91 -> 
  custom:scripting/monoscript/fileName/BulletScript.cs: 13477a3b0c98cca55096ea1dcfe934dc -> d888d721bde78eacda1c314a50a2cf74
  custom:CustomObjectIndexerAttribute: 232f87dd983dbecb2a4e21e08eb2cef8 -> 
  custom:container-demuxer-webm: 4f35f7cbe854078d1ac9338744f61a02 -> 
  custom:scripting/monoscript/fileName/ClipScript.cs: d454b9a64ca33d8936f1fee1d0b94333 -> a47e0092d1d896ccc176e69669d3233d
  custom:container-muxer-webm: aa71ff27fc2769a1b78a27578f13a17b -> 
  custom:video-decoder-webm-vp8: 9c59270c3fd7afecdb556c50c9e8de78 -> 
  custom:scripting/monoscript/fileName/MovementScript.cs: 0602eb1700489a3ab9cb01ec15ee773a -> 9a1daee93d0a505568922467e5a5e2e0
  custom:SearchIndexIgnoredProperties: e643bd26f0fe6173181afceb89e7c659 -> 
  custom:AudioImporter_EditorPlatform: 2f0ff77a95e0ac474e3e8eeba4e2f7cb -> 
  custom:video-encoder-webm-vp8: eb34c28f22e8b96e1ab97ce403110664 -> 
  custom:audio-decoder-ogg-vorbis: bf7c407c2cedff20999df2af8eb42d56 -> 
  custom:scripting/monoscript/fileName/Item.cs: c2b7fc65fe255f985743270ca947d8ec -> edfd25bbe8f561e55c7415f9c3adacfe
  custom:audio-encoder-webm-vorbis: bf7c407c2cedff20999df2af8eb42d56 -> 
  custom:scripting/precompiled-assembly-types:Assembly-CSharp: 41f1ee419d251e6e11edcae3f7ceedd4 -> 14f21d8c89919019ed129879e7927412
========================================================================
Received Prepare
Caller must complete domain reload
Begin MonoManager ReloadAssembly
- Loaded All Assemblies, in  0.492 seconds
Native extension for LinuxStandalone target not found
Native extension for WindowsStandalone target not found
Mono: successfully reloaded assembly
- Finished resetting the current domain, in  1.165 seconds
Domain Reload Profiling: 1657ms
	BeginReloadAssembly (165ms)
		ExecutionOrderSort (0ms)
		DisableScriptedObjects (7ms)
		BackupInstance (0ms)
		ReleaseScriptingObjects (0ms)
		CreateAndSetChildDomain (53ms)
	RebuildCommonClasses (45ms)
	RebuildNativeTypeToScriptingClass (12ms)
	initialDomainReloadingComplete (37ms)
	LoadAllAssembliesAndSetupDomain (231ms)
		LoadAssemblies (272ms)
		RebuildTransferFunctionScriptingTraits (0ms)
		AnalyzeDomain (29ms)
			TypeCache.Refresh (9ms)
				TypeCache.ScanAssembly (0ms)
			ScanForSourceGeneratedMonoScriptInfo (10ms)
			ResolveRequiredComponents (9ms)
	FinalizeReload (1166ms)
		ReleaseScriptCaches (0ms)
		RebuildScriptCaches (0ms)
		SetupLoadedEditorAssemblies (697ms)
			LogAssemblyErrors (0ms)
			InitializePlatformSupportModulesInManaged (57ms)
			SetLoadedEditorAssemblies (12ms)
			RefreshPlugins (0ms)
			BeforeProcessingInitializeOnLoad (115ms)
			ProcessInitializeOnLoadAttributes (463ms)
			ProcessInitializeOnLoadMethodAttributes (44ms)
			AfterProcessingInitializeOnLoad (7ms)
			EditorAssembliesLoaded (0ms)
		ExecutionOrderSort2 (0ms)
		AwakeInstancesAfterBackupRestoration (6ms)
Refreshing native plugins compatible for Editor in 1.44 ms, found 0 plugins.
Preloading 0 native plugins for Editor in 0.00 ms.
Unloading 3254 Unused Serialized files (Serialized files now loaded: 0)
Unloading 14 unused Assets / (28.6 KB). Loaded Objects now: 4168.
Memory consumption went from 134.8 MB to 134.8 MB.
Total: 8.174041 ms (FindLiveObjects: 0.453464 ms CreateObjectMapping: 0.454556 ms MarkObjects: 7.089893 ms  DeleteObjects: 0.173791 ms)

Prepare: number of updated asset objects reloaded= 0
AssetImportParameters requested are different than current active one (requested -> active):
  custom:container-demuxer-ogg: 62fdf1f143b41e24485cea50d1cbac27 -> 
  custom:scripting/monoscript/fileName/HandScript.cs: ab82d9b432b4ff3c2be587dcfc2ef88f -> f6d2d9607a041472806e778f6397f6ff
  custom:scripting/monoscript/fileName/GunScript.cs: 6a8d5652f919b70c5522b0348dc3dc24 -> adaec7589872e88b61019be0f1bdc549
  custom:video-decoder-ogg-theora: a1e56fd34408186e4bbccfd4996cb3dc -> 
  custom:scripting/monoscript/fileName/DoorScript.cs: 6b64305be1d8e8f7400dbe3b416e4f91 -> 
  custom:scripting/monoscript/fileName/BulletScript.cs: 13477a3b0c98cca55096ea1dcfe934dc -> d888d721bde78eacda1c314a50a2cf74
  custom:CustomObjectIndexerAttribute: 232f87dd983dbecb2a4e21e08eb2cef8 -> 
  custom:container-demuxer-webm: 4f35f7cbe854078d1ac9338744f61a02 -> 
  custom:scripting/monoscript/fileName/ClipScript.cs: d454b9a64ca33d8936f1fee1d0b94333 -> a47e0092d1d896ccc176e69669d3233d
  custom:container-muxer-webm: aa71ff27fc2769a1b78a27578f13a17b -> 
  custom:video-decoder-webm-vp8: 9c59270c3fd7afecdb556c50c9e8de78 -> 
  custom:scripting/monoscript/fileName/MovementScript.cs: 0602eb1700489a3ab9cb01ec15ee773a -> 9a1daee93d0a505568922467e5a5e2e0
  custom:SearchIndexIgnoredProperties: e643bd26f0fe6173181afceb89e7c659 -> 
  custom:AudioImporter_EditorPlatform: 2f0ff77a95e0ac474e3e8eeba4e2f7cb -> 
  custom:video-encoder-webm-vp8: eb34c28f22e8b96e1ab97ce403110664 -> 
  custom:audio-decoder-ogg-vorbis: bf7c407c2cedff20999df2af8eb42d56 -> 
  custom:scripting/monoscript/fileName/Item.cs: c2b7fc65fe255f985743270ca947d8ec -> edfd25bbe8f561e55c7415f9c3adacfe
  custom:audio-encoder-webm-vorbis: bf7c407c2cedff20999df2af8eb42d56 -> 
  custom:scripting/precompiled-assembly-types:Assembly-CSharp: 41f1ee419d251e6e11edcae3f7ceedd4 -> 14f21d8c89919019ed129879e7927412
